Title,Platform,Release_Date,Metascore,User_Score,Critic_Review_Count,User_Review_Count,Publisher,Genre,Rating,URL
The House in Fata Morgana - Dreams of the Revenants Edition -,"PlayStation 4, Nintendo Switch",09/04/2021,96,7,10,678,"Limited Run Games, dramatic create, HuneX",Visual Novel,M,https://www.metacritic.com/game/the-house-in-fata-morgana-dreams-of-the-revenants/
Forza Horizon 5,"Xbox Series X, PC, Xbox One, PlayStation 5",05/11/2021,92,8.2,110,5548,Xbox Game Studios,Auto Racing Sim,E,https://www.metacritic.com/game/forza-horizon-5/
Final Fantasy XIV: Endwalker,"PC, PlayStation 4, PlayStation 5",07/12/2021,92,9,30,1724,Square Enix,MMORPG,T,https://www.metacritic.com/game/final-fantasy-xiv-endwalker/
Chicory: A Colorful Tale,"PC, PlayStation 5, PlayStation 4, Nintendo Switch, Xbox Series X, Xbox One",10/06/2021,90,7.7,26,136,Finji,Adventure,Not Rated,https://www.metacritic.com/game/chicory-a-colorful-tale/
Super Mario 3D World + Bowser's Fury,Nintendo Switch,12/02/2021,89,8.6,129,1548,Nintendo,3D Platformer,E,https://www.metacritic.com/game/super-mario-3d-world-plus-bowsers-fury/
Final Fantasy VII Remake Intergrade,"PlayStation 5, PC, Nintendo Switch 2, Xbox Series X, Xbox One",10/06/2021,89,8.4,56,2299,Square Enix,Action RPG,T,https://www.metacritic.com/game/final-fantasy-vii-remake-intergrade/
Synth Riders,"PC, PlayStation 4, PlayStation 5, Meta Quest, Nintendo Switch",27/07/2021,89,6.7,8,25,"Kluge Interactive, Koch Media",Exercise,T,https://www.metacritic.com/game/synth-riders/
Disco Elysium: The Final Cut,"PC, PlayStation 5, PlayStation 4, iOS (iPhone/iPad), Xbox Series X, Nintendo Switch, Xbox One",30/03/2021,89,8.4,31,1706,"ZA/UM, iam8bit, Spike Chunsoft",Western RPG,M,https://www.metacritic.com/game/disco-elysium-the-final-cut/
Streets of Rage 4: Mr. X Nightmare,"PC, Nintendo Switch, PlayStation 4, Xbox One",15/07/2021,88,8,11,46,DotEmu,2D Beat-'Em-Up,Not Rated,https://www.metacritic.com/game/streets-of-rage-4-mr-x-nightmare/
It Takes Two,"PlayStation 4, PC, Xbox One, PlayStation 5, Xbox Series X, Nintendo Switch",26/03/2021,88,8.9,51,2830,Electronic Arts,Linear Action Adventure,T,https://www.metacritic.com/game/it-takes-two/
Ratchet & Clank: Rift Apart,"PlayStation 5, PC",11/06/2021,88,8.5,136,3935,"PlayStation Studios, Sony Interactive Entertainment",3D Platformer,E10+,https://www.metacritic.com/game/ratchet-and-clank-rift-apart/
Deathloop,"PC, PlayStation 5, Xbox Series X",14/09/2021,88,6.8,116,2019,Bethesda Softworks,FPS,M,https://www.metacritic.com/game/deathloop/
Metroid Dread,Nintendo Switch,08/10/2021,88,8.8,133,3369,Nintendo,Metroidvania,T,https://www.metacritic.com/game/metroid-dread/
Monster Hunter Rise,"Nintendo Switch, PC, Xbox Series X, PlayStation 5, PlayStation 4, Xbox One",26/03/2021,88,8.4,130,1212,Capcom,Action RPG,T,https://www.metacritic.com/game/monster-hunter-rise/
Hitman 3,"PlayStation 5, Xbox Series X, Xbox One, PlayStation 4, PC, Nintendo Switch",20/01/2021,87,7.9,66,1207,Io Interactive,Action Adventure,M,https://www.metacritic.com/game/hitman-3/
Ghost of Tsushima: Director's Cut,"PlayStation 5, PlayStation 4, PC",20/08/2021,87,8.4,79,5180,"PlayStation Studios, Sony Interactive Entertainment",Open-World Action,M,https://www.metacritic.com/game/ghost-of-tsushima-directors-cut/
The Nioh Collection,"PlayStation 5, PlayStation 4",05/02/2021,87,8.1,37,172,"Sony Interactive Entertainment, Koei Tecmo Games",Compilation,M,https://www.metacritic.com/game/the-nioh-collection/
Guilty Gear -Strive-,"PlayStation 4, PlayStation 5, PC, Xbox Series X, Xbox One",08/06/2021,87,7.9,56,240,"Arc System Works, Bandai Namco Games",2D Fighting,T,https://www.metacritic.com/game/guilty-gear-strive-/
Kathy Rain: Director's Cut,"PC, Nintendo Switch, iOS (iPhone/iPad)",26/10/2021,87,7,7,13,Raw Fury,Point-and-Click,Not Rated,https://www.metacritic.com/game/kathy-rain-directors-cut/
Mini Motorways,"PC, iOS (iPhone/iPad), Nintendo Switch",20/07/2021,87,7.5,21,95,Dinosaur Polo Club,Management,Not Rated,https://www.metacritic.com/game/mini-motorways/
Psychonauts 2,"PC, PlayStation 4, Xbox One, Xbox Series X",25/08/2021,87,8.1,72,1917,"Xbox Game Studios, iam8bit, Double Fine Productions",3D Platformer,T,https://www.metacritic.com/game/psychonauts-2/
Mass Effect Legendary Edition,"PlayStation 4, Xbox One, PC, Xbox Series X",14/05/2021,87,7.7,47,1556,Electronic Arts,Compilation,M,https://www.metacritic.com/game/mass-effect-legendary-edition/
Tales of Arise,"Xbox One, PC, PlayStation 4, PlayStation 5, Xbox Series X",10/09/2021,87,8.2,78,1099,Bandai Namco Games,Action RPG,T,https://www.metacritic.com/game/tales-of-arise/
There is no game : Wrong dimension,"iOS (iPhone/iPad), PC, Nintendo Switch",14/04/2021,87,7.8,10,94,"Draw Me A Pixel, Limited Run Games",Point-and-Click,E10+,https://www.metacritic.com/game/there-is-no-game-wrong-dimension/
Halo Infinite,"Xbox One, PC, Xbox Series X",15/11/2021,87,7.9,110,6295,Xbox Game Studios,FPS,T,https://www.metacritic.com/game/halo-infinite/
Bustafellows,"Nintendo Switch, iOS (iPhone/iPad), PC",30/07/2021,86,6.5,7,30,"PQube, eXtend, Game Source Entertainment",Visual Novel,M,https://www.metacritic.com/game/bustafellows/
The Great Ace Attorney Chronicles,"3DS, PC, Nintendo Switch, PlayStation 4",27/07/2021,86,8.8,51,275,Capcom,Compilation,T,https://www.metacritic.com/game/the-great-ace-attorney-chronicles/
Overboard!,"PC, Nintendo Switch, iOS (iPhone/iPad)",02/06/2021,86,7.5,16,25,inkle,Adventure,T,https://www.metacritic.com/game/overboard-2021/
Nioh 2: The Complete Edition,"PlayStation 4, PC",05/02/2021,86,7.5,28,332,Koei Tecmo Games,Action RPG,M,https://www.metacritic.com/game/nioh-2-the-complete-edition/
Wildermyth,PC,15/06/2021,86,7.6,26,109,Worldwalker Games,Turn-Based Tactics,Not Rated,https://www.metacritic.com/game/wildermyth/
Returnal,"PlayStation 5, PC",30/04/2021,86,7.4,126,4473,"PlayStation Studios, Sony Interactive Entertainment",Third Person Shooter,T,https://www.metacritic.com/game/returnal/
Sumire,"Nintendo Switch, PC, iOS (iPhone/iPad)",27/05/2021,86,7.4,17,16,GameTomo,Adventure,Not Rated,https://www.metacritic.com/game/sumire/
ENDER LILIES: Quietus of the Knights,"PC, PlayStation 4, Nintendo Switch, Xbox Series X, Xbox One, PlayStation 5",22/06/2021,86,8.2,28,370,Binary Haze Interactive,Metroidvania,T,https://www.metacritic.com/game/ender-lilies-quietus-of-the-knights/
Inscryption,"PC, PlayStation 5, PlayStation 4, Nintendo Switch, Xbox Series X, Xbox One",19/10/2021,85,8.5,54,949,Devolver Digital,Card Battle,Not Rated,https://www.metacritic.com/game/inscryption/
Control: Ultimate Edition,"PlayStation 5, Xbox Series X, PC, PlayStation 4, Xbox One, Nintendo Switch",02/02/2021,85,7.8,31,1012,"505 Games, Marvelous Inc., Marvelous Entertainment",Action Adventure,M,https://www.metacritic.com/game/control-ultimate-edition/
The Forgotten City,"PC, Xbox One, PlayStation 4, Nintendo Switch, PlayStation 5, Xbox Series X",28/07/2021,85,8.1,38,293,"Dear Villagers, Plug In Digital",Action Adventure,T,https://www.metacritic.com/game/the-forgotten-city/
Football Manager 2022,"PC, Xbox One, Xbox Series X, iOS (iPhone/iPad), Nintendo Switch",09/11/2021,85,7.3,42,109,"Sega Europe, Sega",Soccer Management,E,https://www.metacritic.com/game/football-manager-2022/
Death's Door,"Xbox Series X, Xbox One, PC, PlayStation 5, PlayStation 4, Nintendo Switch",20/07/2021,85,8.1,61,544,Devolver Digital,Action Adventure,Not Rated,https://www.metacritic.com/game/deaths-door/
Doki Doki Literature Club Plus!,"PlayStation 4, PC, Nintendo Switch, Xbox One, PlayStation 5, Xbox Series X",30/06/2021,85,8,15,427,"Serenity Forge, Playism",Visual Novel,M,https://www.metacritic.com/game/doki-doki-literature-club-plus/
Death Stranding: Director's Cut,"PlayStation 5, PC, iOS (iPhone/iPad), Xbox Series X",24/09/2021,85,8.1,75,2242,"Sony Interactive Entertainment, PlayStation Studios",Open-World Action,M,https://www.metacritic.com/game/death-stranding-directors-cut/
Shin Megami Tensei V,Nintendo Switch,12/11/2021,84,8.4,103,734,"Atlus, Nintendo, Sega",JRPG,M,https://www.metacritic.com/game/shin-megami-tensei-v/
F1 2021,"PlayStation 5, Xbox Series X, PlayStation 4, Xbox One, PC",15/07/2021,84,6.7,32,157,Electronic Arts,Auto Racing Sim,E,https://www.metacritic.com/game/f1-2021/
Shovel Knight Pocket Dungeon,"Nintendo Switch, PlayStation 4, PC",13/12/2021,84,6.5,18,14,Yacht Club Games,Action Puzzle,Not Rated,https://www.metacritic.com/game/shovel-knight-pocket-dungeon/
Mushihimesama,"iOS (iPhone/iPad), PlayStation 2, Xbox 360, PC, Nintendo Switch",15/06/2021,84,7.6,13,12,"Live Wire, Limited Run Games, SUPERDELUXE GAMES, Clear River Games",Vertical Shoot-'Em-Up,E10+,https://www.metacritic.com/game/mushihimesama/
Griftlands,"PC, PlayStation 4, Xbox One, Nintendo Switch",01/06/2021,84,7.3,10,70,Klei Entertainment,Card Battle,Not Rated,https://www.metacritic.com/game/griftlands/
Fuga: Melodies of Steel,"Nintendo Switch, PlayStation 4, PC, Xbox One, Xbox Series X, PlayStation 5",29/07/2021,84,7.5,15,54,CyberConnect2,JRPG,T,https://www.metacritic.com/game/fuga-melodies-of-steel/
ElecHead,"PC, Nintendo Switch, Xbox One",14/10/2021,84,8,8,10,NamaTakahashi,2D Platformer,Not Rated,https://www.metacritic.com/game/elechead/
Resident Evil Village,"PlayStation 5, Xbox Series X, PC, Xbox One, PlayStation 4, iOS (iPhone/iPad), Nintendo Switch",07/05/2021,84,8.4,119,4117,Capcom,Survival,M,https://www.metacritic.com/game/resident-evil-village/
The Darkside Detective: A Fumble in the Dark,"PC, Nintendo Switch, PlayStation 5, Xbox One, PlayStation 4, iOS (iPhone/iPad)",15/04/2021,84,7.8,8,21,Akupara Games,Point-and-Click,Not Rated,https://www.metacritic.com/game/the-darkside-detective-a-fumble-in-the-dark/
Unsighted,"PC, Nintendo Switch, PlayStation 4, Xbox One",30/09/2021,84,7.7,12,88,Humble Games,Action RPG,T,https://www.metacritic.com/game/unsighted/
Ghost of Tsushima: Iki Island,"PlayStation 5, PlayStation 4",20/08/2021,84,8.4,10,668,PlayStation Studios,Open-World Action,Not Rated,https://www.metacritic.com/game/ghost-of-tsushima-iki-island/
Castlevania Advance Collection,"PC, Nintendo Switch, Xbox One, PlayStation 4",23/09/2021,83,8.6,17,52,"Konami, Limited Run Games",Compilation,T,https://www.metacritic.com/game/castlevania-advance-collection/
Persona 5 Strikers,"Nintendo Switch, PlayStation 4, PC",19/02/2021,83,7.7,77,677,"Sega, Atlus",Action RPG,M,https://www.metacritic.com/game/persona-5-strikers/
Final Fantasy IV Pixel Remaster,"PC, iOS (iPhone/iPad), Nintendo Switch, PlayStation 4, Xbox Series X",08/09/2021,83,7.9,9,61,Square Enix,JRPG,E10+,https://www.metacritic.com/game/final-fantasy-iv-pixel-remaster/
Metro Exodus: Enhanced Edition,"Xbox Series X, PlayStation 5, Xbox One, PC",18/06/2021,83,8.1,11,596,"Deep Silver, Spike Chunsoft",FPS,M,https://www.metacritic.com/game/metro-exodus-enhanced-edition/
I Expect You To Die 2: The Spy And The Liar,"PC, PlayStation 4, Meta Quest",24/08/2021,83,8.1,13,19,Schell Games,First-Person Adventure,Not Rated,https://www.metacritic.com/game/i-expect-you-to-die-2-the-spy-and-the-liar/
NieR Replicant ver.1.22474487139...,"PlayStation 4, PC, Xbox One, Xbox Series X",22/04/2021,83,8.3,97,913,Square Enix,Action RPG,M,https://www.metacritic.com/game/nier-replicant-ver122474487139/
Danganronpa Decadence,Nintendo Switch,03/12/2021,83,8.4,19,50,"Spike Chunsoft, Numskull Games",Compilation,M,https://www.metacritic.com/game/danganronpa-decadence/
Unpacking,"PC, Nintendo Switch, Xbox One, PlayStation 5, PlayStation 4, iOS (iPhone/iPad)",02/11/2021,83,7.5,28,308,Witch Beam,Puzzle,Not Rated,https://www.metacritic.com/game/unpacking/
The Riftbreaker,"PlayStation 4, Xbox One, PC, PlayStation 5, Xbox Series X",14/10/2021,83,8.1,9,86,Maximum Games,Action RPG,T,https://www.metacritic.com/game/the-riftbreaker/
Cupid Parasite,Nintendo Switch,02/11/2021,83,5.9,7,22,"Idea Factory, Otomate",Visual Novel,T,https://www.metacritic.com/game/cupid-parasite/
Sunlight,PC,14/01/2021,83,4.5,7,14,Krillbite Studio,First-Person Adventure,Not Rated,https://www.metacritic.com/game/sunlight/
UnderMine,"PC, Xbox One, Nintendo Switch, PlayStation 4",11/02/2021,83,6.8,9,26,"Fandom, Limited Run Games, Thorium Entertainment",Action Adventure,E10+,https://www.metacritic.com/game/undermine/
Shadow Tactics: Blades of the Shogun - Aiko's Choice,"PC, PlayStation 5, Xbox Series X",06/12/2021,83,8,15,60,Daedalic Entertainment,Real-Time Tactics,Not Rated,https://www.metacritic.com/game/shadow-tactics-blades-of-the-shogun-aikos-choice/
Pathfinder: Wrath of the Righteous,"PC, PlayStation 4, Xbox One, PlayStation 5, Nintendo Switch",02/09/2021,83,7.7,34,522,Owlcat Games,Western RPG,Not Rated,https://www.metacritic.com/game/pathfinder-wrath-of-the-righteous/
Atelier Mysterious Trilogy Deluxe Pack,"PC, PlayStation 4, Nintendo Switch",22/04/2021,82,7.1,14,12,Koei Tecmo Games,Compilation,T,https://www.metacritic.com/game/atelier-mysterious-trilogy-deluxe-pack/
Chivalry 2,"PC, PlayStation 4, Xbox One, Xbox Series X, PlayStation 5",08/06/2021,82,5.7,40,353,"Tripwire Interactive, Tripwire Presents",3D Beat-'Em-Up,M,https://www.metacritic.com/game/chivalry-2/
Lost Judgment,"PlayStation 5, Xbox Series X, PlayStation 4, Xbox One, PC",21/09/2021,82,8.5,83,412,Sega,Open-World Action,M,https://www.metacritic.com/game/lost-judgment/
Tadpole Treble Encore,Nintendo Switch,21/01/2021,82,6.7,15,7,"BitFinity, Premium Edition Games",Rhythm,E,https://www.metacritic.com/game/tadpole-treble-encore/
Dreamscaper,"PC, Nintendo Switch, Xbox One, Xbox Series X",05/08/2021,82,6.5,12,25,"Afterburner Studios, Limited Run Games, Freedom Games",Action RPG,E10+,https://www.metacritic.com/game/dreamscaper/
Shadowverse: Champion's Battle,Nintendo Switch,10/08/2021,82,8,18,35,"XSEED Games, Cygames, Marvelous Europe, Sega",Card Battle,T,https://www.metacritic.com/game/shadowverse-champions-battle/
Eastward,"PC, Nintendo Switch, Xbox Series X, Xbox One",16/09/2021,82,7,38,163,Chucklefish,RPG,T,https://www.metacritic.com/game/eastward/
The Life and Suffering of Sir Brante,"PC, PlayStation 4, Xbox One",04/03/2021,82,8.3,15,168,101XP,Text Adventure,Not Rated,https://www.metacritic.com/game/the-life-and-suffering-of-sir-brante/
Subnautica: Below Zero,"PC, Nintendo Switch, PlayStation 5, Xbox Series X, Xbox One, PlayStation 4",14/05/2021,82,7.1,30,457,Bandai Namco Games,Sandbox,E10+,https://www.metacritic.com/game/subnautica-below-zero/
The Ramp,"PC, Nintendo Switch",03/08/2021,82,5.8,8,6,Hyperparadise,Skating,Not Rated,https://www.metacritic.com/game/the-ramp/
The Vale: Shadow of the Crown,"PC, Xbox One, Nintendo Switch, PlayStation 4",19/08/2021,82,7.3,10,14,Falling Squirrel,Action Adventure,Not Rated,https://www.metacritic.com/game/the-vale-shadow-of-the-crown/
Astalon: Tears of the Earth,"Nintendo Switch, PlayStation 4, Xbox One, PC",03/06/2021,82,6.7,10,32,"DANGEN Entertainment, Limited Run Games",Metroidvania,T,https://www.metacritic.com/game/astalon-tears-of-the-earth/
Outer Wilds: Echoes of the Eye,"PC, Nintendo Switch, Xbox One, PlayStation 4",28/09/2021,82,8.9,11,200,Annapurna Interactive,Open-World Action,Not Rated,https://www.metacritic.com/game/outer-wilds-echoes-of-the-eye/
Archvale,"Nintendo Switch, PC, Xbox One",02/12/2021,82,7.4,8,35,Humble Games,Top-Down Shoot-'Em-Up,Not Rated,https://www.metacritic.com/game/archvale/
Animal Crossing: New Horizons - Happy Home Paradise,Nintendo Switch,05/11/2021,82,7.9,21,60,Nintendo,Virtual Life,Not Rated,https://www.metacritic.com/game/animal-crossing-new-horizons-happy-home-paradise/
Little Nightmares II,"Nintendo Switch, PlayStation 4, PC, Xbox One, PlayStation 5, Xbox Series X",11/02/2021,82,8.3,70,1013,Bandai Namco Games,Linear Action Adventure,T,https://www.metacritic.com/game/little-nightmares-ii/
Final Fantasy V Pixel Remaster,"PC, iOS (iPhone/iPad), Nintendo Switch, PlayStation 4, Xbox Series X",10/11/2021,82,7.2,14,55,Square Enix,JRPG,Not Rated,https://www.metacritic.com/game/final-fantasy-v-pixel-remaster/
Tainted Grail: Conquest,"PC, Xbox One, Xbox Series X",27/05/2021,82,7.3,10,38,Awaken Realms,Card Battle,Not Rated,https://www.metacritic.com/game/tainted-grail-conquest/
SOLAS 128,"PC, Nintendo Switch",25/01/2021,82,,9,0,Armor Games,Puzzle,E,https://www.metacritic.com/game/solas-128/
UnMetal,"PC, PlayStation Vita, Nintendo Switch, PlayStation 4, Xbox One",28/09/2021,82,8.3,7,53,"@unepic_fran, Versus Evil",Action Adventure,Not Rated,https://www.metacritic.com/game/unmetal/
Gnosia,"PlayStation Vita, Nintendo Switch, PC, Xbox Series X, Xbox One, PlayStation 5, PlayStation 4",04/03/2021,82,8.2,41,69,"Playism, Petit Depotto, Happinet",Visual Novel,T,https://www.metacritic.com/game/gnosia/
Loop Hero,"PC, Nintendo Switch, Xbox One, Xbox Series X, iOS (iPhone/iPad)",04/03/2021,82,7.6,63,299,Devolver Digital,RPG,Not Rated,https://www.metacritic.com/game/loop-hero/
Cyber Shadow,"Nintendo Switch, PC, PlayStation 4, Xbox One, PlayStation 5",26/01/2021,82,7.1,19,82,Yacht Club Games,2D Platformer,E10+,https://www.metacritic.com/game/cyber-shadow/
Umurangi Generation,"PC, Nintendo Switch, PlayStation 5, PlayStation 4, Xbox One",05/06/2021,81,6.5,14,11,"Playism, Serenity Forge, ORIGAME DIGITAL",First-Person Adventure,M,https://www.metacritic.com/game/umurangi-generation/
Final Fantasy VII Remake Intergrade: Episode INTERmission,PlayStation 5,10/06/2021,81,8.2,25,206,Square Enix,Action RPG,T,https://www.metacritic.com/game/final-fantasy-vii-remake-intergrade-episode/
Star Wars Pinball VR,"PC, PlayStation 4, Meta Quest",29/04/2021,81,7,12,5,Zen Studios,Pinball,Not Rated,https://www.metacritic.com/game/star-wars-pinball-vr/
GRIME,"PC, Xbox One, PlayStation 4, Xbox Series X, PlayStation 5, Nintendo Switch",02/08/2021,81,7.6,27,153,Akupara Games,Metroidvania,Not Rated,https://www.metacritic.com/game/grime/
Quake Remastered,"PC, PlayStation 5, Xbox Series X, Nintendo Switch, PlayStation 4, Xbox One",19/08/2021,81,8.2,8,73,Bethesda Softworks,FPS,Not Rated,https://www.metacritic.com/game/quake-remastered/
Rainbow Billy: The Curse of the Leviathan,"PC, Nintendo Switch, Xbox One, PlayStation 4",05/10/2021,81,6.9,8,15,Skybound Games,Action Adventure,Not Rated,https://www.metacritic.com/game/rainbow-billy-the-curse-of-the-leviathan/
The Kids We Were,"iOS (iPhone/iPad), Nintendo Switch, PC",02/12/2021,81,,9,0,"GAGEX Co.,Ltd.",Adventure,E,https://www.metacritic.com/game/the-kids-we-were/
Tails of Iron,"Xbox Series X, PC, Nintendo Switch, Xbox One, PlayStation 5, PlayStation 4",17/09/2021,81,7.6,13,152,United Label,Action RPG,T,https://www.metacritic.com/game/tails-of-iron/
Cotton Reboot!,"PC, PlayStation 4, Nintendo Switch",20/07/2021,81,7.3,11,16,"ININ Games, BEEP Shop, Strictly Limited Games",Horizontal Shoot-'Em-Up,E10+,https://www.metacritic.com/game/cotton-reboot/
Trials of Fire,"PC, Nintendo Switch",09/04/2021,81,6.5,17,17,Whatboy Games,Turn-Based Tactics,Not Rated,https://www.metacritic.com/game/trials-of-fire/
Everhood,"PC, Nintendo Switch",04/03/2021,81,7.6,15,68,"Surefire.Games, Foreign Gnomes",RPG,E10+,https://www.metacritic.com/game/everhood/
Fly Together!,Nintendo Switch,29/04/2021,81,,8,4,Northplay ApS,Tycoon,Not Rated,https://www.metacritic.com/game/fly-together/
Boomerang X,"PC, Nintendo Switch",08/07/2021,81,6.8,25,26,"DANG!, Devolver Digital",FPS,Not Rated,https://www.metacritic.com/game/boomerang-x/
Life is Strange: True Colors,"PC, PlayStation 5, Xbox Series X, Xbox One, PlayStation 4, Nintendo Switch",10/09/2021,81,6.9,71,689,Square Enix,Third-Person Adventure,M,https://www.metacritic.com/game/life-is-strange-true-colors/
Silicon Dreams,PC,20/04/2021,81,5.8,7,4,Clockwork Bird,First-Person Adventure,Not Rated,https://www.metacritic.com/game/silicon-dreams/
Okinawa Rush,"Nintendo Switch, Xbox One, PlayStation 4, PC",28/10/2021,81,7.2,9,10,"Pixelheart, VGNYsoft, No Gravity Games",2D Beat-'Em-Up,T,https://www.metacritic.com/game/okinawa-rush/
Dungeon Encounters,"PC, Nintendo Switch, PlayStation 4",14/10/2021,81,5.9,14,23,Square Enix,JRPG,E10+,https://www.metacritic.com/game/dungeon-encounters/
Happy Game,"Nintendo Switch, PC, iOS (iPhone/iPad)",28/10/2021,81,7.6,13,40,Amanita Design,Adventure,Not Rated,https://www.metacritic.com/game/happy-game/
The Legend of Tianding,"Nintendo Switch, PC, PlayStation 5, iOS (iPhone/iPad), PlayStation 4, Xbox Series X, Xbox One",01/11/2021,81,7.4,10,39,"Creative Games Computer Graphics Corporation, Neon Doctrine",2D Beat-'Em-Up,Not Rated,https://www.metacritic.com/game/the-legend-of-tianding/
The Legend of Zelda: Skyward Sword HD,Nintendo Switch,16/07/2021,81,7.6,111,1020,Nintendo,Open-World Action,E10+,https://www.metacritic.com/game/the-legend-of-zelda-skyward-sword-hd/
Littlewood,"PC, Nintendo Switch",25/02/2021,81,7.7,12,29,"SmashGames, Super Rare Games",Adventure,E,https://www.metacritic.com/game/littlewood/
Monster Hunter Stories 2: Wings of Ruin,"Nintendo Switch, PC, PlayStation 4, Xbox One, Xbox Series X",09/07/2021,81,8.2,90,211,Capcom,JRPG,E10+,https://www.metacritic.com/game/monster-hunter-stories-2-wings-of-ruin/
Exo One,"PC, Xbox One, Xbox Series X, PlayStation 5, PlayStation 4",18/11/2021,81,7.1,19,61,Future Friends Games,Space Sim,Not Rated,https://www.metacritic.com/game/exo-one/
Ni no Kuni II: Revenant Kingdom - Prince's Edition,"Nintendo Switch, PC, Xbox One",17/09/2021,81,7.6,40,72,"Bandai Namco Games, Level 5",JRPG,T,https://www.metacritic.com/game/ni-no-kuni-ii-revenant-kingdom-princes-edition/
Age of Empires IV,PC,28/10/2021,81,7.7,90,569,Xbox Game Studios,Command RTS,T,https://www.metacritic.com/game/age-of-empires-iv/
Winds of Change,"PC, Nintendo Switch",03/06/2021,81,8.3,7,20,Crunching Koalas,Visual Novel,Not Rated,https://www.metacritic.com/game/winds-of-change/
Atelier Ryza 2: Lost Legends & the Secret Fairy,"Nintendo Switch, PC, PlayStation 4, PlayStation 5",26/01/2021,81,7.6,29,75,Koei Tecmo Games,JRPG,T,https://www.metacritic.com/game/atelier-ryza-2-lost-legends-and-the-secret-fairy/
Kena: Bridge of Spirits,"PlayStation 5, PC, PlayStation 4, Xbox One, Xbox Series X",21/09/2021,81,8.2,86,1732,"Emberlab, Maximum Games, H2 Interactive Co., Ltd.",Action Adventure,T,https://www.metacritic.com/game/kena-bridge-of-spirits/
Old World,PC,01/07/2021,80,7.3,9,92,"Mohawk Games, Hooded Horse",4X Strategy,Not Rated,https://www.metacritic.com/game/old-world/
Dark Deity,"PC, Nintendo Switch",15/06/2021,80,5.8,13,34,Freedom Games,JRPG,Not Rated,https://www.metacritic.com/game/dark-deity/
The Sims 4: Cottage Living,"PC, Xbox One, PlayStation 4",22/07/2021,80,6.6,15,13,Electronic Arts,Virtual Life,T,https://www.metacritic.com/game/the-sims-4-cottage-living/
Skul: The Hero Slayer,"PC, Xbox One, Nintendo Switch, PlayStation 4, iOS (iPhone/iPad)",21/01/2021,80,6.9,23,146,Neowiz,2D Platformer,T,https://www.metacritic.com/game/skul-the-hero-slayer/
The Artful Escape,"PC, Xbox One, iOS (iPhone/iPad), Xbox Series X, PlayStation 5, PlayStation 4, Nintendo Switch",09/09/2021,80,7.5,36,136,Annapurna Interactive,Adventure,E10+,https://www.metacritic.com/game/the-artful-escape/
F.I.S.T.: Forged In Shadow Torch,"PlayStation 4, PC, PlayStation 5, Nintendo Switch, Xbox Series X",07/09/2021,80,7.6,35,218,"bilibili, Microids, Game Source Entertainment, Shanghai Hode Information Technology Co.,Ltd.",Metroidvania,E10+,https://www.metacritic.com/game/fist-forged-in-shadow-torch/
Ys IX: Monstrum Nox,"PlayStation 4, Nintendo Switch, PC, PlayStation 5",02/02/2021,80,7.8,48,149,"NIS America, Falcom, Konami, Clouded Leopard Entertainment",Action RPG,T,https://www.metacritic.com/game/ys-ix-monstrum-nox/
Marvel's Guardians of the Galaxy,"PlayStation 5, PlayStation 4, PC, Xbox Series X, Xbox One, Nintendo Switch",26/10/2021,80,8.4,105,2468,Square Enix,Linear Action Adventure,T,https://www.metacritic.com/game/marvels-guardians-of-the-galaxy/
Impostor Factory,PC,30/09/2021,80,7.9,14,74,Freebird Games,Adventure,Not Rated,https://www.metacritic.com/game/impostor-factory/
Saviors of Sapphire Wings & Stranger of Sword City Revisited,"PC, Nintendo Switch",16/03/2021,80,6.4,14,8,NIS America,Compilation,T,https://www.metacritic.com/game/saviors-of-sapphire-wings-and-stranger-of-sword/
Dandy Ace,"PC, Nintendo Switch, PlayStation 4, Xbox One",25/03/2021,80,7.2,12,25,Neowiz,Action RPG,Not Rated,https://www.metacritic.com/game/dandy-ace/
A Little Golf Journey,"Nintendo Switch, PC",14/10/2021,80,6,12,5,"Playtonic Friends, Playtonic Games",Golf,E,https://www.metacritic.com/game/a-little-golf-journey/
NEO: The World Ends with You,"Nintendo Switch, PlayStation 4, PC",27/07/2021,80,7.9,60,175,Square Enix,Action RPG,T,https://www.metacritic.com/game/neo-the-world-ends-with-you/
Ruined King: A League of Legends Story,"PC, PlayStation 4, Xbox One, Nintendo Switch, PlayStation 5, Xbox Series X",16/11/2021,80,7.5,29,169,Riot Forge,RPG,T,https://www.metacritic.com/game/ruined-king-a-league-of-legends-story/
Blaster Master Zero III,"Nintendo Switch, PlayStation 4, PC, Xbox One",29/07/2021,80,7.6,10,14,"Inti Creates, Limited Run Games",Action Adventure,E10+,https://www.metacritic.com/game/blaster-master-zero-iii/
Capcom Arcade Stadium,"Nintendo Switch, PlayStation 4, Xbox One, PC",17/02/2021,80,7,34,25,"Capcom, Limited Run Games",Compilation,T,https://www.metacritic.com/game/capcom-arcade-stadium/
World War Z: Aftermath,"PC, PlayStation 5, Xbox Series X, Xbox One, PlayStation 4",21/09/2021,80,6.4,7,93,Saber Interactive,Tactical Third Person Shooter,M,https://www.metacritic.com/game/world-war-z-aftermath/
Olympia Soiree,Nintendo Switch,09/09/2021,80,7.1,10,10,"Aksys Games, Idea Factory",Visual Novel,M,https://www.metacritic.com/game/olympia-soiree/
Final Fantasy Pixel Remaster,"PC, iOS (iPhone/iPad), Nintendo Switch, PlayStation 4, Xbox Series X",28/07/2021,80,6.7,12,163,Square Enix,JRPG,E,https://www.metacritic.com/game/final-fantasy-pixel-remaster/
Diablo II: Resurrected,"Nintendo Switch, PlayStation 5, PlayStation 4, Xbox Series X, Xbox One, PC",23/09/2021,80,3.7,47,2518,Activision,Action RPG,M,https://www.metacritic.com/game/diablo-ii-resurrected/
Mario Party Superstars,Nintendo Switch,29/10/2021,80,8,97,498,Nintendo,Party,E,https://www.metacritic.com/game/mario-party-superstars/
Scarlet Nexus,"Xbox Series X, PlayStation 4, Xbox One, PlayStation 5, PC",25/06/2021,80,7.6,71,438,Bandai Namco Games,Action RPG,T,https://www.metacritic.com/game/scarlet-nexus/
Natsuki Chronicles,"Xbox One, PC, PlayStation 4",18/02/2021,80,7.3,14,9,"Rising Star Games, First Press Games",Horizontal Shoot-'Em-Up,Not Rated,https://www.metacritic.com/game/natsuki-chronicles/
Essays on Empathy,PC,18/05/2021,80,,11,0,Devolver Digital,Compilation,Not Rated,https://www.metacritic.com/game/essays-on-empathy/
Sam & Max: Beyond Time and Space Remastered,"Nintendo Switch, Xbox One, PC, PlayStation 4",08/12/2021,80,7.8,10,13,"Skunkape Games, Limited Run Games",Point-and-Click,T,https://www.metacritic.com/game/sam-and-max-beyond-time-and-space-remastered/
Knockout City,"Nintendo Switch, PC, Xbox One, PlayStation 4, Xbox Series X, PlayStation 5",21/05/2021,80,7.2,26,74,Electronic Arts,Team Sports,E10+,https://www.metacritic.com/game/knockout-city/
Time Loader,"PC, Nintendo Switch, Xbox One, PlayStation 4",03/11/2021,79,6.8,8,13,"Flazm, META Publishing",Action Puzzle,Not Rated,https://www.metacritic.com/game/time-loader/
LEGO Builder's Journey,"iOS (iPhone/iPad), PC, Nintendo Switch, Xbox One, Xbox Series X, PlayStation 5, PlayStation 4",22/06/2021,79,6.8,14,71,LEGO Games,Puzzle,Not Rated,https://www.metacritic.com/game/lego-builders-journey/
Scott Pilgrim vs. the World: The Game - Complete Edition,"PlayStation 4, Xbox One, Nintendo Switch, PC",14/01/2021,79,7.3,41,80,"Ubisoft, Limited Run Games",2D Beat-'Em-Up,T,https://www.metacritic.com/game/scott-pilgrim-vs-the-world-the-game-complete/
Kaze and the Wild Masks,"PC, Nintendo Switch, PlayStation 4, Xbox One",26/03/2021,79,8.1,21,64,"Soedesco, Cool Small Games",2D Platformer,E,https://www.metacritic.com/game/kaze-and-the-wild-masks/
New Pokemon Snap,Nintendo Switch,30/04/2021,79,7.8,122,660,"Nintendo, The Pokemon Company",Rail Shooter,E,https://www.metacritic.com/game/new-pokemon-snap/
Neo Geo Pocket Color Selection Vol. 1,"Nintendo Switch, PC",17/03/2021,79,7.7,22,9,"SNK Corporation, Limited Run Games, Pix'n Love",Compilation,T,https://www.metacritic.com/game/neo-geo-pocket-color-selection-vol-1/
The Eternal Cylinder,"PC, PlayStation 4, Xbox One, Xbox Series X, PlayStation 5",30/09/2021,79,7.6,9,37,Good Shepherd Entertainment,Open-World Action,T,https://www.metacritic.com/game/the-eternal-cylinder/
Ocean's Heart,"PC, Nintendo Switch",21/01/2021,79,6.1,10,20,Nordcurrent,Open-World Action,Not Rated,https://www.metacritic.com/game/oceans-heart/
Hell Let Loose,"PC, PlayStation 5, Xbox Series X",27/07/2021,79,6.5,15,258,Team17,Tactical FPS,Not Rated,https://www.metacritic.com/game/hell-let-loose/
Helheim Hassle,"PC, Nintendo Switch, PlayStation 4, Xbox One",20/01/2021,79,,7,0,Perfectly Paranormal,Adventure,Not Rated,https://www.metacritic.com/game/helheim-hassle/
TOEM,"PC, Nintendo Switch, PlayStation 5, Xbox Series X, Xbox One, iOS (iPhone/iPad)",17/09/2021,79,7.8,25,86,"Something We Made, iam8bit",Adventure,E,https://www.metacritic.com/game/toem/
Life is Strange: True Colors - Wavelengths,"PC, Xbox Series X, Xbox One, PlayStation 5, PlayStation 4",30/09/2021,79,6.3,8,68,Square Enix,Third-Person Adventure,Not Rated,https://www.metacritic.com/game/life-is-strange-true-colors-wavelengths/
Final Fantasy III Pixel Remaster,"iOS (iPhone/iPad), PC, Nintendo Switch, PlayStation 4, Xbox Series X",28/07/2021,79,6.1,10,74,Square Enix,JRPG,E10+,https://www.metacritic.com/game/final-fantasy-iii-pixel-remaster/
Super Robot Wars 30,"Nintendo Switch, PlayStation 4, PC",27/10/2021,79,6.9,15,22,Bandai Namco Games,Turn-Based Tactics,T,https://www.metacritic.com/game/super-robot-wars-30/
Road 96,"PC, Nintendo Switch, PlayStation 5, PlayStation 4, Xbox Series X, Xbox One",16/08/2021,79,7.8,44,593,"Digixart Entertainment, Plug In Digital",First-Person Adventure,Not Rated,https://www.metacritic.com/game/road-96/
Golf Club: Wasteland,"iOS (iPhone/iPad), PC, Nintendo Switch, PlayStation 4, Xbox One",03/09/2021,79,7.2,11,24,Untold Tales,Action Puzzle,Not Rated,https://www.metacritic.com/game/golf-club-wasteland/
Alan Wake Remastered,"PlayStation 5, PlayStation 4, Xbox Series X, Xbox One, PC, Nintendo Switch",05/10/2021,79,7.3,44,973,Epic Games,Survival,T,https://www.metacritic.com/game/alan-wake-remastered/
Astrologaster,"PC, iOS (iPhone/iPad), Nintendo Switch",18/02/2021,79,6.5,10,8,"Nyamyam, Plug In Digital",Adventure,T,https://www.metacritic.com/game/astrologaster/
Lost in Random,"PC, PlayStation 4, Xbox One, Nintendo Switch, PlayStation 5, Xbox Series X",10/09/2021,78,7.5,32,144,Electronic Arts,Action Adventure,E10+,https://www.metacritic.com/game/lost-in-random/
Curse of the Dead Gods,"PC, Xbox One, PlayStation 4, Nintendo Switch",23/02/2021,78,6.9,24,103,Focus Home Interactive,Action RPG,Not Rated,https://www.metacritic.com/game/curse-of-the-dead-gods/
SNK vs. Capcom: Match of the Millennium,"Nintendo Switch, PC",17/02/2021,78,6.3,19,10,"SNK Corporation, SNK",2D Fighting,T,https://www.metacritic.com/game/snk-vs-capcom-match-of-the-millennium/
Adios,"PC, Xbox One, Nintendo Switch",16/03/2021,78,6.3,9,57,Mischief,First-Person Adventure,Not Rated,https://www.metacritic.com/game/adios/
DARQ: Complete Edition,"PlayStation 4, Xbox One, PlayStation 5, Xbox Series X, PC, Nintendo Switch",18/03/2021,78,7,12,29,"Bloober Team, Limited Run Games, Feardemic",Linear Action Adventure,T,https://www.metacritic.com/game/darq-complete-edition/
Jurassic World Evolution 2,"Xbox Series X, PlayStation 5, Xbox One, PC, PlayStation 4",09/11/2021,78,7.3,26,210,"Frontier Developments, Sold Out",Tycoon,T,https://www.metacritic.com/game/jurassic-world-evolution-2/
Lone Echo II,PC,12/10/2021,78,7.9,13,18,Oculus Studios,Action Adventure,T,https://www.metacritic.com/game/lone-echo-ii/
Wytchwood,"PC, PlayStation 5, PlayStation 4, Nintendo Switch, Xbox Series X, Xbox One, iOS (iPhone/iPad)",09/12/2021,78,7.4,11,34,Whitethorn Digital,Adventure,E10+,https://www.metacritic.com/game/wytchwood/
Grow: Song of the Evertree,"PC, Nintendo Switch, PlayStation 4, Xbox One",16/11/2021,78,8.2,11,13,505 Games,Sandbox,Not Rated,https://www.metacritic.com/game/grow-song-of-the-evertree/
MLB The Show 21,"PlayStation 5, Xbox Series X, PlayStation 4, Xbox One",16/04/2021,78,4.4,37,175,Sony Interactive Entertainment,Baseball Sim,E,https://www.metacritic.com/game/mlb-the-show-21/
Unbound: Worlds Apart,"PC, Nintendo Switch, PlayStation 4, Xbox One, PlayStation 5, Xbox Series X",28/07/2021,78,7.2,13,32,"Digerati Distribution, Alien Pixel Studios",Metroidvania,Not Rated,https://www.metacritic.com/game/unbound-worlds-apart/
Dying Light: Platinum Edition,"PC, Nintendo Switch, Xbox One",19/10/2021,78,8.5,21,118,"Techland, Square Enix, Spike Chunsoft, Koch Media",Survival,M,https://www.metacritic.com/game/dying-light-platinum-edition/
Song in the Smoke,"PlayStation 4, PC, Meta Quest",07/10/2021,78,8.4,7,5,17-Bit,Survival,Not Rated,https://www.metacritic.com/game/song-in-the-smoke/
What The Dub?!,"PC, Nintendo Switch, Xbox One, PlayStation 4",08/04/2021,78,,7,0,Wide Right Interactive,Party,T,https://www.metacritic.com/game/what-the-dub/
Rogue Heroes: Ruins of Tasos,"PC, Nintendo Switch",23/02/2021,78,7.6,19,27,"Team17, Super Rare Games",Roguelike,E10+,https://www.metacritic.com/game/rogue-heroes-ruins-of-tasos/
Jupiter Hell,"PC, Nintendo Switch",05/08/2021,78,7.7,18,18,Hyperstrange,Turn-Based Tactics,Not Rated,https://www.metacritic.com/game/jupiter-hell/
Rain on Your Parade,"PC, Nintendo Switch, Xbox One, Xbox Series X",15/04/2021,78,6.6,14,5,"Unbound Creations, Premium Edition Games",Action Puzzle,E10+,https://www.metacritic.com/game/rain-on-your-parade/
Roguebook,"PC, PlayStation 5, Xbox Series X, Nintendo Switch, Xbox One, PlayStation 4",17/06/2021,78,6.9,24,38,Nacon,Card Battle,Not Rated,https://www.metacritic.com/game/roguebook/
Mary Skelter Finale,"Nintendo Switch, PlayStation 4, PC",30/09/2021,78,9.2,8,10,"Idea Factory, Compile Heart",JRPG,M,https://www.metacritic.com/game/mary-skelter-finale/
DOOM Eternal: The Ancient Gods Part Two,"Xbox One, PC, PlayStation 4, PlayStation 5, Xbox Series X, Nintendo Switch",18/03/2021,78,7,12,137,Bethesda Softworks,FPS,M,https://www.metacritic.com/game/doom-eternal-the-ancient-gods-part-two/
FIFA 22,"PC, PlayStation 5, PlayStation 4, Xbox Series X, Xbox One, Nintendo Switch",27/09/2021,78,3.9,63,800,Electronic Arts,Soccer Sim,E,https://www.metacritic.com/game/fifa-22/
Fights in Tight Spaces,"PC, Xbox One, Xbox Series X, Nintendo Switch, PlayStation 4",24/02/2021,78,7.1,20,23,Mode 7 Games,Card Battle,Not Rated,https://www.metacritic.com/game/fights-in-tight-spaces/
Dragon Ball Z: Kakarot + A New Power Awakens Set,Nintendo Switch,24/09/2021,78,7.7,27,112,Bandai Namco Games,Action RPG,T,https://www.metacritic.com/game/dragon-ball-z-kakarot-plus-a-new-power-awakens-set/
Death's Gambit: Afterlife,"Nintendo Switch, PC, PlayStation 4, Xbox Series X, Xbox One",30/09/2021,78,7.6,7,88,"Serenity Forge, Beep Japan, Beep, Meridiem Games",Metroidvania,T,https://www.metacritic.com/game/deaths-gambit-afterlife/
Orcs Must Die! 3,"PC, PlayStation 4, Xbox One, Xbox Series X, PlayStation 5",23/07/2021,77,7,10,79,Robot Entertainment,Defense,Not Rated,https://www.metacritic.com/game/orcs-must-die-3/
Humankind,"PC, PlayStation 5, Xbox Series X, Xbox One, PlayStation 4",17/08/2021,77,6.7,60,222,Sega,4X Strategy,E10+,https://www.metacritic.com/game/humankind/
Dodgeball Academia,"PC, PlayStation 4, Nintendo Switch, Xbox One, Xbox Series X",05/08/2021,77,8.3,10,64,Humble Games,Individual Sports,Not Rated,https://www.metacritic.com/game/dodgeball-academia/
Solasta: Crown of the Magister,"PC, Xbox Series X, Xbox One, PlayStation 5",27/05/2021,77,7,33,125,Tactical Adventures,Turn-Based Tactics,Not Rated,https://www.metacritic.com/game/solasta-crown-of-the-magister/
Back 4 Blood,"PC, PlayStation 4, Xbox One, Xbox Series X, PlayStation 5",12/10/2021,77,5.3,48,567,Warner Bros. Games,FPS,M,https://www.metacritic.com/game/back-4-blood/
Before Your Eyes,"PC, PlayStation 5, iOS (iPhone/iPad)",08/04/2021,77,8.5,25,206,"GoodbyeWorld Games, Skybound Games",First-Person Adventure,Not Rated,https://www.metacritic.com/game/before-your-eyes/
Blue Reflection: Second Light,"PlayStation 4, Nintendo Switch, PC",08/11/2021,77,7.7,21,24,Koei Tecmo Games,JRPG,T,https://www.metacritic.com/game/blue-reflection-second-light/
Genesis Noir,"PC, Xbox One, Nintendo Switch",26/03/2021,77,6.2,22,53,Fellow Traveller,Point-and-Click,Not Rated,https://www.metacritic.com/game/genesis-noir/
Olija,"PC, Nintendo Switch, PlayStation 4, Xbox One",28/01/2021,77,6.8,30,25,Devolver Digital,2D Platformer,Not Rated,https://www.metacritic.com/game/olija/
Virtua Fighter 5 Ultimate Showdown,PlayStation 4,01/06/2021,77,6.6,34,65,"Sega, Limited Run Games",3D Fighting,T,https://www.metacritic.com/game/virtua-fighter-5-ultimate-showdown/
Riders Republic,"PlayStation 5, Xbox Series X, PlayStation 4, Xbox One, PC",28/10/2021,77,6.8,51,238,Ubisoft,Individual Sports,T,https://www.metacritic.com/game/riders-republic/
Samurai Shodown: Special Edition,Xbox Series X,16/03/2021,77,7,11,6,"SNK Corporation, Deep Silver",2D Fighting,M,https://www.metacritic.com/game/samurai-shodown-special-edition/
Strangeland,PC,25/05/2021,77,7.8,17,14,Wormwood Studios,Point-and-Click,Not Rated,https://www.metacritic.com/game/strangeland/
MotoGP 21,"PC, PlayStation 5, Xbox Series X, Xbox One, PlayStation 4, Nintendo Switch",22/04/2021,77,6,29,23,"Milestone S.r.l, EXNOA LLC",Auto Racing Sim,E,https://www.metacritic.com/game/motogp-21/
The Big Con,"PC, Xbox Series X, Xbox One, PlayStation 5, PlayStation 4",31/08/2021,77,5.8,14,27,Skybound Games,Adventure,Not Rated,https://www.metacritic.com/game/the-big-con/
Solar Ash,"PC, PlayStation 5, PlayStation 4, Nintendo Switch, Xbox Series X, Xbox One",02/12/2021,77,7.3,45,86,Annapurna Interactive,Action Adventure,T,https://www.metacritic.com/game/solar-ash/
SaGa Frontier Remastered,"PlayStation 4, Nintendo Switch, iOS (iPhone/iPad), PC",15/04/2021,77,6.5,24,22,"Square Enix, Arc System Works",JRPG,T,https://www.metacritic.com/game/saga-frontier-remastered/
Space Invaders: Invincible Collection,Nintendo Switch,17/08/2021,77,,14,0,"Taito Corporation, Strictly Limited Games, ININ Games",Compilation,Not Rated,https://www.metacritic.com/game/space-invaders-invincible-collection/
Game Builder Garage,Nintendo Switch,11/06/2021,77,7.7,58,65,Nintendo,Application,E,https://www.metacritic.com/game/game-builder-garage/
Final Fantasy II Pixel Remaster,"PC, iOS (iPhone/iPad), Nintendo Switch, PlayStation 4, Xbox Series X",28/07/2021,77,5.9,10,83,Square Enix,JRPG,E10+,https://www.metacritic.com/game/final-fantasy-ii-pixel-remaster/
Bravely Default II,"Nintendo Switch, PC",26/02/2021,76,7.7,116,359,"Square Enix, Nintendo",JRPG,T,https://www.metacritic.com/game/bravely-default-ii/
Bonkies,"PC, Nintendo Switch, Xbox One, PlayStation 4",29/01/2021,76,,7,0,Crunching Koalas,Party,E,https://www.metacritic.com/game/bonkies/
Super Monkey Ball: Banana Mania,"Nintendo Switch, PlayStation 5, Xbox Series X, PC, Xbox One, PlayStation 4",05/10/2021,76,7.5,32,55,Sega,Compilation,E10+,https://www.metacritic.com/game/super-monkey-ball-banana-mania/
Sable,"Xbox Series X, PC, Xbox One, PlayStation 5, PlayStation 4",23/09/2021,76,6.1,52,195,Raw Fury,Open-World Action,Not Rated,https://www.metacritic.com/game/sable/
WRC 10 The Official Game,Unknown,02/09/2021,76,6.7,22,0,Unknown,Unknown,E,https://www.metacritic.com/game/wrc-10-the-official-game/
Eldest Souls,"PC, Nintendo Switch, PlayStation 5, Xbox Series X, Xbox One, PlayStation 4",29/07/2021,76,6.6,14,55,"United Label, CI Games",Action RPG,Not Rated,https://www.metacritic.com/game/eldest-souls/
Save me Mr Tako: Definitive Edition,"PC, Nintendo Switch, PlayStation 4",05/05/2021,76,5.7,13,7,Limited Run Games,2D Platformer,E,https://www.metacritic.com/game/save-me-mr-tako-definitive-edition/
Demon Turf,"PC, Xbox One, Xbox Series X, Nintendo Switch, PlayStation 4, PlayStation 5",04/11/2021,76,7.2,13,11,"Playtonic Friends, Limited Run Games, Playtonic Games",3D Platformer,E10+,https://www.metacritic.com/game/demon-turf/
Wolfstride,"PC, Nintendo Switch, iOS (iPhone/iPad)",07/12/2021,76,6.3,11,9,Raw Fury,RPG,Not Rated,https://www.metacritic.com/game/wolfstride/
Axiom Verge 2,"Nintendo Switch, PC, PlayStation 5, PlayStation 4, Xbox One",11/08/2021,76,7,20,77,"Tom Happ, Limited Run Games",Metroidvania,T,https://www.metacritic.com/game/axiom-verge-2/
NBA 2K22,"PlayStation 5, Xbox Series X, Xbox One, PlayStation 4, Nintendo Switch, PC",10/09/2021,76,4,43,217,"2K Games, Take-Two Interactive",Basketball Sim,E,https://www.metacritic.com/game/nba-2k22/
Far Cry 6 - Vaas: Insanity,"PlayStation 5, Xbox Series X, PC, PlayStation 4, Xbox One",16/11/2021,76,4.8,12,81,Ubisoft,FPS,Not Rated,https://www.metacritic.com/game/far-cry-6-vaas-insanity/
Room to Grow (2021),PC,25/02/2021,76,,8,0,Mischka Kamener,Puzzle,Not Rated,https://www.metacritic.com/game/room-to-grow-2021/
Curious Expedition 2,"PC, PlayStation 4, Nintendo Switch, Xbox One",28/01/2021,76,6.4,15,10,Thunderful,Turn-Based Strategy,Not Rated,https://www.metacritic.com/game/curious-expedition-2/
Twelve Minutes,"PC, Xbox One, Xbox Series X, Nintendo Switch, PlayStation 5, PlayStation 4, iOS (iPhone/iPad)",19/08/2021,76,6.6,64,619,Annapurna Interactive,Point-and-Click,Not Rated,https://www.metacritic.com/game/twelve-minutes/
WarioWare: Get It Together!,Nintendo Switch,10/09/2021,76,7.5,95,181,Nintendo,Party,E10+,https://www.metacritic.com/game/warioware-get-it-together/
Shin Megami Tensei III: Nocturne HD Remaster,"Nintendo Switch, PlayStation 4, PC",21/05/2021,76,7.8,36,110,"Sega, Atlus",JRPG,M,https://www.metacritic.com/game/shin-megami-tensei-iii-nocturne-hd-remaster/
OMNO,"PC, Nintendo Switch, PlayStation 4, Xbox One",29/07/2021,76,6.7,12,62,Future Friends Games,Third-Person Adventure,Not Rated,https://www.metacritic.com/game/omno/
Hero-U: Rogue to Redemption,"PC, Nintendo Switch, PlayStation 4, PlayStation 5",09/02/2021,76,,14,0,Silesia Games,Action RPG,Not Rated,https://www.metacritic.com/game/hero-u-rogue-to-redemption/
Pac-Man 99,Nintendo Switch,07/04/2021,76,7.6,28,39,Bandai Namco Games,Arcade,E,https://www.metacritic.com/game/pac-man-99/
Necrobarista: Final Pour,Nintendo Switch,11/08/2021,76,8.6,13,8,"Playism, Coconut Island Games, Super Rare Games, Route 59 Games",Visual Novel,T,https://www.metacritic.com/game/necrobarista-final-pour/
Wraith: The Oblivion - Afterlife,"PC, PlayStation 4, Meta Quest",22/04/2021,76,7.9,15,15,Fast Travel Games,Survival,Not Rated,https://www.metacritic.com/game/wraith-the-oblivion-afterlife/
The Wild At Heart,"PC, Xbox One, Nintendo Switch, PlayStation 4, Xbox Series X",19/05/2021,76,7.3,14,30,Humble Games,Adventure,E10+,https://www.metacritic.com/game/the-wild-at-heart/
Legend of Keepers: Career of a Dungeon Manager,"PC, Nintendo Switch, Xbox One, PlayStation 4, PlayStation 5, Xbox Series X",29/04/2021,76,6.8,13,24,Goblinz Studio,Turn-Based Tactics,Not Rated,https://www.metacritic.com/game/legend-of-keepers-career-of-a-dungeon-manager/
The Sims 4: Paranormal Stuff Pack,"PC, PlayStation 4, Xbox One",26/01/2021,76,,9,0,Electronic Arts,Virtual Life,T,https://www.metacritic.com/game/the-sims-4-paranormal-stuff-pack/
The Outer Worlds: Murder on Eridanos,"PC, Xbox One, PlayStation 4, Nintendo Switch",17/03/2021,76,7.4,20,54,Private Division,Western RPG,Not Rated,https://www.metacritic.com/game/the-outer-worlds-murder-on-eridanos/
After the Fall,"PC, PlayStation 4, Meta Quest, PlayStation 5",09/12/2021,76,6.6,20,17,Vertigo Games,FPS,Not Rated,https://www.metacritic.com/game/after-the-fall/
Smelter,"PlayStation 4, PC, Nintendo Switch, Xbox One, PlayStation 5",22/04/2021,75,5.7,9,6,"DANGEN Entertainment, Red Art Games",2D Platformer,T,https://www.metacritic.com/game/smelter/
Trigger Witch,"PlayStation 4, Nintendo Switch, Xbox Series X, Xbox One, PlayStation 5, PC",29/07/2021,75,8.2,9,5,EastAsiaSoft,Top-Down Shoot-'Em-Up,T,https://www.metacritic.com/game/trigger-witch/
The Climb 2,"PC, Meta Quest",04/03/2021,75,7.2,17,5,Crytek,Action,Not Rated,https://www.metacritic.com/game/the-climb-2/
Earth Defense Force: World Brothers,"PlayStation 4, Nintendo Switch, PC",27/05/2021,75,5.5,13,11,D3Publisher,Third Person Shooter,T,https://www.metacritic.com/game/earth-defense-force-world-brothers/
Maskmaker,"PC, PlayStation 4, Meta Quest",20/04/2021,75,,12,0,MWM Interactive,First-Person Adventure,Not Rated,https://www.metacritic.com/game/maskmaker/
Labyrinth City: Pierre the Maze Detective,"PC, Nintendo Switch, iOS (iPhone/iPad)",15/07/2021,75,,8,0,Pixmain,Adventure,E,https://www.metacritic.com/game/labyrinth-city-pierre-the-maze-detective/
Field of Glory II: Medieval,PC,04/02/2021,75,6.5,10,8,Slitherine,Turn-Based Tactics,Not Rated,https://www.metacritic.com/game/field-of-glory-ii-medieval/
The Jackbox Party Pack 8,"PC, Nintendo Switch, PlayStation 4, Xbox One, Xbox Series X, PlayStation 5",14/10/2021,75,,8,0,"Jackbox Games, Inc.",Party,Not Rated,https://www.metacritic.com/game/the-jackbox-party-pack-8/
Hot Wheels Unleashed,"PlayStation 5, Xbox Series X, PlayStation 4, Xbox One, Nintendo Switch, PC",27/09/2021,75,6.9,42,157,"Milestone S.r.l, Koch Media",Auto Racing,E,https://www.metacritic.com/game/hot-wheels-unleashed/
The Jackbox Party Pack 8,"PC, Nintendo Switch, PlayStation 4, Xbox One, Xbox Series X, PlayStation 5",14/10/2021,75,,8,0,"Jackbox Games, Inc.",Party,Not Rated,https://www.metacritic.com/game/the-jackbox-party-pack-8/
Hot Wheels Unleashed,"PlayStation 5, Xbox Series X, PlayStation 4, Xbox One, Nintendo Switch, PC",27/09/2021,75,6.9,42,157,"Milestone S.r.l, Koch Media",Auto Racing,E,https://www.metacritic.com/game/hot-wheels-unleashed/
The Falconeer: Warrior Edition,"PlayStation 5, PlayStation 4, Nintendo Switch",05/08/2021,75,8.3,9,4,"Wired Productions, 3goo",Aircraft Combat Sim,T,https://www.metacritic.com/game/the-falconeer-warrior-edition/
Lemnis Gate,"PC, PlayStation 4, Xbox One, PlayStation 5, Xbox Series X",28/09/2021,75,7.4,13,16,Frontier Foundry,FPS,Not Rated,https://www.metacritic.com/game/lemnis-gate/
Heavenly Bodies,"PC, PlayStation 5, PlayStation 4, Xbox One, Xbox Series X, Nintendo Switch",07/12/2021,75,7,11,47,"2pt Interactive, 2PT PTY LTD",Virtual Career,E,https://www.metacritic.com/game/heavenly-bodies/
Ayo the Clown,"PC, Nintendo Switch, PlayStation 5, PlayStation 4, Xbox Series X, Xbox One",28/07/2021,75,6.8,10,8,Cloud M1,2D Platformer,E,https://www.metacritic.com/game/ayo-the-clown/
The Elder Scrolls Online: Blackwood,"PlayStation 4, Xbox One, PC, PlayStation 5",01/06/2021,75,4.7,20,31,Bethesda Softworks,MMORPG,M,https://www.metacritic.com/game/the-elder-scrolls-online-blackwood/
Very Very Valet,"Nintendo Switch, PC, PlayStation 5",25/05/2021,75,7.7,8,7,"Toyful Games, Nighthawk Interactive",Party,E,https://www.metacritic.com/game/very-very-valet/
Farming Simulator 22,"PC, Xbox Series X, Xbox One, PlayStation 5, PlayStation 4",22/11/2021,75,6.8,14,98,"Giants Software, Solutions 2 GO, Bandai Namco Games",Virtual Career,E,https://www.metacritic.com/game/farming-simulator-22/
ISLANDERS: Console Edition,"Nintendo Switch, PlayStation 4, Xbox One",11/08/2021,75,7.3,13,12,"Grizzly Games, Coatsink Software",Strategy,E,https://www.metacritic.com/game/islanders-console-edition/
Total War: Rome Remastered,Unknown,29/04/2021,75,5.9,28,0,Unknown,Unknown,T,https://www.metacritic.com/game/total-war-rome-remastered/
Voice of Cards: The Isle Dragon Roars,"PlayStation 4, Nintendo Switch, PC",28/10/2021,75,7.5,28,43,Square Enix,Card Battle,T,https://www.metacritic.com/game/voice-of-cards-the-isle-dragon-roars/
Chernobylite,"PC, PlayStation 4, Xbox One, PlayStation 5, Xbox Series X",28/07/2021,75,7.7,54,300,All in! Games,Survival,Not Rated,https://www.metacritic.com/game/chernobylite/
Steel Assault,"PC, Nintendo Switch, Xbox Series X, Xbox One, PlayStation 5, PlayStation 4",28/09/2021,75,8.1,11,8,"Tribute Games, Limited Run Games",2D Platformer,E10+,https://www.metacritic.com/game/steel-assault/
Samurai Warriors 5,"Nintendo Switch, Xbox One, PC, PlayStation 4, Xbox Series X",27/07/2021,75,7.2,42,62,Koei Tecmo Games,3D Beat-'Em-Up,T,https://www.metacritic.com/game/samurai-warriors-5/
In Sound Mind,"PC, PlayStation 5, Xbox Series X, Nintendo Switch",28/09/2021,75,8.1,18,111,"Modus Games, []",Survival,T,https://www.metacritic.com/game/in-sound-mind/
Vesper (2021),PC,30/07/2021,75,7.2,10,16,Deck 13,2D Platformer,Not Rated,https://www.metacritic.com/game/vesper-2021/
No More Heroes III,"Nintendo Switch, PlayStation 5, PlayStation 4, PC, Xbox Series X, Xbox One",27/08/2021,75,7.9,105,252,"Marvelous Entertainment, Grasshopper Manufacture, Marvelous Inc., Pix'n Love",Open-World Action,M,https://www.metacritic.com/game/no-more-heroes-iii/
Echo Generation,"Xbox Series X, Xbox One, Nintendo Switch",21/10/2021,75,7.4,15,23,Cococucumber,JRPG,E10+,https://www.metacritic.com/game/echo-generation/
Black Book,"PC, Nintendo Switch, PlayStation 4, Xbox One",10/08/2021,75,7.9,14,90,HypeTrain Digital,Card Battle,Not Rated,https://www.metacritic.com/game/black-book/
Ghosts 'n Goblins Resurrection,"Nintendo Switch, PlayStation 4, Xbox One, PC",25/02/2021,74,6.9,75,89,Capcom,2D Platformer,E10+,https://www.metacritic.com/game/ghosts-n-goblins-resurrection/
ActRaiser Renaissance,"Nintendo Switch, PlayStation 4, PC, iOS (iPhone/iPad)",23/09/2021,74,7.7,19,32,Square Enix,Action Adventure,E10+,https://www.metacritic.com/game/actraiser-renaissance/
Greak: Memories of Azur,"PC, Nintendo Switch, Xbox Series X, PlayStation 5, Xbox One, PlayStation 4",17/08/2021,74,7.1,17,41,"Team17, Sold Out",Metroidvania,E10+,https://www.metacritic.com/game/greak-memories-of-azur/
Mighty Goose,"Nintendo Switch, PC, PlayStation 4, Xbox One, PlayStation 5, Xbox Series X",05/06/2021,74,7.4,16,15,Playism,2D Platformer,E10+,https://www.metacritic.com/game/mighty-goose/
Famicom Detective Club: The Girl Who Stands Behind,Nintendo Switch,14/05/2021,74,8,63,21,Nintendo,Visual Novel,T,https://www.metacritic.com/game/famicom-detective-club-the-girl-who-stands-behind/
Hundred Days - Winemaking Simulator,"PC, iOS (iPhone/iPad), Nintendo Switch, PlayStation 4, PlayStation 5, Xbox Series X",13/05/2021,74,6.8,7,21,Broken Arms Games,Tycoon,Not Rated,https://www.metacritic.com/game/hundred-days-winemaking-simulator/
Insurmountable,"PC, Nintendo Switch, PlayStation 4, Xbox Series X, PlayStation 5, Xbox One",29/04/2021,74,5.6,13,24,"ByteRockers' Games, Daedalic Entertainment",Survival,Not Rated,https://www.metacritic.com/game/insurmountable/
Centipede: Recharged,"Nintendo Switch, Xbox Series X, Xbox One, PC, PlayStation 4, PlayStation 5",29/09/2021,74,7.7,7,7,Atari,Arcade,E,https://www.metacritic.com/game/centipede-recharged/
Toodee and Topdee,"PC, Nintendo Switch, PlayStation 5, PlayStation 4, Xbox Series X, Xbox One",04/08/2021,74,8.3,8,13,dietzribi,2D Platformer,Not Rated,https://www.metacritic.com/game/toodee-and-topdee/
White Shadows,"PC, PlayStation 5, Xbox Series X",07/12/2021,74,6.8,10,13,Thunderful,2D Platformer,T,https://www.metacritic.com/game/white-shadows/
Aspire: Ina's Tale,"PC, Nintendo Switch, Xbox One, PlayStation 4",17/12/2021,74,7,9,8,Untold Tales,2D Platformer,E10+,https://www.metacritic.com/game/aspire-inas-tale/
HighFleet,PC,27/07/2021,74,7.7,7,30,MicroProse,Real-Time Strategy,Not Rated,https://www.metacritic.com/game/highfleet/
Cris Tales,"PC, PlayStation 4, Xbox One, Nintendo Switch, PlayStation 5, Xbox Series X",20/07/2021,74,7.6,30,57,Modus Games,JRPG,T,https://www.metacritic.com/game/cris-tales/
Shantae,"Nintendo Switch, PlayStation 4, PlayStation 5",22/04/2021,74,7.4,12,25,"WayForward, Limited Run Games",Metroidvania,E10+,https://www.metacritic.com/game/shantae/
Forgive me Father,"PC, Nintendo Switch, PlayStation 4, Xbox One, Xbox Series X",26/10/2021,74,7.2,24,57,"1C Entertainment, Fulqrum Publishing",FPS,Not Rated,https://www.metacritic.com/game/forgive-me-father/
Lost Words: Beyond the Page,"PC, Xbox One, PlayStation 4, Nintendo Switch, iOS (iPhone/iPad)",06/04/2021,74,7,19,32,"Modus Games, Limited Run Games",2D Platformer,E,https://www.metacritic.com/game/lost-words-beyond-the-page/
The Ascent,"Xbox Series X, PC, Xbox One, PlayStation 5, PlayStation 4",29/07/2021,74,7.5,56,444,Curve Digital,Action RPG,Not Rated,https://www.metacritic.com/game/the-ascent/
Sonic Colors: Ultimate,"Xbox One, Nintendo Switch, PlayStation 4, PC, Xbox Series X",07/09/2021,74,6.3,54,438,Sega,3D Platformer,E,https://www.metacritic.com/game/sonic-colors-ultimate/
Narita Boy,"PC, Nintendo Switch, Xbox One, PlayStation 4",30/03/2021,74,6.7,28,60,Team17,Action Adventure,T,https://www.metacritic.com/game/narita-boy/
Record of Lodoss War: Deedlit in Wonder Labyrinth,"PC, Nintendo Switch, PlayStation 5, PlayStation 4, Xbox Series X, Xbox One",27/03/2021,74,7.5,10,28,Playism,Metroidvania,E10+,https://www.metacritic.com/game/record-of-lodoss-war-deedlit-in-wonder-labyrinth/
Turnip Boy Commits Tax Evasion,"PC, Nintendo Switch, Xbox One, PlayStation 4, iOS (iPhone/iPad)",22/04/2021,74,7.3,14,95,"Graffiti Games, Digital Bards",Action Adventure,E10+,https://www.metacritic.com/game/turnip-boy-commits-tax-evasion/
Famicom Detective Club: The Missing Heir,Nintendo Switch,14/05/2021,74,7.6,68,33,Nintendo,Visual Novel,T,https://www.metacritic.com/game/famicom-detective-club-the-missing-heir/
Severed Steel,"PC, Xbox One, PlayStation 4, Nintendo Switch, Xbox Series X, PlayStation 5",17/09/2021,73,7.2,14,111,Digerati Distribution,FPS,Not Rated,https://www.metacritic.com/game/severed-steel/
Chorus,"Xbox Series X, PlayStation 4, Xbox One, PC, PlayStation 5",03/12/2021,73,6.8,37,120,"Deep Silver, Koch Media",Space Combat Sim,T,https://www.metacritic.com/game/chorus/
Killsquad,"PC, PlayStation 4",21/10/2021,73,6.7,9,7,Novarama,Action RPG,Not Rated,https://www.metacritic.com/game/killsquad/
Arcadegeddon,"PlayStation 5, PC, Xbox Series X, PlayStation 4, Xbox One, Nintendo Switch",30/11/2021,73,7.1,14,63,"IllFonic, Nighthawk Interactive",Third Person Shooter,T,https://www.metacritic.com/game/arcadegeddon/
The Elder Scrolls V: Skyrim Anniversary Edition,"PlayStation 5, Xbox Series X, PlayStation 4, Xbox One, PC, Nintendo Switch, Nintendo Switch 2",11/11/2021,73,6.3,14,230,Bethesda Softworks,Western RPG,M,https://www.metacritic.com/game/the-elder-scrolls-v-skyrim-anniversary-edition/
KeyWe,"PC, Nintendo Switch, PlayStation 5, Xbox Series X, Xbox One, PlayStation 4",31/08/2021,73,6.8,7,17,Sold Out,Action Puzzle,Not Rated,https://www.metacritic.com/game/keywe/
Assassin's Creed Valhalla: Wrath of the Druids,"PlayStation 5, PC, Xbox Series X, Xbox One, PlayStation 4",13/05/2021,73,6.4,24,63,Ubisoft,Open-World Action,Not Rated,https://www.metacritic.com/game/assassins-creed-valhalla-wrath-of-the-druids/
Nebuchadnezzar,PC,17/02/2021,73,7.2,9,13,Nepos Games,Management,Not Rated,https://www.metacritic.com/game/nebuchadnezzar/
Wasteland 3: The Battle of Steeltown,"PC, Xbox One, PlayStation 4",03/06/2021,73,6.1,10,12,Deep Silver,Western RPG,Not Rated,https://www.metacritic.com/game/wasteland-3-the-battle-of-steeltown/
Call of Duty: Vanguard,"PC, Xbox Series X, Xbox One, PlayStation 5, PlayStation 4",04/11/2021,73,3.7,72,1773,"Activision, Sony Interactive Entertainment",Tactical FPS,M,https://www.metacritic.com/game/call-of-duty-vanguard/
Outriders,"PlayStation 4, Xbox One, PC, PlayStation 5, Xbox Series X",01/04/2021,73,6,53,565,Square Enix,Third Person Shooter,M,https://www.metacritic.com/game/outriders/
Crysis Remastered Trilogy,"Nintendo Switch, Xbox One, PlayStation 4, PC",15/10/2021,73,7.2,29,105,Crytek,Compilation,M,https://www.metacritic.com/game/crysis-remastered-trilogy/
No Longer Home,"PC, Nintendo Switch, Xbox One, Xbox Series X, PlayStation 5, PlayStation 4",30/07/2021,73,,14,0,Fellow Traveller,Adventure,Not Rated,https://www.metacritic.com/game/no-longer-home/
Century: Age of Ashes,"PC, iOS (iPhone/iPad), PlayStation 5, Xbox Series X, PlayStation 4, Xbox One",02/12/2021,73,6.4,11,38,Playwing,Aircraft Combat Sim,E10+,https://www.metacritic.com/game/century-age-of-ashes/
The Colonists,"PC, Nintendo Switch, Xbox One, PlayStation 4",04/05/2021,73,8.3,9,4,"Auroch Digital, Chorus Worldwide, Leoful",Command RTS,E,https://www.metacritic.com/game/the-colonists/
Tribes of Midgard,"PC, PlayStation 4, Xbox One, PlayStation 5, Nintendo Switch, Xbox Series X",27/07/2021,73,7,20,60,"Norsfell, Gearbox Publishing",Action RPG,T,https://www.metacritic.com/game/tribes-of-midgard/
Pokemon Brilliant Diamond,Nintendo Switch,19/11/2021,73,5,92,1162,"Nintendo, The Pokemon Company",Trainer RPG,E,https://www.metacritic.com/game/pokemon-brilliant-diamond/
MXGP 2021 - The Official Motocross Videogame,"PC, Xbox Series X, Xbox One, PlayStation 5, PlayStation 4",30/11/2021,73,5.4,9,10,Milestone S.r.l,Auto Racing,E,https://www.metacritic.com/game/mxgp-2021-the-official-motocross-videogame/
Disgaea 6: Defiance of Destiny,"Nintendo Switch, PlayStation 4",29/06/2021,73,5.6,40,59,"NIS America, Nippon Ichi Software",Turn-Based Tactics,T,https://www.metacritic.com/game/disgaea-6-defiance-of-destiny/
Watch Dogs: Legion - Bloodline,"Xbox One, PC, PlayStation 4, PlayStation 5, Xbox Series X",06/07/2021,73,7,9,66,Ubisoft,Open-World Action,Not Rated,https://www.metacritic.com/game/watch-dogs-legion-bloodline/
Minute of Islands,"PlayStation 4, PC, Xbox One, Nintendo Switch",13/06/2021,73,6.7,16,18,Mixtvision,Adventure,Not Rated,https://www.metacritic.com/game/minute-of-islands/
Colors Live,"Nintendo Switch, PC",14/09/2021,73,,7,0,"Nighthawk Interactive, Collecting Smiles",Application,E,https://www.metacritic.com/game/colors-live/
Far Cry 6,"PlayStation 4, Xbox One, PC, PlayStation 5, Xbox Series X",07/10/2021,73,5.4,64,2180,Ubisoft,FPS,M,https://www.metacritic.com/game/far-cry-6/
Encased: a sci-fi post-apocalyptic RPG,PC,07/09/2021,73,6.8,22,66,"Prime Matter, Koch Media",Western RPG,Not Rated,https://www.metacritic.com/game/encased-a-sci-fi-post-apocalyptic-rpg/
Werewolf: The Apocalypse - Heart of the Forest,"PC, Nintendo Switch, Xbox One, PlayStation 4",07/01/2021,73,5.4,15,14,"Walkabout Games, Funstock",Visual Novel,M,https://www.metacritic.com/game/werewolf-the-apocalypse-heart-of-the-forest/
Tandem: A Tale of Shadows,"PC, Nintendo Switch, PlayStation 4, Xbox One",21/10/2021,73,7.3,16,11,Hatinh Interactive,Action Adventure,Not Rated,https://www.metacritic.com/game/tandem-a-tale-of-shadows/
Pokemon Shining Pearl,Nintendo Switch,19/11/2021,73,4.8,91,532,"Nintendo, The Pokemon Company",Trainer RPG,E,https://www.metacritic.com/game/pokemon-shining-pearl/
They Always Run,"PC, PlayStation 4, Xbox One, Nintendo Switch",20/10/2021,73,7,7,21,"Alawar Premium, Alawar Entertainment",2D Platformer,T,https://www.metacritic.com/game/they-always-run/
Ninja Gaiden: Master Collection,"Nintendo Switch, PlayStation 4, Xbox One, PC",10/06/2021,73,7.1,44,118,Koei Tecmo Games,Compilation,M,https://www.metacritic.com/game/ninja-gaiden-master-collection/
Garden Story,"PC, Nintendo Switch, Xbox One",11/08/2021,73,7,17,33,"Rose City Games, Limited Run Games",Open-World Action,E10+,https://www.metacritic.com/game/garden-story/
Big Brain Academy: Brain vs. Brain,Nintendo Switch,03/12/2021,73,7.8,70,42,Nintendo,Party,E,https://www.metacritic.com/game/big-brain-academy-brain-vs-brain/
Sniper Ghost Warrior Contracts 2,"PlayStation 4, PC, Xbox One, Xbox Series X, PlayStation 5",04/06/2021,73,7.2,24,135,CI Games,Tactical FPS,M,https://www.metacritic.com/game/sniper-ghost-warrior-contracts-2/
Disciples: Liberation,"PC, Xbox Series X, Xbox One, PlayStation 5, PlayStation 4",21/10/2021,73,4.7,13,99,Kalypso,Turn-Based Strategy,M,https://www.metacritic.com/game/disciples-liberation/
Habroxia 2,"PC, PlayStation Vita, PlayStation 4, Nintendo Switch, Xbox One, PlayStation 5",03/02/2021,73,8.3,8,7,EastAsiaSoft,Horizontal Shoot-'Em-Up,T,https://www.metacritic.com/game/habroxia-2/
Behind the Frame: The Finest Scenery,"PC, iOS (iPhone/iPad), Nintendo Switch, PlayStation 4",25/08/2021,73,7.3,8,68,"Akupara Games, Akatsuki Taiwan Inc",Adventure,Not Rated,https://www.metacritic.com/game/behind-the-frame-the-finest-scenery/
The Dark Pictures Anthology: House of Ashes,"PlayStation 4, Xbox One, PC, PlayStation 5, Xbox Series X",22/10/2021,72,7.3,61,399,Bandai Namco Games,Survival,M,https://www.metacritic.com/game/the-dark-pictures-anthology-house-of-ashes/
Mundaun,"PC, PlayStation 4, Nintendo Switch, Xbox Series X, Xbox One, PlayStation 5",16/03/2021,72,7.4,24,27,MWM Interactive,First-Person Adventure,M,https://www.metacritic.com/game/mundaun/
Assassin's Creed Valhalla: The Siege of Paris,"PlayStation 5, Xbox Series X, PC, PlayStation 4, Xbox One",12/08/2021,72,6,20,79,Ubisoft,Open-World Action,M,https://www.metacritic.com/game/assassins-creed-valhalla-the-siege-of-paris/
Lawn Mowing Simulator,"PC, Xbox Series X, Xbox One, PlayStation 5, PlayStation 4, Nintendo Switch, Meta Quest",10/08/2021,72,4.8,9,16,Curve Digital,Virtual Career,Not Rated,https://www.metacritic.com/game/lawn-mowing-simulator/
Legend of Mana Remastered,"Nintendo Switch, PlayStation 4, PC, iOS (iPhone/iPad), Xbox Series X",24/06/2021,72,6.6,36,32,Square Enix,JRPG,T,https://www.metacritic.com/game/legend-of-mana-remastered/
Just Dance 2022,"PlayStation 4, Xbox One, Nintendo Switch, Xbox Series X, PlayStation 5",04/11/2021,72,6.5,15,31,Ubisoft,Dancing,E10+,https://www.metacritic.com/game/just-dance-2022/
Tails Noir,"PC, PlayStation 4, Xbox One, Nintendo Switch, PlayStation 5, Xbox Series X",08/06/2021,72,6.7,34,79,Raw Fury,Adventure,M,https://www.metacritic.com/game/tails-noir/
The Silver Case 2425,"PlayStation 4, Nintendo Switch",06/07/2021,72,7.6,14,9,"NIS America, Playism",Compilation,M,https://www.metacritic.com/game/the-silver-case-2425/
Gamedec,"PC, Nintendo Switch, PlayStation 5",16/09/2021,72,6.7,38,77,Anshar Studios,Western RPG,M,https://www.metacritic.com/game/gamedec/
Boyfriend Dungeon,"PC, Nintendo Switch, Xbox Series X, Xbox One, PlayStation 5",11/08/2021,72,6.3,18,16,Kitfox Games,Action RPG,T,https://www.metacritic.com/game/boyfriend-dungeon/
"Warhammer 40,000: Battlesector","PC, Xbox Series X, Xbox One, PlayStation 4",15/07/2021,72,7.8,25,42,Slitherine,Turn-Based Tactics,Not Rated,https://www.metacritic.com/game/warhammer-40000-battlesector/
Phoenix Point: Behemoth Edition,"PlayStation 4, Xbox One, Xbox Series X",01/10/2021,72,5.5,11,12,"Deep Silver, Prime Matter",Turn-Based Tactics,T,https://www.metacritic.com/game/phoenix-point-behemoth-edition/
Embr,"PC, Nintendo Switch, PlayStation 4, Xbox One, Xbox Series X",23/09/2021,72,6.6,7,5,Curve Digital,Virtual Career,Not Rated,https://www.metacritic.com/game/embr/
Rhythm Fighter,"PC, Nintendo Switch",14/01/2021,72,,10,0,Coconut Island Games,Rhythm,Not Rated,https://www.metacritic.com/game/rhythm-fighter/
Prinny Presents NIS Classics Volume 1,Nintendo Switch,31/08/2021,72,6.4,13,5,NIS America,Compilation,T,https://www.metacritic.com/game/prinny-presents-nis-classics-volume-1/
Before We Leave,"PC, Xbox One, Xbox Series X, PlayStation 5, PlayStation 4, Nintendo Switch",13/05/2021,72,7.2,21,41,Team17,Management,Not Rated,https://www.metacritic.com/game/before-we-leave/
Mail Mole,"PC, Nintendo Switch, Xbox One, PlayStation 4",04/03/2021,72,6.7,11,11,"Undergames, Selecta Play",3D Platformer,E,https://www.metacritic.com/game/mail-mole/
Immortals Fenyx Rising: The Lost Gods,"PlayStation 5, Xbox Series X, PC, PlayStation 4, Xbox One, Nintendo Switch",22/04/2021,72,3.3,7,30,Ubisoft,Open-World Action,Not Rated,https://www.metacritic.com/game/immortals-fenyx-rising-the-lost-gods/
Hextech Mayhem: A League of Legends Story,"Nintendo Switch, PC",16/11/2021,72,6.4,14,24,"Riot Games, Riot Forge",2D Platformer,E10+,https://www.metacritic.com/game/hextech-mayhem-a-league-of-legends-story/
Endzone: A World Apart,"PC, PlayStation 5, Xbox Series X, Xbox One",18/03/2021,72,6.9,9,34,Assemble Entertainment,Management,Not Rated,https://www.metacritic.com/game/endzone-a-world-apart/
Rogue Lords,"Nintendo Switch, PlayStation 4, Xbox One, PC",30/09/2021,72,4.6,16,18,Nacon,Roguelike,T,https://www.metacritic.com/game/rogue-lords/
Immortals Fenyx Rising: A New God,"Xbox Series X, PlayStation 5, PC, PlayStation 4, Xbox One, Nintendo Switch",28/01/2021,72,4.2,9,36,Ubisoft,Open-World Action,Not Rated,https://www.metacritic.com/game/immortals-fenyx-rising-a-new-god/
Aeterna Noctis,"PC, PlayStation 5, PlayStation 4, Nintendo Switch, Xbox Series X, Xbox One",15/12/2021,72,7.7,17,79,Aeternum Game Studios,Metroidvania,Not Rated,https://www.metacritic.com/game/aeterna-noctis/
Tormented Souls,"PlayStation 4, Nintendo Switch, Xbox One, PC, PlayStation 5, Xbox Series X",27/08/2021,72,8,25,249,"PQube, Phoenixx Inc.",Survival,M,https://www.metacritic.com/game/tormented-souls/
Dread Templar,PC,28/09/2021,72,6.9,22,15,Fulqrum Publishing,FPS,Not Rated,https://www.metacritic.com/game/dread-templar/
Cotton 100%,"PlayStation, PC, PlayStation 4, Nintendo Switch, PlayStation 5, Xbox Series X, Xbox One",29/10/2021,72,6,8,6,"ININ Games, Strictly Limited Games",Horizontal Shoot-'Em-Up,E10+,https://www.metacritic.com/game/cotton-100/
Clea 2,"PC, Nintendo Switch, Xbox One, PlayStation 4",25/03/2021,71,,9,0,"Sekai Project, Sekai Games",Survival,T,https://www.metacritic.com/game/clea-2/
Cathedral (2019),"Nintendo Switch, PlayStation 4, PC",18/02/2021,71,6.5,20,17,"Decemberborn Interactive, Premium Edition Games, Elden Pixels",Metroidvania,E10+,https://www.metacritic.com/game/cathedral-2019/
Mutropolis,"PC, Nintendo Switch",18/02/2021,71,7.7,12,15,Pirita Studio,Point-and-Click,Not Rated,https://www.metacritic.com/game/mutropolis/
The Longest Road on Earth,"Nintendo Switch, PlayStation 5, PlayStation 4, PC, Xbox Series X, Xbox One",27/05/2021,71,6,7,11,Raw Fury,Adventure,Not Rated,https://www.metacritic.com/game/the-longest-road-on-earth/
Story of Seasons: Pioneers of Olive Town,"PC, Nintendo Switch, PlayStation 4",23/03/2021,71,6.9,61,98,"XSEED Games, Marvelous Inc., Marvelous Entertainment, Marvelous Europe, Sega",Tycoon,E,https://www.metacritic.com/game/story-of-seasons-pioneers-of-olive-town/
Operation: Tango,"PC, Xbox One, PlayStation 4, PlayStation 5, Xbox Series X, Nintendo Switch",01/06/2021,71,7.3,10,48,Clever-Plays,Linear Action Adventure,Not Rated,https://www.metacritic.com/game/operation-tango/
Song of Iron,"PC, Xbox Series X, Xbox One",31/08/2021,71,4.2,7,13,Escape,Action Adventure,Not Rated,https://www.metacritic.com/game/song-of-iron/
Cozy Grove,"PC, Nintendo Switch, PlayStation 4, Xbox One, iOS (iPhone/iPad), PlayStation 5",08/04/2021,71,6.8,22,34,"The Quantum Astrophysicists Guild, iam8bit",Virtual Life,E10+,https://www.metacritic.com/game/cozy-grove/
Blue Fire,"Nintendo Switch, PC, PlayStation 4, Xbox One",04/02/2021,71,7.1,21,71,"Graffiti Games, Teyon",3D Platformer,E10+,https://www.metacritic.com/game/blue-fire/
NHL 22,"Xbox Series X, PlayStation 5, PlayStation 4, Xbox One",12/10/2021,71,4.7,26,84,Electronic Arts,Hockey Sim,E10+,https://www.metacritic.com/game/nhl-22/
Knockout Home Fitness,Nintendo Switch,28/09/2021,71,8.2,16,5,"XSEED Games, Marvelous Inc., Pocket, Marvelous Europe, Arc System Works",Exercise,E,https://www.metacritic.com/game/knockout-home-fitness/
Breathedge,"PC, PlayStation 4, Xbox One, Nintendo Switch, PlayStation 5",25/02/2021,71,6.8,21,107,HypeTrain Digital,Survival,Not Rated,https://www.metacritic.com/game/breathedge/
The Medium,"PC, Xbox Series X, PlayStation 5, Nintendo Switch",28/01/2021,71,7.2,84,1526,"Bloober Team, Koch Media",Survival,M,https://www.metacritic.com/game/the-medium/
RiMS Racing,"PC, Nintendo Switch, PlayStation 5, Xbox Series X, PlayStation 4, Xbox One",24/08/2021,71,5.9,14,9,"Nacon, Bigben Interactive, 3goo",Auto Racing,E,https://www.metacritic.com/game/rims-racing/
Naraka: Bladepoint,"PC, PlayStation 5, Xbox Series X",12/08/2021,71,5.9,23,111,"NetEase Games, 24 Entertainment",3D Beat-'Em-Up,Not Rated,https://www.metacritic.com/game/naraka-bladepoint/
Xuan-Yuan Sword 7,"PlayStation 4, Xbox One, Nintendo Switch, Xbox Series X, PC",30/09/2021,71,7.1,12,22,"EastAsiaSoft, Maximum Games, Justdan",Action RPG,T,https://www.metacritic.com/game/xuan-yuan-sword-7/
Conway: Disappearance at Dahlia View,"PC, Xbox Series X, Xbox One, Nintendo Switch, PlayStation 5, PlayStation 4",02/11/2021,71,7,12,10,"Sold Out, White Paper Games",First-Person Adventure,Not Rated,https://www.metacritic.com/game/conway-disappearance-at-dahlia-view/
Fracked,"PlayStation 4, PC, Meta Quest",20/08/2021,71,6.4,17,5,nDreams,Light Gun,T,https://www.metacritic.com/game/fracked/
Miitopia,"3DS, Nintendo Switch",21/05/2021,71,8.2,61,187,Nintendo,RPG,E,https://www.metacritic.com/game/miitopia/
Dice Legacy,"PC, Nintendo Switch",09/09/2021,70,7.2,18,5,Ravenscourt,Strategy,Not Rated,https://www.metacritic.com/game/dice-legacy/
Clockwork Aquario,"PlayStation 4, Nintendo Switch, Xbox One, PC, PlayStation 5, Xbox Series X",14/12/2021,70,6.2,20,6,"ININ Games, Strictly Limited Games",2D Platformer,E,https://www.metacritic.com/game/clockwork-aquario/
Last Stop (2021),"Xbox One, PlayStation 4, Nintendo Switch, Xbox Series X, PlayStation 5, PC",22/07/2021,70,6.8,30,56,Annapurna Interactive,Third-Person Adventure,Not Rated,https://www.metacritic.com/game/last-stop-2021/
Cruis'n Blast,Nintendo Switch,14/09/2021,70,7.8,37,59,"Raw Thrills, GameMill Entertainment",Auto Racing,E10+,https://www.metacritic.com/game/cruisn-blast/
Quantum League,"PC, Nintendo Switch",15/04/2021,70,,7,0,NGD Studios,Tactical FPS,Not Rated,https://www.metacritic.com/game/quantum-league/
Monster Rancher 1 & 2 DX,"Nintendo Switch, iOS (iPhone/iPad), PC",09/12/2021,70,6.7,23,20,Koei Tecmo Games,Compilation,T,https://www.metacritic.com/game/monster-rancher-1-and-2-dx/
MXGP 2020 - The Official Motocross Videogame,"PlayStation 4, PlayStation 5, Xbox One, Xbox Series X, PC",14/01/2021,70,,19,0,Milestone S.r.l,Auto Racing,E,https://www.metacritic.com/game/mxgp-2020-the-official-motocross-videogame/
Skate City,"iOS (iPhone/iPad), Nintendo Switch, PC, Xbox One, PlayStation 4",06/05/2021,70,4.8,11,4,"Agens, Snowman",Skating,Not Rated,https://www.metacritic.com/game/skate-city/
Moncage,"PC, Nintendo Switch, iOS (iPhone/iPad)",15/11/2021,70,7.2,10,9,X.D. Network Inc.,Puzzle,Not Rated,https://www.metacritic.com/game/moncage/
Risk System,"PC, Xbox One, Nintendo Switch, PlayStation 4",15/07/2021,70,,8,0,"Hidden Trap, VGNYsoft, EastAsiaSoft",Horizontal Shoot-'Em-Up,E10+,https://www.metacritic.com/game/risk-system/
New World,PC,28/09/2021,70,4,43,768,Amazon Game Studios,MMORPG,T,https://www.metacritic.com/game/new-world/
Maquette,"PC, PlayStation 5, PlayStation 4, Nintendo Switch, Xbox Series X, Xbox One",02/03/2021,70,6.2,44,115,Annapurna Interactive,First-Person Adventure,E10+,https://www.metacritic.com/game/maquette/
Pokemon UNITE,"Nintendo Switch, iOS (iPhone/iPad)",21/07/2021,70,4.3,33,476,The Pokemon Company,MOBA,E10+,https://www.metacritic.com/game/pokemon-unite/
Glyph,"Nintendo Switch, PC",01/02/2021,70,7.6,15,10,Bolverk Games,3D Platformer,Not Rated,https://www.metacritic.com/game/glyph/
Turrican Flashback Collection,"Nintendo Switch, PlayStation 4",29/01/2021,70,7.6,16,10,ININ Games,Compilation,E10+,https://www.metacritic.com/game/turrican-flashback-collection/
Mario Golf: Super Rush,Nintendo Switch,25/06/2021,70,5.8,115,296,Nintendo,Golf,E,https://www.metacritic.com/game/mario-golf-super-rush/
The Gunk,"Xbox Series X, Xbox One, PC",16/12/2021,70,6.8,43,238,Thunderful,3D Platformer,T,https://www.metacritic.com/game/the-gunk/
Lake,"PC, Xbox Series X, Xbox One, PlayStation 5, PlayStation 4, Nintendo Switch",01/09/2021,70,6,22,118,Whitethorn Digital,Third-Person Adventure,Not Rated,https://www.metacritic.com/game/lake/
Root Film,"PlayStation 4, Nintendo Switch",19/03/2021,70,7.5,11,8,"PQube, Kadokawa",Visual Novel,M,https://www.metacritic.com/game/root-film/
Fire Tonight,"PC, Nintendo Switch",12/08/2021,70,,8,0,Way Down Deep,Adventure,E,https://www.metacritic.com/game/fire-tonight/
Demon Slayer: Kimetsu no Yaiba - The Hinokami Chronicles,"PlayStation 4, PlayStation 5, PC, Xbox Series X, Xbox One, Nintendo Switch",13/10/2021,69,7.2,32,153,"Sega, Aniplex Inc.",3D Fighting,T,https://www.metacritic.com/game/demon-slayer-kimetsu-no-yaiba-the-hinokami/
Sherlock Holmes: Chapter One,"PC, PlayStation 4, Xbox One, PlayStation 5, Xbox Series X",16/11/2021,69,6.9,33,153,"Frogwares, Frogwares Ireland ltd, IntraGames",First-Person Adventure,M,https://www.metacritic.com/game/sherlock-holmes-chapter-one/
R-Type Final 2,"PlayStation 4, Xbox One, Nintendo Switch, PC, Xbox Series X",30/04/2021,69,5.1,21,22,"NIS America, Granzella Inc.",Horizontal Shoot-'Em-Up,E10+,https://www.metacritic.com/game/r-type-final-2/
Asterix & Obelix: Slap Them All!,"Nintendo Switch, PC, Xbox One, PlayStation 4, PlayStation 5",02/12/2021,69,6.7,14,25,"Microids, Strictly Limited Games",2D Beat-'Em-Up,E10+,https://www.metacritic.com/game/asterix-and-obelix-slap-them-all/
Sword of the Necromancer,"Nintendo Switch, PC, PlayStation 5, Xbox Series X, PlayStation 4, Xbox One",28/01/2021,69,7.2,12,12,"JanduSoft, Grimorio of Games",Roguelike,Not Rated,https://www.metacritic.com/game/sword-of-the-necromancer/
The Invisible Hand,PC,07/05/2021,69,6.4,11,8,Fellow Traveller,Virtual Career,Not Rated,https://www.metacritic.com/game/the-invisible-hand/
A Juggler's Tale,"Nintendo Switch, PC, PlayStation 5, Xbox Series X, PlayStation 4, Xbox One",29/09/2021,69,7.6,9,30,Mixtvision,2D Platformer,E10+,https://www.metacritic.com/game/a-jugglers-tale/
Unexplored 2: The Wayfarer's Legacy,"PC, Xbox Series X, Xbox One, PlayStation 4",20/05/2021,69,1.6,7,5,Ludomotion,Action RPG,Not Rated,https://www.metacritic.com/game/unexplored-2-the-wayfarers-legacy/
Disney Magical World 2: Enchanted Edition,Nintendo Switch,03/12/2021,69,6,15,7,Bandai Namco Games,Virtual Life,E,https://www.metacritic.com/game/disney-magical-world-2-enchanted-edition/
Sea of Solitude: The Director's Cut,Nintendo Switch,04/03/2021,69,7.8,18,19,Quantic Dream,Linear Action Adventure,T,https://www.metacritic.com/game/sea-of-solitude-the-directors-cut/
Siege Survival: Gloria Victis,PC,18/05/2021,69,6.5,12,10,"Black Eye Games, Ravenscourt",RPG,Not Rated,https://www.metacritic.com/game/siege-survival-gloria-victis/
REKT! High Octane Stunts,"iOS (iPhone/iPad), Nintendo Switch, PC, Xbox One, PlayStation 4",26/05/2021,69,,7,0,No Gravity Games,Auto Racing,E,https://www.metacritic.com/game/rekt-high-octane-stunts/
Scarf (2021),"PlayStation 5, PlayStation 4, Xbox Series X, Xbox One, PC",23/12/2021,69,7.7,24,22,HandyGames,3D Platformer,Not Rated,https://www.metacritic.com/game/scarf-2021/
Olympic Games Tokyo 2020: The Official Video Game,"PlayStation 4, Nintendo Switch, PC, Xbox One, Xbox Series X",22/06/2021,69,5.2,28,38,Sega,Athletics,E10+,https://www.metacritic.com/game/olympic-games-tokyo-2020-the-official-video-game/
Aliens: Fireteam Elite,"PC, PlayStation 5, Xbox Series X, Xbox One, PlayStation 4, Nintendo Switch",24/08/2021,69,5.6,38,156,Cold Iron Studios,Tactical Third Person Shooter,M,https://www.metacritic.com/game/aliens-fireteam-elite/
Kitaria Fables,"Nintendo Switch, PlayStation 5, PC, Xbox Series X, PlayStation 4, Xbox One, iOS (iPhone/iPad)",02/09/2021,69,6.4,10,12,"PQube, Arc System Works, Chromatic Games",Action RPG,E10+,https://www.metacritic.com/game/kitaria-fables/
Out of Line,"PC, Nintendo Switch, Xbox One, PlayStation 4",23/06/2021,69,8,10,48,Hatinh Interactive,Action Adventure,Not Rated,https://www.metacritic.com/game/out-of-line/
#DRIVE,"iOS (iPhone/iPad), Nintendo Switch",16/02/2021,69,6.8,7,8,"PM Studios Inc., Limited Run Games",Auto Racing,E,https://www.metacritic.com/game/drive-2019/
Spacebase Startopia,"PC, Nintendo Switch, PlayStation 4, Xbox One, Xbox Series X, PlayStation 5",26/03/2021,69,3.4,15,15,Kalypso,Command RTS,E10+,https://www.metacritic.com/game/spacebase-startopia/
Marsupilami: Hoobadventure,"PlayStation 4, PC, Xbox One, Nintendo Switch, PlayStation 5",16/11/2021,68,7.3,7,29,Microids,2D Platformer,E,https://www.metacritic.com/game/marsupilami-hoobadventure/
Jay and Silent Bob: Mall Brawl,"PC, Nintendo Switch, PlayStation 4, Xbox One",20/05/2021,68,,10,0,"Limited Run Games, Interabang Entertainment",2D Beat-'Em-Up,Not Rated,https://www.metacritic.com/game/jay-and-silent-bob-mall-brawl/
Nanotale - Typing Chronicles,PC,31/03/2021,68,,7,0,Fishing Cactus,Adventure,Not Rated,https://www.metacritic.com/game/nanotale-typing-chronicles/
Arietta of Spirits,Unknown,20/08/2021,68,6.7,9,0,Unknown,Unknown,E10+,https://www.metacritic.com/game/arietta-of-spirits/
Inked: A Tale of Love,"iOS (iPhone/iPad), PC, Nintendo Switch, Xbox One, PlayStation 4",27/08/2021,68,6.7,16,23,Pixmain,Adventure,Not Rated,https://www.metacritic.com/game/inked-a-tale-of-love/
Hoa,"Nintendo Switch, PC, PlayStation 5, PlayStation 4, Xbox Series X, Xbox One",24/08/2021,68,7.8,15,38,PM Studios Inc.,2D Platformer,E,https://www.metacritic.com/game/hoa/
King of Seas,"PC, PlayStation 4, Xbox One, Nintendo Switch",25/05/2021,68,7,14,6,Team17,Action RPG,Not Rated,https://www.metacritic.com/game/king-of-seas/
Elden Ring,"Xbox One, PC, PlayStation 4, Xbox Series X, PlayStation 5",25/02/2022,96,8.4,93,21952,"Bandai Namco Games, From Software",Action RPG,M,https://www.metacritic.com/game/elden-ring/
Portal: Companion Collection,Nintendo Switch,28/06/2022,95,8.6,10,215,Valve Software,Compilation,T,https://www.metacritic.com/game/portal-companion-collection/
God of War: Ragnarok,"PlayStation 5, PlayStation 4, PC",09/11/2022,94,8.3,150,15274,"PlayStation Studios, Sony Interactive Entertainment",Action Adventure,M,https://www.metacritic.com/game/god-of-war-ragnarok/
I Was a Teenage Exocolonist,"PC, PlayStation 4, PlayStation 5, Nintendo Switch",25/08/2022,91,7.9,13,84,Finji,Card Battle,Not Rated,https://www.metacritic.com/game/i-was-a-teenage-exocolonist/
Chained Echoes,"PC, PlayStation 4, Nintendo Switch, PlayStation 5, Xbox Series X, Xbox One",08/12/2022,90,8.4,15,254,"DECK13 Spotlight, Deck 13, First Press Games",JRPG,M,https://www.metacritic.com/game/chained-echoes/
The Stanley Parable: Ultra Deluxe,"PC, PlayStation 4, Xbox One, PlayStation 5, Xbox Series X, Nintendo Switch, iOS (iPhone/iPad)",27/04/2022,90,8.3,16,729,Crows Crows Crows,First-Person Adventure,T,https://www.metacritic.com/game/the-stanley-parable-ultra-deluxe/
Neon White,"Nintendo Switch, PC, PlayStation 5, PlayStation 4, Xbox Series X, Xbox One",16/06/2022,89,8.3,44,437,Annapurna Interactive,FPS,T,https://www.metacritic.com/game/neon-white/
Xenoblade Chronicles 3,Nintendo Switch,29/07/2022,89,8.7,127,1769,Nintendo,Action RPG,T,https://www.metacritic.com/game/xenoblade-chronicles-3/
Kynseed,PC,06/12/2022,89,7.7,7,12,PixelCount Studios,RPG,Not Rated,https://www.metacritic.com/game/kynseed/
Atari 50: The Anniversary Celebration,"PlayStation 5, Xbox Series X, PC, PlayStation 4, Xbox One, Nintendo Switch",11/11/2022,89,8.1,19,39,"Atari, Atari SA",Compilation,T,https://www.metacritic.com/game/atari-50-the-anniversary-celebration/
NieR: Automata - The End of YoRHa Edition,Nintendo Switch,06/10/2022,89,8.7,35,501,Square Enix,Action RPG,M,https://www.metacritic.com/game/nier-automata-the-end-of-yorha-edition/
Cuphead in the Delicious Last Course,"Xbox One, PC, Nintendo Switch, PlayStation 4",30/06/2022,89,8.7,40,388,Studio MDHR,2D Platformer,Not Rated,https://www.metacritic.com/game/cuphead-in-the-delicious-last-course/
NORCO,"PC, PlayStation 5, PlayStation 4, Xbox Series X, Xbox One",24/03/2022,89,7.4,25,107,Raw Fury,Point-and-Click,Not Rated,https://www.metacritic.com/game/norco/
The Last of Us Part I,"PlayStation 5, PC",02/09/2022,89,8,124,5550,"Sony Interactive Entertainment, SCEE",Linear Action Adventure,M,https://www.metacritic.com/game/the-last-of-us-part-i/
Rogue Legacy 2,"PC, Xbox Series X, Xbox One, Nintendo Switch, PlayStation 5, PlayStation 4",28/04/2022,88,7.3,39,258,Cellar Door Games,Roguelike,Not Rated,https://www.metacritic.com/game/rogue-legacy-2/
Horizon Forbidden West,"PlayStation 5, PlayStation 4",18/02/2022,88,8,139,11577,"PlayStation Studios, Sony Interactive Entertainment",Open-World Action,T,https://www.metacritic.com/game/horizon-forbidden-west/
HYPER DEMON,PC,19/09/2022,88,7.4,10,27,Sorath,Action,Not Rated,https://www.metacritic.com/game/hyper-demon/
Uncharted: Legacy of Thieves Collection,"PlayStation 5, PC",28/01/2022,87,8.4,84,1538,PlayStation Studios,Compilation,T,https://www.metacritic.com/game/uncharted-legacy-of-thieves-collection/
Gran Turismo 7,"PlayStation 5, PlayStation 4",04/03/2022,87,2.6,126,12096,"PlayStation Studios, Polyphony Digital",Auto Racing Sim,E,https://www.metacritic.com/game/gran-turismo-7/
Immortality,"PC, Xbox Series X, PlayStation 5, iOS (iPhone/iPad)",30/08/2022,87,6.8,48,150,Half Mermaid,Adventure,Not Rated,https://www.metacritic.com/game/immortality/
Final Fantasy VI Pixel Remaster,"PC, iOS (iPhone/iPad), Nintendo Switch, PlayStation 4, Xbox Series X",23/02/2022,87,8.2,14,139,Square Enix,JRPG,T,https://www.metacritic.com/game/final-fantasy-vi-pixel-remaster/
Return to Monkey Island,"PC, Nintendo Switch, Xbox Series X, PlayStation 5, iOS (iPhone/iPad)",19/09/2022,87,7.6,59,355,"Devolver Digital, Limited Run Games",Point-and-Click,E10+,https://www.metacritic.com/game/return-to-monkey-island/
Marvel's Spider-Man Remastered,"PC, PlayStation 5",12/08/2022,87,8.4,71,2478,"PlayStation PC, Sony Interactive Entertainment",Open-World Action,T,https://www.metacritic.com/game/marvels-spider-man-remastered/
The Last Friend,"Nintendo Switch, PC",07/04/2022,86,6.4,7,8,Skystone Games,Defense,E10+,https://www.metacritic.com/game/the-last-friend/
Vampire Survivors,"PC, Xbox Series X, Xbox One, iOS (iPhone/iPad), Nintendo Switch, PlayStation 4, PlayStation 5",20/10/2022,86,8.1,31,867,poncle,Top-Down Shoot-'Em-Up,Not Rated,https://www.metacritic.com/game/vampire-survivors/
Monster Hunter Rise: Sunbreak,"Nintendo Switch, PC, PlayStation 5, Xbox Series X, PlayStation 4, Xbox One",30/06/2022,86,7.9,50,214,Capcom,Action RPG,Not Rated,https://www.metacritic.com/game/monster-hunter-rise-sunbreak/
Destiny 2: The Witch Queen,"PlayStation 4, PC, Xbox One, PlayStation 5, Xbox Series X",22/02/2022,86,7.8,20,213,Bungie,FPS,Not Rated,https://www.metacritic.com/game/destiny-2-the-witch-queen/
Pentiment,"PC, Xbox Series X, Xbox One, Nintendo Switch, PlayStation 5, PlayStation 4",15/11/2022,86,7.7,60,647,"Xbox Game Studios, Limited Run Games",Adventure,M,https://www.metacritic.com/game/pentiment/
Bayonetta 3,Nintendo Switch,28/10/2022,86,7.8,131,829,Nintendo,Linear Action Adventure,M,https://www.metacritic.com/game/bayonetta-3/
Total War: WARHAMMER III,PC,17/02/2022,86,5.8,70,533,Sega,Real-Time Tactics,T,https://www.metacritic.com/game/total-war-warhammer-iii/
Mario + Rabbids Sparks of Hope,Nintendo Switch,20/10/2022,85,7.5,124,422,"Ubisoft, Nintendo",Turn-Based Tactics,E10+,https://www.metacritic.com/game/mario-plus-rabbids-sparks-of-hope/
Teenage Mutant Ninja Turtles: Shredder's Revenge,"PC, Nintendo Switch, Xbox One, PlayStation 4, PlayStation 5, Xbox Series X, iOS (iPhone/iPad)",16/06/2022,85,8,47,258,"DotEmu, Limited Run Games, Happinet, Merge Games",2D Beat-'Em-Up,E10+,https://www.metacritic.com/game/teenage-mutant-ninja-turtles-shredders-revenge/
Tunic,"PC, Xbox One, Xbox Series X, PlayStation 5, PlayStation 4, Nintendo Switch",16/03/2022,85,7.9,66,874,Finji,Open-World Action,Not Rated,https://www.metacritic.com/game/tunic/
Easy Come Easy Golf,Nintendo Switch,13/09/2022,85,8.4,7,9,Clap Hanz,Golf,Not Rated,https://www.metacritic.com/game/easy-come-easy-golf/
Forza Horizon 5: Hot Wheels,"Xbox Series X, PC, Xbox One",19/07/2022,85,7.6,20,214,Xbox Game Studios,Auto Racing Sim,Not Rated,https://www.metacritic.com/game/forza-horizon-5-hot-wheels/
AI: The Somnium Files - nirvanA Initiative,"PC, Nintendo Switch, Xbox One, PlayStation 4",24/06/2022,85,8.4,21,75,Spike Chunsoft,Action Adventure,M,https://www.metacritic.com/game/ai-the-somnium-files-nirvana-initiative/
Kirby and the Forgotten Land,Nintendo Switch,25/03/2022,85,8.8,142,1180,Nintendo,3D Platformer,E10+,https://www.metacritic.com/game/kirby-and-the-forgotten-land/
Tactics Ogre: Reborn,"PlayStation 5, PlayStation 4, PC, Nintendo Switch",11/11/2022,84,7.6,33,153,Square Enix,Turn-Based Tactics,T,https://www.metacritic.com/game/tactics-ogre-reborn/
OlliOlli World,"Nintendo Switch, PC, Xbox Series X, Xbox One, PlayStation 5, PlayStation 4",08/02/2022,84,7.1,39,92,"Private Division, Take-Two Interactive",2D Platformer,E10+,https://www.metacritic.com/game/olliolli-world/
OlliOlli World: VOID Riders,"Nintendo Switch, PlayStation 5, PlayStation 4, Xbox Series X, Xbox One, PC",15/06/2022,84,8,7,8,Private Division,2D Platformer,Not Rated,https://www.metacritic.com/game/olliolli-world-void-riders/
The Case of the Golden Idol,"PC, Nintendo Switch, Xbox Series X, Xbox One, PlayStation 5",13/10/2022,84,7.8,21,101,Playstack,Point-and-Click,Not Rated,https://www.metacritic.com/game/the-case-of-the-golden-idol/
Lil Gator Game,"PC, Nintendo Switch, PlayStation 5, Xbox Series X, Xbox One, PlayStation 4",14/12/2022,84,8.3,17,49,"Playtonic Friends, Super Rare Games",Open-World Action,E,https://www.metacritic.com/game/lil-gator-game/
SNK vs. Capcom: Card Fighters' Clash,Nintendo Switch,12/01/2022,84,6,16,11,SNK,Card Battle,E,https://www.metacritic.com/game/snk-vs-capcom-card-fighters-clash/
Dorfromantik,"PC, Nintendo Switch, Xbox Series X, PlayStation 5, iOS (iPhone/iPad), PlayStation 4, Xbox One",29/09/2022,84,7.4,14,58,"Toukana Interactive, Super Rare Games",Turn-Based Strategy,E,https://www.metacritic.com/game/dorfromantik/
Red Matter 2,"PC, PlayStation 5, Meta Quest",18/08/2022,84,7.8,8,57,Vertical Robot,First-Person Adventure,Not Rated,https://www.metacritic.com/game/red-matter-2/
Beacon Pines,"PC, Xbox Series X, Xbox One, Nintendo Switch",22/09/2022,84,7.7,16,61,"Fellow Traveller, Limited Run Games",Adventure,T,https://www.metacritic.com/game/beacon-pines/
MOTHERGUNSHIP: FORGE,"PC, Meta Quest",16/06/2022,84,8.8,7,5,Terrible Posture Games,Light Gun,Not Rated,https://www.metacritic.com/game/mothergunship-forge/
Gerda: A Flame in Winter,"Nintendo Switch, PC",01/09/2022,84,7.4,10,28,DONTNOD Entertainment,Third-Person Adventure,Not Rated,https://www.metacritic.com/game/gerda-a-flame-in-winter/
Gordian Quest,"PC, Nintendo Switch, PlayStation 5, PlayStation 4, iOS (iPhone/iPad)",23/06/2022,84,7.8,13,24,Mixed Realms,Card Battle,Not Rated,https://www.metacritic.com/game/gordian-quest/
Infernax,"PC, Xbox Series X, Xbox One, Nintendo Switch, PlayStation 4",14/02/2022,84,7.6,15,49,"The Arcade Crew, H2 Interactive Co., Ltd., Merge Games",Metroidvania,M,https://www.metacritic.com/game/infernax/
Lost in Play,"PC, Nintendo Switch, iOS (iPhone/iPad), PlayStation 5, PlayStation 4",10/08/2022,84,8.1,12,51,"HappyJuice Games, Soft Source Pte Ltd, Chorus Worldwide, Super Rare Games",Adventure,E10+,https://www.metacritic.com/game/lost-in-play/
NeverAwake,"PC, Nintendo Switch, PlayStation 5, PlayStation 4, Xbox Series X",28/09/2022,84,7.3,9,12,Phoenixx Inc.,Horizontal Shoot-'Em-Up,Not Rated,https://www.metacritic.com/game/neverawake/
Patrick's Parabox,"PC, Nintendo Switch, PlayStation 5",29/03/2022,84,8.7,9,27,Patrick Traynor,Action Puzzle,Not Rated,https://www.metacritic.com/game/patricks-parabox/
This Way Madness Lies,"PC, Nintendo Switch, PlayStation 5",10/11/2022,84,,7,0,Zeboyd Games,JRPG,Not Rated,https://www.metacritic.com/game/this-way-madness-lies/
Retro Bowl,"iOS (iPhone/iPad), Nintendo Switch",10/02/2022,84,7.6,7,37,Five Aces Publishing Ltd.,Football Sim,E,https://www.metacritic.com/game/retro-bowl/
Prodeus,"PC, Nintendo Switch, PlayStation 5, PlayStation 4, Xbox Series X, Xbox One",23/09/2022,84,7.7,18,103,Humble Games,FPS,Not Rated,https://www.metacritic.com/game/prodeus/
Splatoon 3,Nintendo Switch,09/09/2022,83,7.2,123,810,Nintendo,Third Person Shooter,E10+,https://www.metacritic.com/game/splatoon-3/
Strange Horticulture,"PC, Nintendo Switch, Xbox Series X, Xbox One, PlayStation 4, iOS (iPhone/iPad)",21/01/2022,83,6.9,13,57,Iceberg Interactive,Adventure,Not Rated,https://www.metacritic.com/game/strange-horticulture/
Mario Kart 8 Deluxe: Booster Course Pass - Wave 3,Nintendo Switch,07/12/2022,83,7.5,7,29,Nintendo,Auto Racing,Not Rated,https://www.metacritic.com/game/mario-kart-8-deluxe-booster-course-pass-wave-3/
Two Point Campus,"PC, Nintendo Switch, Xbox Series X, PlayStation 5, Xbox One, PlayStation 4",09/08/2022,83,7.3,68,81,Sega,Tycoon,T,https://www.metacritic.com/game/two-point-campus/
Stray,"PlayStation 5, PC, PlayStation 4, Xbox Series X, Xbox One, Nintendo Switch",19/07/2022,83,8.3,106,3242,"Annapurna Interactive, Happinet",Action Adventure,E10+,https://www.metacritic.com/game/stray/
Triangle Strategy,"Nintendo Switch, PC, Meta Quest, Xbox Series X, PlayStation 5",04/03/2022,83,8.2,112,503,"Square Enix, Nintendo",Turn-Based Tactics,T,https://www.metacritic.com/game/triangle-strategy/
Betrayal At Club Low,PC,09/09/2022,83,8.3,14,6,Cosmo D Studios,Point-and-Click,Not Rated,https://www.metacritic.com/game/betrayal-at-club-low/
Moss: Book II,"PlayStation 4, PC, PlayStation 5, Meta Quest",31/03/2022,83,7.5,40,57,Polyarc,Action Adventure,E10+,https://www.metacritic.com/game/moss-book-ii/
Hardspace: Shipbreaker,"PC, Xbox Series X, PlayStation 5",24/05/2022,83,7.4,38,73,Focus Entertainment,Virtual Career,Not Rated,https://www.metacritic.com/game/hardspace-shipbreaker/
Pokemon Legends: Arceus,Nintendo Switch,28/01/2022,83,8,125,4879,"Nintendo, The Pokemon Company",Trainer RPG,E,https://www.metacritic.com/game/pokemon-legends-arceus/
Green Hell VR,"PC, PlayStation 5, Meta Quest",09/06/2022,83,6.5,7,17,Incuvo,Survival,Not Rated,https://www.metacritic.com/game/green-hell-vr/
Marvel's Midnight Suns,"PC, Xbox Series X, Xbox One, Nintendo Switch, PlayStation 5, PlayStation 4",02/12/2022,83,7.2,86,421,2K Games,Turn-Based Tactics,T,https://www.metacritic.com/game/marvels-midnight-suns/
Grounded,"Xbox One, PC, Xbox Series X, Nintendo Switch, PlayStation 5, PlayStation 4",27/09/2022,83,7.8,30,440,"Xbox Game Studios, Limited Run Games",Sandbox,T,https://www.metacritic.com/game/grounded/
Roadwarden,"PC, Nintendo Switch",12/09/2022,83,8.4,9,22,Assemble Entertainment,RPG,Not Rated,https://www.metacritic.com/game/roadwarden/
Crusader Kings III: The Royal Court,"PC, PlayStation 5, Xbox Series X",08/02/2022,83,6.4,7,19,Paradox Interactive,Real-Time Strategy,Not Rated,https://www.metacritic.com/game/crusader-kings-iii-the-royal-court/
Islets,"PC, Nintendo Switch, Xbox Series X, Xbox One, PlayStation 5, PlayStation 4",24/08/2022,82,8,9,59,"Armor Games, Teyon, Super Rare Games",Metroidvania,E10+,https://www.metacritic.com/game/islets/
Hatsune Miku: Project Diva MegaMix+,PC,26/05/2022,82,8.2,14,34,Sega,Rhythm,T,https://www.metacritic.com/game/hatsune-miku-project-diva-megamix-plus/
Not For Broadcast,"PC, Xbox One, PlayStation 4, Meta Quest",25/01/2022,82,8.1,15,82,tinyBuild,Virtual Career,Not Rated,https://www.metacritic.com/game/not-for-broadcast/
Wylde Flowers,"iOS (iPhone/iPad), Nintendo Switch, PC, Xbox Series X, PlayStation 5",20/09/2022,82,8.5,9,81,Studio Drydock Pty Ltd,Virtual Life,Not Rated,https://www.metacritic.com/game/wylde-flowers/
Atelier Sophie 2: The Alchemist of the Mysterious Dream,"Nintendo Switch, PC, PlayStation 4",25/02/2022,82,7.9,26,51,Koei Tecmo Games,JRPG,T,https://www.metacritic.com/game/atelier-sophie-2-the-alchemist-of-the-mysterious/
Hero's Hour,"PC, Nintendo Switch, PlayStation 5, Xbox Series X",01/03/2022,82,6.1,9,24,Goblinz Studio,Turn-Based Strategy,Not Rated,https://www.metacritic.com/game/heros-hour/
Cult of the Lamb,"PC, PlayStation 5, Nintendo Switch, Xbox Series X, Xbox One, PlayStation 4, iOS (iPhone/iPad)",11/08/2022,82,7.8,93,800,Devolver Digital,Action Adventure,Not Rated,https://www.metacritic.com/game/cult-of-the-lamb/
A Plague Tale: Requiem,"Xbox Series X, PC, PlayStation 5, Nintendo Switch",18/10/2022,82,8.3,70,1647,"Focus Entertainment, Oizumi Amuzio, H2 Interactive Co., Ltd.",Linear Action Adventure,M,https://www.metacritic.com/game/a-plague-tale-requiem/
Shadows Over Loathing,"PC, Nintendo Switch, PlayStation 5, PlayStation 4",11/11/2022,82,8.6,8,14,Asymmetric Publications,JRPG,Not Rated,https://www.metacritic.com/game/shadows-over-loathing/
This War of Mine: Final Cut,"PlayStation 5, Xbox Series X",10/05/2022,82,7.4,12,99,11 bit studios,Survival,M,https://www.metacritic.com/game/this-war-of-mine-final-cut/
Nightmare Reaper,"PC, Nintendo Switch, PlayStation 5, Xbox Series X, PlayStation 4, Xbox One",28/03/2022,82,7.3,12,24,Blazing Bit Games,FPS,Not Rated,https://www.metacritic.com/game/nightmare-reaper/
World of Warcraft: Dragonflight,PC,28/11/2022,82,5.1,26,698,Activision,MMORPG,T,https://www.metacritic.com/game/world-of-warcraft-dragonflight/
Lunistice,"PC, Nintendo Switch",10/11/2022,82,7.5,9,24,Deck 13,3D Platformer,E,https://www.metacritic.com/game/lunistice/
Citizen Sleeper,"PC, Xbox Series X, Xbox One, Nintendo Switch, PlayStation 5, PlayStation 4",05/05/2022,82,7.5,23,160,Fellow Traveller,Western RPG,Not Rated,https://www.metacritic.com/game/citizen-sleeper/
LEGO Star Wars: The Skywalker Saga,"Xbox One, PC, PlayStation 4, Nintendo Switch, PlayStation 5, Xbox Series X",05/04/2022,82,7.7,64,820,Warner Bros. Interactive Entertainment,Action Adventure,E10+,https://www.metacritic.com/game/lego-star-wars-the-skywalker-saga/
Among Us VR,"PlayStation 4, PC, PlayStation 5, Meta Quest",10/11/2022,82,6.7,8,20,Innersloth,Survival,E10+,https://www.metacritic.com/game/among-us-vr/
Victoria 3,PC,25/10/2022,81,6.2,39,216,Paradox Interactive,Real-Time Strategy,T,https://www.metacritic.com/game/victoria-3/
Live A Live,"Nintendo Switch, PlayStation 5, PlayStation 4, PC",22/07/2022,81,7.5,103,147,"Nintendo, Square Enix",JRPG,T,https://www.metacritic.com/game/live-a-live/
Guild Wars 2: End of Dragons,PC,28/02/2022,81,7.4,12,136,NCSOFT,MMORPG,T,https://www.metacritic.com/game/guild-wars-2-end-of-dragons/
Symphony of War: The Nephilim Saga,PC,10/06/2022,81,7.4,8,43,Freedom Games,Turn-Based Tactics,Not Rated,https://www.metacritic.com/game/symphony-of-war-the-nephilim-saga/
SIFU,"PlayStation 5, PlayStation 4, PC, Nintendo Switch, Xbox Series X, Xbox One",08/02/2022,81,7.9,83,1260,"Sloclap, Microids, H2 Interactive Co., Ltd.",3D Beat-'Em-Up,M,https://www.metacritic.com/game/sifu/
The Planet Crafter,PC,24/03/2022,81,5.5,7,100,Miju Games,Sandbox,Not Rated,https://www.metacritic.com/game/the-planet-crafter/
"Warhammer 40,000: Chaos Gate - Daemonhunters","PC, PlayStation 5, PlayStation 4, Xbox Series X, Xbox One",05/05/2022,81,7,41,92,"Frontier Foundry, Frontier Developments",Turn-Based Tactics,M,https://www.metacritic.com/game/warhammer-40000-chaos-gate-daemonhunters/
Signalis,"PC, Xbox One, Nintendo Switch, PlayStation 4",27/10/2022,81,8.4,36,330,Humble Games,Survival,M,https://www.metacritic.com/game/signalis/
Shovel Knight Dig,"PlayStation 5, Xbox Series X, Nintendo Switch, iOS (iPhone/iPad), PC, Xbox One",23/09/2022,81,6.8,26,28,Yacht Club Games,2D Platformer,Not Rated,https://www.metacritic.com/game/shovel-knight-dig/
Penko Park,"PC, Nintendo Switch",27/09/2022,81,,15,0,Secret Mode,First-Person Adventure,E,https://www.metacritic.com/game/penko-park/
Pocky & Rocky Reshrined,"Nintendo Switch, PlayStation 4, PC, Xbox Series X",24/06/2022,81,7.7,9,22,"Natsume, NATSUME ATARI Inc., ININ Games",Top-Down Shoot-'Em-Up,E10+,https://www.metacritic.com/game/pocky-and-rocky-reshrined/
Railbound,"PC, iOS (iPhone/iPad), Nintendo Switch, Xbox One, Xbox Series X",01/12/2022,81,7.1,7,12,7Levels,Action Puzzle,E,https://www.metacritic.com/game/railbound/
Syberia: The World Before,"PC, Nintendo Switch, PlayStation 5, Xbox Series X, PlayStation 4, Xbox One",18/03/2022,81,8.4,32,198,Microids,Point-and-Click,T,https://www.metacritic.com/game/syberia-the-world-before/
Dawn of the Monsters,"PC, Nintendo Switch, Xbox Series X, PlayStation 5, PlayStation 4, Xbox One, iOS (iPhone/iPad)",15/03/2022,81,7,7,6,"WayForward, Limited Run Games, Oizumi Amuzio",2D Beat-'Em-Up,T,https://www.metacritic.com/game/dawn-of-the-monsters/
Lost Ark,PC,11/02/2022,81,4.8,54,635,Amazon Game Studios,MMORPG,M,https://www.metacritic.com/game/lost-ark/
Eyes in the Dark: The Curious Case of One Victoria Bloom,PC,14/07/2022,81,8,15,5,Gearbox Publishing,2D Platformer,E10+,https://www.metacritic.com/game/eyes-in-the-dark-the-curious-case-of-one-victoria/
Young Souls,"PC, Nintendo Switch, PlayStation 4, Xbox One",10/03/2022,81,7.1,14,23,The Arcade Crew,2D Beat-'Em-Up,M,https://www.metacritic.com/game/young-souls/
Fire Emblem Warriors: Three Hopes,Nintendo Switch,24/06/2022,80,7,112,321,"Nintendo, Koei Tecmo Games",3D Beat-'Em-Up,T,https://www.metacritic.com/game/fire-emblem-warriors-three-hopes/
Cursed to Golf,"Nintendo Switch, PC, Xbox One, Xbox Series X, PlayStation 5, PlayStation 4",18/08/2022,80,6.3,19,31,Thunderful,Golf,Not Rated,https://www.metacritic.com/game/cursed-to-golf/
Dungeons of Dreadrock,Unknown,12/05/2022,80,7.4,18,0,Unknown,Unknown,T,https://www.metacritic.com/game/dungeons-of-dreadrock/
Card Shark,"Nintendo Switch, PC",02/06/2022,80,7.4,38,44,Devolver Digital,Adventure,E10+,https://www.metacritic.com/game/card-shark/
Azure Striker Gunvolt 3,"Xbox One, PC, Nintendo Switch, PlayStation 5, PlayStation 4",28/07/2022,80,8.4,15,16,Inti Creates,2D Platformer,T,https://www.metacritic.com/game/azure-striker-gunvolt-3/
Football Manager 2023,"PlayStation 5, PC, iOS (iPhone/iPad), Xbox Series X, Xbox One, Nintendo Switch",08/11/2022,80,7,35,120,"Sega Europe, Sega",Soccer Management,E,https://www.metacritic.com/game/football-manager-2023/
The Excavation of Hob's Barrow,"PC, Nintendo Switch",28/09/2022,80,7.9,19,32,Wadjet Eye Games,Point-and-Click,Not Rated,https://www.metacritic.com/game/the-excavation-of-hobs-barrow/
Teardown,"PC, PlayStation 5, Xbox Series X",21/04/2022,80,8.1,20,188,Tuxedo Labs,Sandbox,Not Rated,https://www.metacritic.com/game/teardown/
The Legend of Heroes: Trails from Zero,"PSP, PlayStation Vita, PC, PlayStation 4, Nintendo Switch",27/09/2022,80,7.4,19,78,"NIS America, Koei Tecmo Games, Falcom, Clouded Leopard Entertainment",JRPG,T,https://www.metacritic.com/game/the-legend-of-heroes-trails-from-zero/
The Entropy Centre,"PC, PlayStation 5, Xbox Series X, Xbox One, PlayStation 4, Nintendo Switch",03/11/2022,80,7.3,16,35,Playstack,First-Person Adventure,Not Rated,https://www.metacritic.com/game/the-entropy-centre/
Please Fix The Road,"PC, Nintendo Switch, Xbox Series X, Xbox One, PlayStation 5, PlayStation 4",10/06/2022,80,,7,0,Ariel Jurkowski,Puzzle,Not Rated,https://www.metacritic.com/game/please-fix-the-road/
Expeditions: Rome,PC,20/01/2022,80,7.8,40,109,THQ Nordic,Turn-Based Tactics,Not Rated,https://www.metacritic.com/game/expeditions-rome/
Yu-Gi-Oh! Master Duel,"Nintendo Switch, iOS (iPhone/iPad), PlayStation 4, PlayStation 5, Xbox One, Xbox Series X, PC",19/01/2022,80,6,13,173,Konami,Card Battle,T,https://www.metacritic.com/game/yu-gi-oh-master-duel/
Saturnalia,"PC, PlayStation 5, PlayStation 4, Xbox Series X, Xbox One, Nintendo Switch",27/10/2022,80,6.5,13,30,Santa Ragione,Survival,Not Rated,https://www.metacritic.com/game/saturnalia/
The Sims 4: Werewolves,"PlayStation 4, Xbox One, PC",16/06/2022,80,3.5,8,4,Electronic Arts,Virtual Life,T,https://www.metacritic.com/game/the-sims-4-werewolves/
Blacktail,"PC, Xbox Series X, PlayStation 5",15/12/2022,80,7.1,16,53,Focus Entertainment,FPS,Not Rated,https://www.metacritic.com/game/blacktail/
Them's Fightin' Herds,"PC, Nintendo Switch, Xbox Series X, Xbox One, PlayStation 5, PlayStation 4",18/10/2022,80,7,9,15,Modus Games,2D Fighting,E10+,https://www.metacritic.com/game/thems-fightin-herds/
Potionomics,PC,17/10/2022,80,7.8,11,29,XSEED Games,Tycoon,E10+,https://www.metacritic.com/game/potionomics/
DNF Duel: Who's Next,"PlayStation 4, PlayStation 5, PC, Nintendo Switch",28/06/2022,80,5.9,20,33,"Nexon, Arc System Works",2D Fighting,T,https://www.metacritic.com/game/dnf-duel-whos-next/
Taiko no Tatsujin: Rhythm Festival,"Nintendo Switch, PC, PlayStation 5, Xbox Series X",23/09/2022,80,7.3,23,19,Bandai Namco Games,Rhythm,E,https://www.metacritic.com/game/taiko-no-tatsujin-rhythm-festival/
Escape Academy,"Xbox Series X, Xbox One, PlayStation 4, PC, PlayStation 5",13/07/2022,79,8,20,63,iam8bit,First-Person Adventure,Not Rated,https://www.metacritic.com/game/escape-academy/
Voice of Cards: The Forsaken Maiden,"PlayStation 4, PC, Nintendo Switch",17/02/2022,79,6.3,19,18,Square Enix,Card Battle,T,https://www.metacritic.com/game/voice-of-cards-the-forsaken-maiden/
RAILGRADE,"PC, Nintendo Switch",29/09/2022,79,8,8,8,"Epic Games, Minakata Dynamics",Tycoon,Not Rated,https://www.metacritic.com/game/railgrade/
Variable Barricade,"PlayStation Vita, PlayStation 4, Nintendo Switch",24/02/2022,79,5.9,7,8,"Aksys Games, Idea Factory",Visual Novel,T,https://www.metacritic.com/game/variable-barricade/
Rollerdrome,"PlayStation 5, PlayStation 4, PC, Xbox Series X",16/08/2022,79,6.9,51,115,"Private Division, Take-Two Interactive",Third Person Shooter,M,https://www.metacritic.com/game/rollerdrome/
Call of Duty: Warzone,"PlayStation 5, Xbox Series X, PC, PlayStation 4, Xbox One",14/11/2022,79,4.1,9,479,Activision,Tactical FPS,M,https://www.metacritic.com/game/call-of-duty-warzone/
CULTIC: Chapter One,PC,13/10/2022,79,8.2,11,42,3D Realms,FPS,Not Rated,https://www.metacritic.com/game/cultic-chapter-one/
The King of Fighters XV,"PlayStation 4, PlayStation 5, PC, Xbox Series X",14/02/2022,79,7.5,55,109,"Prime Matter, Koch Media, SNK Corporation, Deep Silver",2D Fighting,T,https://www.metacritic.com/game/the-king-of-fighters-xv/
The Elder Scrolls Online: High Isle,"PC, Xbox Series X, Xbox One, PlayStation 4, PlayStation 5",06/06/2022,79,6.2,17,24,Bethesda Softworks,MMORPG,Not Rated,https://www.metacritic.com/game/the-elder-scrolls-online-high-isle/
F1 22,"PlayStation 5, Xbox Series X, PC, PlayStation 4, Xbox One",28/06/2022,79,4.2,40,183,Electronic Arts,Auto Racing Sim,E,https://www.metacritic.com/game/f1-22/
Teenage Mutant Ninja Turtles: The Cowabunga Collection,"PlayStation 5, PlayStation 4, Nintendo Switch, Xbox Series X, Xbox One, PC",30/08/2022,79,7.6,47,62,Konami,Compilation,T,https://www.metacritic.com/game/teenage-mutant-ninja-turtles-the-cowabunga/
Metal: Hellsinger,"PlayStation 4, Xbox One, PlayStation 5, Xbox Series X, PC",15/09/2022,79,7.5,67,229,Funcom,FPS,Not Rated,https://www.metacritic.com/game/metal-hellsinger/
Birushana: Rising Flower of Genpei,Nintendo Switch,28/06/2022,79,5.2,14,5,"Idea Factory, Otomate, Reef Entertainment",Visual Novel,T,https://www.metacritic.com/game/birushana-rising-flower-of-genpei/
The Quarry,"PC, PlayStation 5, Xbox Series X, PlayStation 4, Xbox One",10/06/2022,79,6.5,92,839,2K Games,Third-Person Adventure,M,https://www.metacritic.com/game/the-quarry/
Ghost Song,"PC, Nintendo Switch, Xbox Series X, Xbox One, PlayStation 5, PlayStation 4",03/11/2022,79,6.9,13,87,Humble Games,Metroidvania,T,https://www.metacritic.com/game/ghost-song/
Nobody Saves the World,"Xbox Series X, PC, Xbox One, Nintendo Switch, PlayStation 5, PlayStation 4",18/01/2022,79,7.4,31,139,DrinkBox Studios,Action RPG,T,https://www.metacritic.com/game/nobody-saves-the-world/
Shin-chan: Me and the Professor on Summer Vacation - The Endless Seven-Day Journey,"iOS (iPhone/iPad), Nintendo Switch, PlayStation 4, PC",11/08/2022,79,7.1,18,18,Neos,Adventure,E,https://www.metacritic.com/game/shin-chan-me-and-the-professor-on-summer-vacation/
F1 Manager 2022,"PlayStation 5, Xbox Series X, PC, PlayStation 4, Xbox One",25/08/2022,79,6.5,23,92,Frontier Developments,Racing Sim,E,https://www.metacritic.com/game/f1-manager-2022/
Capcom Fighting Collection,"Nintendo Switch, PC, PlayStation 4, Xbox One",24/06/2022,79,7,35,20,Capcom,Compilation,T,https://www.metacritic.com/game/capcom-fighting-collection/
Wayward Strand,"PC, PlayStation 5, PlayStation 4, Nintendo Switch, Xbox Series X, Xbox One",15/09/2022,79,6,11,6,Ghost Pattern,Adventure,T,https://www.metacritic.com/game/wayward-strand/
A Musical Story,"Nintendo Switch, Xbox One, iOS (iPhone/iPad), PC, PlayStation 5, PlayStation 4, Xbox Series X",03/03/2022,79,7.1,8,8,"Digerati Distribution, EastAsiaSoft",Rhythm,M,https://www.metacritic.com/game/a-musical-story/
The Knight Witch,"PlayStation 5, Xbox Series X, PC, PlayStation 4, Xbox One, Nintendo Switch",29/11/2022,79,6.8,10,26,Team17,Metroidvania,Not Rated,https://www.metacritic.com/game/the-knight-witch/
Tiny Tina's Wonderlands,"PlayStation 5, Xbox Series X, PC, PlayStation 4, Xbox One",25/03/2022,78,5.7,91,428,2K Games,FPS,T,https://www.metacritic.com/game/tiny-tinas-wonderlands/
River City Girls 2,"Nintendo Switch, PlayStation 4, PC, Xbox Series X, PlayStation 5, Xbox One, iOS (iPhone/iPad)",15/12/2022,78,5.9,13,24,"Arc System Works, Limited Run Games, WayForward",2D Beat-'Em-Up,E10+,https://www.metacritic.com/game/river-city-girls-2/
Cotton Fantasy,"PC, Nintendo Switch, PlayStation 4",20/05/2022,78,7.3,13,12,"ININ Games, Success",Horizontal Shoot-'Em-Up,E10+,https://www.metacritic.com/game/cotton-fantasy/
Klonoa Phantasy Reverie Series,"Nintendo Switch, PlayStation 5, PlayStation 4, Xbox Series X, Xbox One, PC",08/07/2022,78,7.9,33,68,Bandai Namco Games,Compilation,E10+,https://www.metacritic.com/game/klonoa-phantasy-reverie-series/
WindJammers 2,"Nintendo Switch, PC, PlayStation 5, PlayStation 4, Xbox Series X, Xbox One",20/01/2022,78,6.9,37,30,DotEmu,Individual Sports,E,https://www.metacritic.com/game/windjammers-2/
Crowns and Pawns: Kingdom of Deceit,"PC, Nintendo Switch, PlayStation 4, Xbox One, Xbox Series X, PlayStation 5",06/05/2022,78,8.2,11,14,Thunderful,Point-and-Click,Not Rated,https://www.metacritic.com/game/crowns-and-pawns-kingdom-of-deceit/
NBA 2K23,"PlayStation 5, Xbox Series X, PC, PlayStation 4, Xbox One, Nintendo Switch, iOS (iPhone/iPad)",09/09/2022,78,4.5,59,228,"2K Games, Take-Two Interactive",Basketball Sim,E,https://www.metacritic.com/game/nba-2k23/
Sonic Origins,"Nintendo Switch, Xbox Series X, PlayStation 5, PlayStation 4, Xbox One, PC",23/06/2022,78,7.5,45,189,Sega,Compilation,E,https://www.metacritic.com/game/sonic-origins/
Revita,"PC, Nintendo Switch, PlayStation 5, PlayStation 4, Xbox Series X, Xbox One",21/04/2022,78,8,11,10,"Dear Villagers, Red Art Games, Oizumi Amuzio, Plug In Digital",2D Platformer,E10+,https://www.metacritic.com/game/revita/
Hell Pie,"PC, Nintendo Switch, PlayStation 5, PlayStation 4, Xbox Series X, Xbox One",21/07/2022,78,7.2,8,28,Headup Games,3D Platformer,Not Rated,https://www.metacritic.com/game/hell-pie/
Once Upon a Jester,"Nintendo Switch, Xbox Series X, PlayStation 5, PC",09/11/2022,78,8.4,7,11,Crunching Koalas,Adventure,E10+,https://www.metacritic.com/game/once-upon-a-jester/
Redout 2,"PC, PlayStation 4, Xbox One, Nintendo Switch, Xbox Series X, PlayStation 5",16/06/2022,78,6.8,13,27,Saber Interactive,Future Racing,E10+,https://www.metacritic.com/game/redout-2/
"Please, Touch The Artwork","PC, iOS (iPhone/iPad), Nintendo Switch",03/09/2022,78,,7,0,Nakana.io,Puzzle,E,https://www.metacritic.com/game/please-touch-the-artwork/
Crisis Core: Final Fantasy VII Reunion,"PlayStation 5, Xbox Series X, PC, PlayStation 4, Xbox One, Nintendo Switch",13/12/2022,78,7.6,84,598,Square Enix,Action RPG,T,https://www.metacritic.com/game/crisis-core-final-fantasy-vii-reunion/
Andro Dunos 2,"Nintendo Switch, Xbox One, PlayStation 4, Dreamcast, 3DS, PC",24/03/2022,78,8.4,13,11,"Just For Games, VGNYsoft",Horizontal Shoot-'Em-Up,E,https://www.metacritic.com/game/andro-dunos-2/
Tinykin,"PC, Nintendo Switch, PlayStation 5, PlayStation 4, Xbox One, Xbox Series X",30/08/2022,78,8.1,19,116,tinyBuild,3D Platformer,Not Rated,https://www.metacritic.com/game/tinykin/
MLB The Show 22,"PlayStation 5, Nintendo Switch, PlayStation 4, Xbox Series X, Xbox One",01/04/2022,77,5.1,48,76,Sony Interactive Entertainment,Baseball Sim,E,https://www.metacritic.com/game/mlb-the-show-22/
Capcom Arcade 2nd Stadium,"Nintendo Switch, PC, Xbox One, PlayStation 4",22/07/2022,77,7.3,29,15,Capcom,Compilation,T,https://www.metacritic.com/game/capcom-arcade-2nd-stadium/
Need for Speed Unbound,"PC, Xbox Series X, PlayStation 5",29/11/2022,77,5.9,54,1111,Electronic Arts,Auto Racing,T,https://www.metacritic.com/game/need-for-speed-unbound/
Blossom Tales II: The Minotaur Prince,"PC, Nintendo Switch, Xbox Series X, Xbox One, iOS (iPhone/iPad)",16/08/2022,77,8.5,12,29,Playtonic Friends,Open-World Action,E10+,https://www.metacritic.com/game/blossom-tales-ii-the-minotaur-prince/
Distant Worlds 2,PC,10/03/2022,77,6.7,8,17,Slitherine,Strategy,Not Rated,https://www.metacritic.com/game/distant-worlds-2/
Lover Pretend,Nintendo Switch,01/12/2022,77,,7,0,"Aksys Games, Idea Factory",Visual Novel,T,https://www.metacritic.com/game/lover-pretend/
Ship of Fools,"PC, Nintendo Switch, PlayStation 5, Xbox Series X",22/11/2022,77,6.9,10,24,"Team17, Super Rare Games",Roguelike,E10+,https://www.metacritic.com/game/ship-of-fools/
Sucker for Love: First Date,"PC, Nintendo Switch",20/01/2022,77,8.3,11,18,DreadXP,Visual Novel,Not Rated,https://www.metacritic.com/game/sucker-for-love-first-date/
Kombinera,"PC, Nintendo Switch, iOS (iPhone/iPad), PlayStation 5, Xbox Series X, Xbox One, PlayStation 4",07/04/2022,77,,8,0,Atari,Action Puzzle,E,https://www.metacritic.com/game/kombinera/
Gunvolt Chronicles: Luminous Avenger iX 2,"Nintendo Switch, PC, Xbox Series X, Xbox One, PlayStation 4, PlayStation 5",27/01/2022,77,7.8,10,12,"Inti Creates, Justdan",2D Platformer,T,https://www.metacritic.com/game/gunvolt-chronicles-luminous-avenger-ix-2/
"Warhammer 40,000: Shootas, Blood & Teef","Nintendo Switch, PC, PlayStation 4, Xbox One, PlayStation 5, Xbox Series X",20/10/2022,77,6.8,12,13,Rogueside,2D Platformer,Not Rated,https://www.metacritic.com/game/warhammer-40000-shootas-blood-and-teef/
Melatonin,"PC, Nintendo Switch, PlayStation 5",15/12/2022,77,8.5,11,26,Half Asleep,Rhythm,Not Rated,https://www.metacritic.com/game/melatonin/
Just Dance 2023 Edition,"Nintendo Switch, PlayStation 5, Xbox Series X",22/11/2022,77,6.7,12,36,Ubisoft,Dancing,E,https://www.metacritic.com/game/just-dance-2023-edition/
Voice of Cards: The Beasts of Burden,"Nintendo Switch, PlayStation 4, PC",13/09/2022,77,7.9,19,8,Square Enix,Card Battle,T,https://www.metacritic.com/game/voice-of-cards-the-beasts-of-burden/
FixFox,PC,31/03/2022,77,7.6,8,5,Joystick Ventures,Adventure,Not Rated,https://www.metacritic.com/game/fixfox/
Freud's Bones - The Game,"Nintendo Switch, PC",25/05/2022,77,7.3,7,12,Axel Fox,Adventure,Not Rated,https://www.metacritic.com/game/freuds-bones-the-game-2022/
Mount & Blade II: Bannerlord,"PC, Xbox Series X, PlayStation 5, PlayStation 4, Xbox One",25/10/2022,77,7.9,25,584,"Taleworlds Entertainment, Prime Matter",Western RPG,Not Rated,https://www.metacritic.com/game/mount-and-blade-ii-bannerlord/
Relayer,"PlayStation 5, PlayStation 4",24/03/2022,77,5.2,8,17,"Clouded Leopard Entertainment, Red Art Games, Kadokawa",Turn-Based Tactics,T,https://www.metacritic.com/game/relayer/
Vampire: The Masquerade - Bloodhunt,"PC, PlayStation 5",27/04/2022,77,5.5,8,79,Sharkmob,Tactical Third Person Shooter,M,https://www.metacritic.com/game/vampire-the-masquerade-bloodhunt/
Mario Kart 8 Deluxe: Booster Course Pass - Wave 2,Nintendo Switch,04/08/2022,77,6.4,8,24,Nintendo,Auto Racing,Not Rated,https://www.metacritic.com/game/mario-kart-8-deluxe-booster-course-pass-wave-2/
King Arthur: Knight's Tale,"PC, PlayStation 5, Xbox Series X",26/04/2022,77,7.5,35,91,NeocoreGames,Turn-Based Tactics,Not Rated,https://www.metacritic.com/game/king-arthur-knights-tale/
Hard West 2,PC,04/08/2022,77,7.3,41,47,Good Shepherd Entertainment,Turn-Based Tactics,Not Rated,https://www.metacritic.com/game/hard-west-2/
As Dusk Falls,"Xbox Series X, PC, Xbox One, PlayStation 5, PlayStation 4",19/07/2022,77,7.7,79,457,Xbox Game Studios,Adventure,M,https://www.metacritic.com/game/as-dusk-falls/
Sniper Elite 5,"PlayStation 5, Xbox Series X, PC, PlayStation 4, Xbox One",26/05/2022,77,6.4,60,278,"Rebellion, Sold Out, Game Source Entertainment",Tactical FPS,M,https://www.metacritic.com/game/sniper-elite-5/
Souldiers,"PC, Nintendo Switch, PlayStation 5, PlayStation 4, Xbox One, Xbox Series X",02/06/2022,77,6.1,14,28,"Dear Villagers, Plug In Digital",Metroidvania,Not Rated,https://www.metacritic.com/game/souldiers/
MotoGP 22,"PlayStation 5, Xbox Series X, PC, PlayStation 4, Xbox One, Nintendo Switch",21/04/2022,76,5.2,22,25,Milestone S.r.l,Auto Racing Sim,E,https://www.metacritic.com/game/motogp-22/
We Were Here Forever,"Xbox Series X, PC, PlayStation 5, PlayStation 4, Xbox One",10/05/2022,76,7.8,29,59,Total Mayhem Games,First-Person Adventure,Not Rated,https://www.metacritic.com/game/we-were-here-forever/
Grapple Dog,"PC, Nintendo Switch, Xbox Series X",10/02/2022,76,6.6,20,14,"Super Rare Games, H2 Interactive Co., Ltd.",2D Platformer,E,https://www.metacritic.com/game/grapple-dog/
GRID Legends,"PC, Xbox Series X, PlayStation 5, Xbox One, PlayStation 4, Meta Quest",25/02/2022,76,6.3,36,164,Electronic Arts,Auto Racing Sim,E10+,https://www.metacritic.com/game/grid-legends/
WWE 2K22,"PlayStation 5, Xbox Series X, PC, PlayStation 4, Xbox One",08/03/2022,76,7.4,62,259,"2K Games, Take-Two Interactive",Wrestling,T,https://www.metacritic.com/game/wwe-2k22/
Kaiju Wars,"PC, Nintendo Switch, Xbox One, PlayStation 4, Xbox Series X",28/04/2022,76,7,15,5,Foolish Mortals Games,Turn-Based Tactics,Not Rated,https://www.metacritic.com/game/kaiju-wars/
Ghostrunner: Project_Hel,"PC, PlayStation 5, Xbox Series X, Nintendo Switch, PlayStation 4, Xbox One",03/03/2022,76,7.1,11,35,All in! Games,3D Platformer,Not Rated,https://www.metacritic.com/game/ghostrunner-projecthel/
Lost Judgment: The Kaito Files,"PlayStation 5, PlayStation 4, Xbox Series X, Xbox One",28/03/2022,76,8.4,14,36,Sega,Open-World Action,M,https://www.metacritic.com/game/lost-judgment-the-kaito-files/
Dome Keeper,"PC, Xbox Series X",27/09/2022,76,7.5,10,63,Raw Fury,Defense,Not Rated,https://www.metacritic.com/game/dome-keeper/
Knights of Honor II: Sovereign,PC,06/12/2022,76,7.4,16,37,THQ Nordic,Real-Time Strategy,T,https://www.metacritic.com/game/knights-of-honor-ii-sovereign/
FIFA 23,"PlayStation 5, Xbox Series X, PC, PlayStation 4, Xbox One, Nintendo Switch",27/09/2022,76,4.1,75,809,Electronic Arts,Soccer Sim,E,https://www.metacritic.com/game/fifa-23/
Weird West,"PC, PlayStation 4, Xbox One",31/03/2022,76,7.1,55,130,Devolver Digital,Action RPG,Not Rated,https://www.metacritic.com/game/weird-west/
"Trolley Problem, Inc.",PC,21/04/2022,76,6.3,9,9,Yogscast Games,Simulation,Not Rated,https://www.metacritic.com/game/trolley-problem-inc/
Dying Light 2 Stay Human,"Xbox One, PlayStation 4, PC, PlayStation 5, Xbox Series X, Nintendo Switch",04/02/2022,76,7.2,65,3401,"Techland, Spike Chunsoft",Survival,M,https://www.metacritic.com/game/dying-light-2-stay-human/
Sol Cresta,"Nintendo Switch, PC, PlayStation 4",22/02/2022,76,8.1,8,12,"PlatinumGames, Limited Run Games",Vertical Shoot-'Em-Up,E10+,https://www.metacritic.com/game/sol-cresta/
We Are OFK,"PC, PlayStation 5, PlayStation 4, Nintendo Switch",18/08/2022,76,3.8,13,17,"Team OFK, iam8bit",Adventure,M,https://www.metacritic.com/game/we-are-ofk/
Hindsight,"Nintendo Switch, PC, iOS (iPhone/iPad), Xbox Series X, Xbox One, PlayStation 5, PlayStation 4",04/08/2022,76,5.4,11,9,Annapurna Interactive,Adventure,Not Rated,https://www.metacritic.com/game/hindsight/
PGA Tour 2K23,"PlayStation 4, Xbox One, PlayStation 5, Xbox Series X, PC",11/10/2022,76,4.9,34,43,"2K Games, Take-Two Interactive",Golf Sim,E,https://www.metacritic.com/game/pga-tour-2k23/
DEADCRAFT,"PC, Nintendo Switch, Xbox Series X, Xbox One, PlayStation 4, PlayStation 5",19/05/2022,76,7.2,7,12,"Marvelous Inc., Marvelous Europe",Survival,M,https://www.metacritic.com/game/deadcraft/
Wavetale,"PlayStation 5, PC, Xbox Series X, Nintendo Switch, PlayStation 4, Xbox One",12/12/2022,76,6.6,10,21,Thunderful,Action Adventure,Not Rated,https://www.metacritic.com/game/wavetale/
Midnight Fight Express,"PC, Nintendo Switch, Xbox One, PlayStation 4",23/08/2022,76,7.4,35,85,Humble Games,3D Beat-'Em-Up,Not Rated,https://www.metacritic.com/game/midnight-fight-express/
OPUS: Echo of Starsong,"PC, iOS (iPhone/iPad), Nintendo Switch",11/05/2022,75,8.7,9,24,"SIGONO INC., PM Studios Inc.",Adventure,E,https://www.metacritic.com/game/opus-echo-of-starsong/
PowerWash Simulator,"PC, Xbox Series X, Xbox One, Nintendo Switch, PlayStation 5, PlayStation 4, iOS (iPhone/iPad)",14/07/2022,75,7.2,15,172,"Square Enix Collective, Square Enix",Virtual Career,E,https://www.metacritic.com/game/powerwash-simulator/
Call of Duty: Modern Warfare II,"PC, Xbox Series X, PlayStation 5, PlayStation 4, Xbox One",28/10/2022,75,5.3,61,1493,Activision,Tactical FPS,M,https://www.metacritic.com/game/call-of-duty-modern-warfare-ii/
Gunfire Reborn,Unknown,27/10/2022,75,7,10,0,Unknown,Unknown,T,https://www.metacritic.com/game/gunfire-reborn/
Master of Magic,PC,13/12/2022,75,7,8,8,Slitherine,4X Strategy,Not Rated,https://www.metacritic.com/game/master-of-magic/
Ghost on the Shore,PC,24/02/2022,75,7.4,7,5,Application Systems Heidelberg,First-Person Adventure,Not Rated,https://www.metacritic.com/game/ghost-on-the-shore/
Doraemon: Story of Seasons - Friends of the Great Kingdom,"Nintendo Switch, PC, PlayStation 5",02/11/2022,75,7.8,16,11,Bandai Namco Games,Virtual Life,E,https://www.metacritic.com/game/doraemon-story-of-seasons-friends-of-the-great/
LEGO Bricktales,"PC, Nintendo Switch, Xbox Series X, Xbox One, PlayStation 5, PlayStation 4, iOS (iPhone/iPad), Meta Quest",12/10/2022,75,5.6,27,22,Thunderful,Sandbox,Not Rated,https://www.metacritic.com/game/lego-bricktales/
Jack Move,"PC, Nintendo Switch, PlayStation 4, Xbox One",08/09/2022,75,7.4,8,18,HypeTrain Digital,JRPG,Not Rated,https://www.metacritic.com/game/jack-move/
Cloud Gardens,"PC, Xbox Series X, Xbox One, Nintendo Switch",16/06/2022,75,7.8,7,5,Coatsink Software,Puzzle,E,https://www.metacritic.com/game/cloud-gardens/
Lost Eidolons,"PC, Xbox Series X, Xbox One, PlayStation 5",13/10/2022,75,7.9,13,38,Ocean Drive Studio,Turn-Based Tactics,Not Rated,https://www.metacritic.com/game/lost-eidolons/
MADiSON,"PC, PlayStation 5, Xbox Series X, Nintendo Switch, Xbox One, PlayStation 4",08/07/2022,75,8,21,351,BLOODIOUS GAMES,First-Person Adventure,Not Rated,https://www.metacritic.com/game/madison/
The Last Hero of Nostalgaia,"Xbox Series X, PC, Xbox One, Nintendo Switch, PlayStation 5, PlayStation 4",19/10/2022,75,6.5,13,15,Coatsink Software,Action Adventure,Not Rated,https://www.metacritic.com/game/the-last-hero-of-nostalgaia/
A Little To The Left,"PC, Nintendo Switch, Xbox Series X, Xbox One, PlayStation 5, PlayStation 4, iOS (iPhone/iPad)",08/11/2022,75,7,26,79,Secret Mode,Puzzle,E,https://www.metacritic.com/game/a-little-to-the-left/
GhostWire: Tokyo,"PlayStation 5, PC, Xbox Series X",22/03/2022,75,7.1,128,941,Bethesda Softworks,Action Adventure,T,https://www.metacritic.com/game/ghostwire-tokyo/
Moonscars,"PC, Nintendo Switch, PlayStation 5, PlayStation 4, Xbox Series X, Xbox One",27/09/2022,75,7.2,23,85,Humble Games,Metroidvania,Not Rated,https://www.metacritic.com/game/moonscars/
Endling - Extinction is Forever,"iOS (iPhone/iPad), PC, Nintendo Switch, PlayStation 4, Xbox One, PlayStation 5, Xbox Series X",19/07/2022,75,7.7,27,92,"HandyGames, THQ Nordic",Action Adventure,T,https://www.metacritic.com/game/endling-extinction-is-forever/
Chaos;Head Noah / Chaos;Child Double Pack,Nintendo Switch,07/10/2022,75,8.7,8,10,"Spike Chunsoft, Mages., Numskull Games",Compilation,M,https://www.metacritic.com/game/chaoshead-noah-chaoschild-double-pack/
South of the Circle,"iOS (iPhone/iPad), Nintendo Switch, PC, Xbox Series X, Xbox One, PlayStation 5, PlayStation 4",03/08/2022,75,5.9,22,36,11 bit studios,Adventure,Not Rated,https://www.metacritic.com/game/south-of-the-circle/
Zombie Rollerz: Pinball Heroes,"iOS (iPhone/iPad), Nintendo Switch, PC, PlayStation 5, Xbox Series X",02/03/2022,74,,12,0,Daedalic Entertainment,Pinball,E,https://www.metacritic.com/game/zombie-rollerz-pinball-heroes/
Chrono Cross: The Radical Dreamers Edition,"Nintendo Switch, PlayStation 4, Xbox One, PC",07/04/2022,74,5.8,39,69,Square Enix,JRPG,T,https://www.metacritic.com/game/chrono-cross-the-radical-dreamers-edition/
The Sims 4: High School Years,"PlayStation 4, PC, Xbox One",28/07/2022,74,3.5,9,8,Electronic Arts,Virtual Life,T,https://www.metacritic.com/game/the-sims-4-high-school-years/
You Suck at Parking,"PC, Nintendo Switch, Xbox Series X, Xbox One, PlayStation 5, PlayStation 4",14/09/2022,74,5.6,10,26,"Happy Volcano, Fireshine Games",Auto Racing,E,https://www.metacritic.com/game/you-suck-at-parking/
Foretales,"PC, Nintendo Switch, iOS (iPhone/iPad)",15/09/2022,74,7.2,14,9,"Dear Villagers, Plug In Digital",Card Battle,Not Rated,https://www.metacritic.com/game/foretales/
Loopmancer,"PC, Nintendo Switch, PlayStation 4, Xbox One",13/07/2022,74,7.3,11,8,"eBrain Studio, E-Home Entertainment",2D Platformer,Not Rated,https://www.metacritic.com/game/loopmancer/
Potion Craft: Alchemist Simulator,"PC, Xbox Series X, Xbox One, Nintendo Switch, PlayStation 4, PlayStation 5",13/12/2022,74,7.2,13,102,tinyBuild,Virtual Career,Not Rated,https://www.metacritic.com/game/potion-craft-alchemist-simulator/
Monster Energy Supercross - The Official Videogame 5,"PlayStation 5, Xbox Series X, PC, PlayStation 4, Xbox One",17/03/2022,74,5.6,16,18,Milestone S.r.l,Auto Racing Sim,E,https://www.metacritic.com/game/monster-energy-supercross-the-official-videogame-5/
Loot River,"Xbox Series X, PC, Xbox One, PlayStation 5, PlayStation 4",03/05/2022,74,5.1,21,13,straka.studio,Roguelike,Not Rated,https://www.metacritic.com/game/loot-river/
WRC Generations,"PC, PlayStation 5, PlayStation 4, Xbox Series X, Xbox One, Nintendo Switch",03/11/2022,74,7,10,57,"Nacon, 3goo",Auto Racing Sim,E,https://www.metacritic.com/game/wrc-generations/
Soul Hackers 2,"PlayStation 5, Xbox Series X, PC, PlayStation 4, Xbox One",24/08/2022,74,6.9,55,179,"Sega, Atlus",JRPG,M,https://www.metacritic.com/game/soul-hackers-2/
"Warhammer 40,000: Darktide","Xbox Series X, PC, PlayStation 5",30/11/2022,74,5.5,75,249,Fatshark,FPS,M,https://www.metacritic.com/game/warhammer-40000-darktide/
SD Gundam Battle Alliance,"Nintendo Switch, PC, Xbox Series X, PlayStation 5, PlayStation 4, Xbox One",25/08/2022,74,7.2,14,25,Bandai Namco Games,Action RPG,T,https://www.metacritic.com/game/sd-gundam-battle-alliance/
Ooblets,"PC, Xbox One, Nintendo Switch",01/09/2022,74,7.1,25,31,"Glumberland, Fangamer",Trainer RPG,E,https://www.metacritic.com/game/ooblets/
Prinny Presents NIS Classics Vol. 2,"Nintendo Switch, PC",10/05/2022,74,,11,0,NIS America,Compilation,T,https://www.metacritic.com/game/prinny-presents-nis-classics-vol-2/
Frogun,"PC, Xbox Series X, Xbox One, Nintendo Switch, PlayStation 5, PlayStation 4",02/08/2022,74,6.7,9,7,"Top Hat Studios Inc, Limited Run Games, Clear River Games",3D Platformer,E,https://www.metacritic.com/game/frogun/
Flat Eye,PC,14/11/2022,74,,8,0,Raw Fury,Tycoon,Not Rated,https://www.metacritic.com/game/flat-eye/
Ultra Kaiju Monster Rancher,Nintendo Switch,20/10/2022,74,3.8,16,48,Bandai Namco Games,Trainer RPG,E10+,https://www.metacritic.com/game/ultra-kaiju-monster-rancher/
Potion Permit,"Nintendo Switch, Xbox One, PlayStation 4, PC, PlayStation 5, Xbox Series X, iOS (iPhone/iPad)",22/09/2022,74,6.6,22,33,"PQube, Phoenixx Inc.",RPG,E,https://www.metacritic.com/game/potion-permit/
RPG Time: The Legend of Wright,"Xbox One, Xbox Series X, PC, Nintendo Switch, PlayStation 4",18/08/2022,74,,10,0,Aniplex Inc.,RPG,E10+,https://www.metacritic.com/game/rpg-time-the-legend-of-wright/
Tanuki Sunset,"PC, Xbox Series X, Xbox One, PlayStation 5, PlayStation 4, Nintendo Switch",04/11/2022,74,,7,0,Digerati Distribution,Arcade Racing,E,https://www.metacritic.com/game/tanuki-sunset/
Let's Build a Zoo,"PC, Xbox Series X, Nintendo Switch, PlayStation 5, PlayStation 4, Xbox One",29/09/2022,74,6.8,9,23,"No More Robots, Merge Games",Tycoon,E10+,https://www.metacritic.com/game/lets-build-a-zoo/
Harvestella,"Nintendo Switch, PC",04/11/2022,73,7.7,47,113,Square Enix,Action RPG,T,https://www.metacritic.com/game/harvestella/
Coromon,"PC, Nintendo Switch, iOS (iPhone/iPad)",31/03/2022,73,7.6,16,46,"Freedom Games, indie.io",Trainer RPG,Not Rated,https://www.metacritic.com/game/coromon/
Tom Clancy's Rainbow Six Extraction,"PlayStation 4, Xbox One, PC, PlayStation 5, Xbox Series X",20/01/2022,73,5.2,49,214,Ubisoft,Tactical FPS,M,https://www.metacritic.com/game/tom-clancys-rainbow-six-extraction/
FAR: Changing Tides,"PlayStation 5, PlayStation 4, PC, Xbox Series X, Nintendo Switch, Xbox One",01/03/2022,73,6.9,27,86,"Frontier Foundry, Frontier Developments",Linear Action Adventure,E,https://www.metacritic.com/game/far-changing-tides/
Eternal Threads,"PC, PlayStation 4, Xbox One, Nintendo Switch, Xbox Series X, PlayStation 5",19/05/2022,73,6,31,28,Secret Mode,First-Person Adventure,Not Rated,https://www.metacritic.com/game/eternal-threads/
Resident Evil Village: Winters' Expansion,"Nintendo Switch, PlayStation 5, Xbox Series X, PC, Xbox One, PlayStation 4",28/10/2022,73,6.6,37,135,Capcom,Survival,Not Rated,https://www.metacritic.com/game/resident-evil-village-winters-expansion/
Fobia - St. Dinfna Hotel,"PC, Xbox One, Xbox Series X, PlayStation 4, PlayStation 5",28/06/2022,73,8,22,75,"Maximum Games, Modus Games",Survival,M,https://www.metacritic.com/game/fobia-st-dinfna-hotel/
Paradigm Paradox,Nintendo Switch,27/10/2022,73,,7,0,"Aksys Games, Idea Factory",Visual Novel,T,https://www.metacritic.com/game/paradigm-paradox/
Floodland,PC,15/11/2022,73,7.1,26,8,Ravenscourt,Management,Not Rated,https://www.metacritic.com/game/floodland/
Martha is Dead,"PC, Xbox Series X, PlayStation 5, Xbox One, PlayStation 4",24/02/2022,73,7.1,32,122,Wired Productions,First-Person Adventure,M,https://www.metacritic.com/game/martha-is-dead/
Sword and Fairy: Together Forever,"PC, PlayStation 5, PlayStation 4, Xbox Series X, Xbox One",04/08/2022,73,7.5,21,48,"EastAsiaSoft, Serenity Forge, Game Source Entertainment",Action RPG,T,https://www.metacritic.com/game/sword-and-fairy-together-forever/
Outriders Worldslayer,"PlayStation 5, Xbox Series X, Xbox One, PlayStation 4, PC",30/06/2022,73,5.7,23,21,Square Enix,Third Person Shooter,M,https://www.metacritic.com/game/outriders-worldslayer/
Arcade Paradise,"PC, PlayStation 5, Xbox Series X, Nintendo Switch, Xbox One, PlayStation 4",11/08/2022,73,6.6,13,53,Wired Productions,Virtual Career,T,https://www.metacritic.com/game/arcade-paradise/
The Valiant,"PC, PlayStation 5, Xbox Series X, Xbox One, PlayStation 4",19/10/2022,73,6.2,15,13,THQ Nordic,Real-Time Strategy,T,https://www.metacritic.com/game/the-valiant/
Mario Kart 8 Deluxe: Booster Course Pass - Wave 1,Nintendo Switch,18/03/2022,73,6.5,11,48,Nintendo,Auto Racing,E,https://www.metacritic.com/game/mario-kart-8-deluxe-booster-course-pass-wave-1/
JoJo's Bizarre Adventure: All-Star Battle R,"PlayStation 5, PlayStation 4, Nintendo Switch, Xbox Series X, Xbox One, PC",02/09/2022,73,7.5,32,103,Bandai Namco Games,3D Fighting,T,https://www.metacritic.com/game/jojos-bizarre-adventure-all-star-battle-r/
Evil West,"PC, PlayStation 5, Xbox Series X, Xbox One, PlayStation 4",22/11/2022,73,6.9,46,518,Focus Entertainment,Third Person Shooter,M,https://www.metacritic.com/game/evil-west/
Temtem,"PC, PlayStation 4, PlayStation 5, Xbox One, Xbox Series X, Nintendo Switch",06/09/2022,73,6.1,17,47,"Humble Games, Playism",Trainer RPG,E10+,https://www.metacritic.com/game/temtem/
Mario Strikers: Battle League,Nintendo Switch,10/06/2022,73,4.6,118,533,Nintendo,Soccer,E10+,https://www.metacritic.com/game/mario-strikers-battle-league/
GigaBash,"PC, Xbox One, PlayStation 4, Nintendo Switch, PlayStation 5, Xbox Series X",05/08/2022,73,6.9,11,15,"Passion Republic, Limited Run Games",3D Fighting,E10+,https://www.metacritic.com/game/gigabash/
Headland,"iOS (iPhone/iPad), Nintendo Switch, PC",13/01/2022,73,,8,0,Northplay ApS,Action Adventure,E,https://www.metacritic.com/game/headland/
"Honey, I Joined a Cult",PC,03/11/2022,72,6,11,9,Team17,Tycoon,Not Rated,https://www.metacritic.com/game/honey-i-joined-a-cult/
Evil Dead: The Game,"PlayStation 5, PlayStation 4, Xbox Series X, PC, Xbox One, Nintendo Switch",13/05/2022,72,7,42,167,"Saber Interactive, H2 Interactive Co., Ltd.",Survival,M,https://www.metacritic.com/game/evil-dead-the-game/
The Serpent Rogue,"PC, Nintendo Switch, PlayStation 5, Xbox Series X",26/04/2022,72,5.3,7,4,Team17,Action Adventure,Not Rated,https://www.metacritic.com/game/the-serpent-rogue/
Dragon Quest Treasures,"Nintendo Switch, PC",09/12/2022,72,7.3,60,69,Square Enix,JRPG,E10+,https://www.metacritic.com/game/dragon-quest-treasures/
Yomawari: Lost in the Dark,"PlayStation 4, Nintendo Switch, PC",25/10/2022,72,6.8,10,13,"NIS America, Nippon Ichi Software",Action Adventure,T,https://www.metacritic.com/game/yomawari-lost-in-the-dark/
Submerged: Hidden Depths,"PC, PlayStation 5, PlayStation 4, Nintendo Switch, Xbox Series X, Xbox One",10/03/2022,72,5.9,11,8,"Uppercut Games Pty Ltd, Rainy Frog",Third-Person Adventure,E,https://www.metacritic.com/game/submerged-hidden-depths/
Sunday Gold,PC,13/10/2022,72,6.1,35,10,Team17,Turn-Based Strategy,Not Rated,https://www.metacritic.com/game/sunday-gold/
Hooked on You: A Dead by Daylight Dating Sim,PC,03/08/2022,72,6.3,7,15,Behaviour Interactive,Visual Novel,T,https://www.metacritic.com/game/hooked-on-you-a-dead-by-daylight-dating-sim/
Ground Divers!,Nintendo Switch,30/06/2022,72,,7,0,Arc System Works,Action Puzzle,E,https://www.metacritic.com/game/ground-divers/
Salt and Sacrifice,"PlayStation 5, PlayStation 4, PC, Nintendo Switch",10/05/2022,72,4.7,41,146,Ska Studios,Metroidvania,Not Rated,https://www.metacritic.com/game/salt-and-sacrifice/
Nintendo Switch Sports,Nintendo Switch,29/04/2022,72,6,118,370,Nintendo,Athletics,E10+,https://www.metacritic.com/game/nintendo-switch-sports/
Stranger of Paradise: Final Fantasy Origin,"PlayStation 5, Xbox Series X, PlayStation 4, Xbox One, PC",15/03/2022,72,6.6,94,532,"Square Enix, Koei Tecmo Games",Action RPG,M,https://www.metacritic.com/game/stranger-of-paradise-final-fantasy-origin/
Pupperazzi,"PC, Xbox One, Nintendo Switch",20/01/2022,72,5,14,12,Kitfox Games,Open-World Action,Not Rated,https://www.metacritic.com/game/pupperazzi/
The Battle of Polytopia,"iOS (iPhone/iPad), PC, Nintendo Switch",12/10/2022,72,8,7,24,Midjiwan,4X Strategy,E10+,https://www.metacritic.com/game/the-battle-of-polytopia/
Bear and Breakfast,"Nintendo Switch, PC, PlayStation 5, PlayStation 4",28/07/2022,72,6,15,30,Armor Games,Tycoon,Not Rated,https://www.metacritic.com/game/bear-and-breakfast/
Ixion,"Xbox One, PC, PlayStation 5, Xbox Series X",07/12/2022,72,7.2,15,57,Kasedo Games,Management,Not Rated,https://www.metacritic.com/game/ixion/
Yurukill: The Calumniation Games,"PlayStation 5, Nintendo Switch, PC, PlayStation 4, Xbox Series X",05/07/2022,72,7.1,19,12,"NIS America, Izanagi Games, H2 Interactive Co., Ltd.",Vertical Shoot-'Em-Up,T,https://www.metacritic.com/game/yurukill-the-calumniation-games/
Conan Chop Chop,"PC, PlayStation 4, Xbox One, Nintendo Switch",01/03/2022,72,3.4,9,7,Funcom,Action RPG,Not Rated,https://www.metacritic.com/game/conan-chop-chop/
Conan Chop Chop,"PC, PlayStation 4, Xbox One, Nintendo Switch",01/03/2022,72,3.4,9,7,Funcom,Action RPG,Not Rated,https://www.metacritic.com/game/conan-chop-chop/
Gundam Evolution,"PC, PlayStation 5, PlayStation 4, Xbox Series X, Xbox One",21/09/2022,72,4.9,9,27,Bandai Namco Games,Tactical FPS,T,https://www.metacritic.com/game/gundam-evolution/
Pac-Man Museum+,"PC, Xbox One, PlayStation 4, Nintendo Switch",27/05/2022,72,6.2,13,10,Bandai Namco Games,Compilation,E,https://www.metacritic.com/game/pac-man-museum-plus/
LOUD,"Nintendo Switch, PlayStation 4, Xbox One",15/07/2022,72,,14,0,QubicGames,Rhythm,T,https://www.metacritic.com/game/loud/
Pokemon Scarlet,Nintendo Switch,18/11/2022,72,3.5,125,3996,"Nintendo, The Pokemon Company",Trainer RPG,E,https://www.metacritic.com/game/pokemon-scarlet/
Metal Max Xeno Reborn,"PlayStation 4, Nintendo Switch, PC",10/06/2022,72,,9,0,"PQube, Kadokawa, Clouded Leopard Entertainment",RPG,T,https://www.metacritic.com/game/metal-max-xeno-reborn/
Somerville,"Xbox Series X, PC, Xbox One, PlayStation 5, PlayStation 4",15/11/2022,71,5.8,44,145,Jumpship,Action Adventure,Not Rated,https://www.metacritic.com/game/somerville/
ANNO: Mutationem,"PlayStation 4, PC, PlayStation 5, Nintendo Switch, Xbox One, Xbox Series X",17/03/2022,71,6.7,11,76,Lightning Games,Metroidvania,Not Rated,https://www.metacritic.com/game/anno-mutationem/
Spidersaurs,"iOS (iPhone/iPad), PC, PlayStation 5, Xbox Series X, Nintendo Switch, PlayStation 4, Xbox One",14/07/2022,71,,8,0,"WayForward, Limited Run Games, Oizumi Amuzio",2D Platformer,E10+,https://www.metacritic.com/game/spidersaurs/
The Centennial Case: A Shijima Story,"PC, PlayStation 4, Nintendo Switch, PlayStation 5, iOS (iPhone/iPad)",12/05/2022,71,7,29,11,Square Enix,Adventure,T,https://www.metacritic.com/game/the-centennial-case-a-shijima-story/
The Forest Quartet,"PC, PlayStation 5, PlayStation 4, Nintendo Switch",08/12/2022,71,6.3,7,21,Bedtime Digital Games,Third-Person Adventure,E,https://www.metacritic.com/game/the-forest-quartet/
NHL 23,"PlayStation 5, Xbox Series X, PlayStation 4, Xbox One",11/10/2022,71,3.2,25,75,Electronic Arts,Hockey Sim,E10+,https://www.metacritic.com/game/nhl-23/
Shadow Warrior 3,"PC, Xbox One, PlayStation 4",01/03/2022,71,6.3,61,170,Devolver Digital,FPS,Not Rated,https://www.metacritic.com/game/shadow-warrior-3/
Pokemon Violet,Nintendo Switch,18/11/2022,71,4.1,125,2647,"Nintendo, The Pokemon Company",Trainer RPG,E,https://www.metacritic.com/game/pokemon-violet/
Asterigos: Curse of the Stars,"PlayStation 5, PlayStation 4, PC, Xbox Series X, Xbox One",11/10/2022,71,7.1,16,72,tinyBuild,Action RPG,Not Rated,https://www.metacritic.com/game/asterigos-curse-of-the-stars/
A Memoir Blue,"PC, iOS (iPhone/iPad), Xbox Series X, Xbox One, PlayStation 5, PlayStation 4, Nintendo Switch",24/03/2022,71,6.1,14,24,Annapurna Interactive,Adventure,E,https://www.metacritic.com/game/a-memoir-blue/
Trek to Yomi,"PlayStation 5, Xbox Series X, PC, PlayStation 4, Xbox One, Nintendo Switch",05/05/2022,71,6.3,54,245,Devolver Digital,Linear Action Adventure,Not Rated,https://www.metacritic.com/game/trek-to-yomi/
Pac-Man World: Re-PAC,"Nintendo Switch, PC, PlayStation 5, PlayStation 4, Xbox Series X, Xbox One",26/08/2022,71,7.6,30,90,Bandai Namco Games,3D Platformer,E,https://www.metacritic.com/game/pac-man-world-re-pac/
Eiyuden Chronicle: Rising,"Xbox Series X, PC, Xbox One, PlayStation 5, PlayStation 4, Nintendo Switch",10/05/2022,71,6.6,30,64,505 Games,Action RPG,E10+,https://www.metacritic.com/game/eiyuden-chronicle-rising/
SILT,"PC, PlayStation 5, Xbox Series X, Xbox One, PlayStation 4, Nintendo Switch",01/06/2022,71,5.3,11,8,Fireshine Games,Action Adventure,T,https://www.metacritic.com/game/silt/
RPGolf Legends,"Nintendo Switch, PlayStation 4, Xbox One, PC, Xbox Series X, PlayStation 5",20/01/2022,71,,10,0,Kemco,RPG,E,https://www.metacritic.com/game/rpgolf-legends/
B.I.O.T.A.,PC,12/04/2022,71,,8,0,Retrovibe,Metroidvania,Not Rated,https://www.metacritic.com/game/biota/
Assassin's Creed Valhalla: Dawn of Ragnarok,"PlayStation 5, PC, Xbox Series X, Xbox One, PlayStation 4",10/03/2022,71,5.8,33,233,Ubisoft,Open-World Action,M,https://www.metacritic.com/game/assassins-creed-valhalla-dawn-of-ragnarok/
Prinny Presents NIS Classics Volume 3 La Pucelle: Ragnarok / Rhapsody: A Musical Adventure,"Nintendo Switch, PC",30/08/2022,71,6.5,12,6,NIS America,Compilation,T,https://www.metacritic.com/game/prinny-presents-nis-classics-volume-3-la-pucelle/
Tennis Manager 2022,PC,17/05/2022,71,,7,0,Rebound Capital Games,Tennis,Not Rated,https://www.metacritic.com/game/tennis-manager-2022/
Cities VR: Enhanced Edition,"PlayStation 5, Meta Quest",28/04/2022,71,,7,0,Fast Travel Games,Management,Not Rated,https://www.metacritic.com/game/cities-vr-enhanced-edition/
The DioField Chronicle,"PlayStation 5, PlayStation 4, PC, Nintendo Switch, Xbox Series X, Xbox One",22/09/2022,71,7.4,26,80,Square Enix,Real-Time Tactics,T,https://www.metacritic.com/game/the-diofield-chronicle/
Sonic Frontiers,"Nintendo Switch, Xbox Series X, PlayStation 5, Xbox One, PlayStation 4, PC",08/11/2022,70,8.1,95,3855,Sega,3D Platformer,E10+,https://www.metacritic.com/game/sonic-frontiers/
Slipstream (2018),"Nintendo Switch, PlayStation 5, PlayStation 4, Xbox One, PC",07/04/2022,70,7.8,11,16,BlitWorks,Auto Racing,E,https://www.metacritic.com/game/slipstream-2018/
Starship Troopers: Terran Command,PC,16/06/2022,70,7.2,38,39,Slitherine,Real-Time Tactics,Not Rated,https://www.metacritic.com/game/starship-troopers-terran-command/
Nickelodeon Kart Racers 3: Slime Speedway,"PlayStation 5, Xbox Series X, PC, PlayStation 4, Xbox One, Nintendo Switch",14/10/2022,70,7.2,11,19,GameMill Entertainment,Auto Racing,E,https://www.metacritic.com/game/nickelodeon-kart-racers-3-slime-speedway/
ATOM RPG,"iOS (iPhone/iPad), Nintendo Switch, PlayStation 4, PC, Xbox One",06/04/2022,70,7.7,8,198,Atent Games,Western RPG,Not Rated,https://www.metacritic.com/game/atom-rpg/
Gravitar: Recharged,"PlayStation 5, Xbox Series X, PC, PlayStation 4, Xbox One, Nintendo Switch",02/06/2022,70,,7,0,Atari,Arcade,E,https://www.metacritic.com/game/gravitar-recharged/
Mothmen 1966,"PC, PlayStation 4, Xbox Series X, Nintendo Switch, Xbox One, PlayStation 5",14/07/2022,70,7.8,9,6,Chorus Worldwide,Visual Novel,Not Rated,https://www.metacritic.com/game/mothmen-1966/
Scorn,"PC, Xbox Series X, PlayStation 5",14/10/2022,70,6.5,76,627,Kepler Interactive,Action Adventure,Not Rated,https://www.metacritic.com/game/scorn/
Life is Strange Remastered Collection,"PC, PlayStation 4, Xbox One, Nintendo Switch",01/02/2022,70,7.4,7,68,Square Enix,Compilation,Not Rated,https://www.metacritic.com/game/life-is-strange-remastered-collection/
No Place for Bravery,"PC, Nintendo Switch",22/09/2022,70,,12,0,"Ysbryd Games, Beep Japan, Beep",Action Adventure,M,https://www.metacritic.com/game/no-place-for-bravery/
SpellForce III Reforced,"PC, PlayStation 5, Xbox Series X, Xbox One, PlayStation 4",07/06/2022,70,7,12,21,THQ Nordic,Real-Time Tactics,M,https://www.metacritic.com/game/spellforce-iii-reforced/
Circus Electrique,"Nintendo Switch, PC, Xbox Series X, Xbox One, PlayStation 4",06/09/2022,70,5.5,9,11,Saber Interactive,Turn-Based Tactics,T,https://www.metacritic.com/game/circus-electrique/
Digimon Survive,"Nintendo Switch, PlayStation 4, Xbox One, PC, Xbox Series X",29/07/2022,70,8.1,28,289,Bandai Namco Games,Turn-Based Tactics,T,https://www.metacritic.com/game/digimon-survive/
Serious Sam: Siberian Mayhem,"PC, Xbox One, PlayStation 5, Xbox Series X",25/01/2022,70,7.8,25,104,Devolver Digital,FPS,Not Rated,https://www.metacritic.com/game/serious-sam-siberian-mayhem/
Front Mission 1st Remake,"Nintendo Switch, PlayStation 5, Xbox Series X, PC, Xbox One, PlayStation 4",30/11/2022,69,7.6,23,46,"Forever Entertainment, Microids, Rainy Frog",Turn-Based Tactics,T,https://www.metacritic.com/game/front-mission-1st-remake/
Imp of the Sun,"PC, Nintendo Switch, PlayStation 5, PlayStation 4, Xbox One, Xbox Series X",24/03/2022,69,6.9,7,7,Sold Out,Metroidvania,E10+,https://www.metacritic.com/game/imp-of-the-sun/
The Dark Pictures Anthology: The Devil in Me,"PC, Xbox Series X, PlayStation 5, PlayStation 4, Xbox One",18/11/2022,69,6,51,328,Bandai Namco Games,Third-Person Adventure,M,https://www.metacritic.com/game/the-dark-pictures-anthology-the-devil-in-me/
KINGDOM of the DEAD,PC,10/02/2022,69,5.4,15,11,Hook Games,FPS,Not Rated,https://www.metacritic.com/game/kingdom-of-the-dead/
Star Ocean: The Divine Force,"PlayStation 5, PlayStation 4, PC, Xbox Series X, Xbox One",27/10/2022,69,7.3,49,191,Square Enix,Action RPG,T,https://www.metacritic.com/game/star-ocean-the-divine-force/
The Callisto Protocol,"PC, PlayStation 5, Xbox Series X, PlayStation 4, Xbox One",02/12/2022,69,6.8,94,2018,KRAFTON Inc.,Survival,M,https://www.metacritic.com/game/the-callisto-protocol/
Batora: Lost Haven,"PC, PlayStation 5, Xbox Series X, Nintendo Switch, Xbox One, PlayStation 4",20/10/2022,69,7,9,57,Team17,Action RPG,Not Rated,https://www.metacritic.com/game/batora-lost-haven/
Roller Champions,"PlayStation 4, Xbox One, PC, Nintendo Switch, iOS (iPhone/iPad)",25/05/2022,69,3.8,14,56,Ubisoft,Future Sport,E10+,https://www.metacritic.com/game/roller-champions/
Thymesia,"PC, PlayStation 5, Xbox Series X, Nintendo Switch",18/08/2022,69,6.4,44,161,Team17,Action RPG,Not Rated,https://www.metacritic.com/game/thymesia/
Cat Cafe Manager,"PC, Nintendo Switch",14/04/2022,69,,11,0,Freedom Games,Tycoon,E10+,https://www.metacritic.com/game/cat-cafe-manager/
Vagante,"PC, Nintendo Switch, PlayStation 4, Xbox One",27/01/2022,69,6.9,8,8,"BlitWorks, EastAsiaSoft",RPG,T,https://www.metacritic.com/game/vagante/
Eternal Hope,"PC, Xbox One, Nintendo Switch, PlayStation 4",08/07/2022,69,,8,0,DX Gameworks,2D Platformer,E10+,https://www.metacritic.com/game/eternal-hope/
Oddworld: Soulstorm - Oddtimized Edition,Nintendo Switch,18/11/2022,69,6.3,11,12,Microids,Action Adventure,T,https://www.metacritic.com/game/oddworld-soulstorm-oddtimized-edition/
Madden NFL 23,"PlayStation 5, Xbox Series X, PC, Xbox One, PlayStation 4",16/08/2022,69,1.7,31,259,"Electronic Arts, EA Sports",Football Sim,E,https://www.metacritic.com/game/madden-nfl-23/
Ganryu 2: Hakuma Kojiro,"Xbox One, PC, Nintendo Switch, PlayStation 4",09/03/2022,69,5.8,10,5,"Just For Games, Pixelheart",2D Platformer,E10+,https://www.metacritic.com/game/ganryu-2-hakuma-kojiro/
Dakar Desert Rally,"PlayStation 5, Xbox Series X, PC, PlayStation 4, Xbox One",04/10/2022,69,5.6,11,52,"Saber Interactive, 3goo",Auto Racing Sim,E,https://www.metacritic.com/game/dakar-desert-rally/
Big Bang Pro Wrestling,Nintendo Switch,30/03/2022,69,,8,0,SNK,Wrestling,E10+,https://www.metacritic.com/game/big-bang-pro-wrestling/
New Tales from the Borderlands,"PC, PlayStation 5, PlayStation 4, Xbox Series X, Xbox One, Nintendo Switch",21/10/2022,69,3.8,62,96,2K Games,Adventure,M,https://www.metacritic.com/game/new-tales-from-the-borderlands/
Galactic Civilizations IV,PC,26/04/2022,69,4.6,14,21,Stardock,4X Strategy,Not Rated,https://www.metacritic.com/game/galactic-civilizations-iv/
Rune Factory 5,"Nintendo Switch, PC",22/03/2022,68,6.2,59,102,"XSEED Games, Marvelous Inc., Marvelous Entertainment, Marvelous Europe, Sega",Action RPG,T,https://www.metacritic.com/game/rune-factory-5/
Chaos;Head Noah,"Nintendo Switch, Xbox 360, PSP, iOS (iPhone/iPad), PlayStation 3, PlayStation Vita, PC",07/10/2022,68,8.3,7,8,"Spike Chunsoft, Mages.",Visual Novel,M,https://www.metacritic.com/game/chaos-head-noah/
Ghostbusters: Spirits Unleashed,"PC, PlayStation 5, PlayStation 4, Xbox Series X, Xbox One, Nintendo Switch",18/10/2022,68,7.7,26,52,"IllFonic, Nighthawk Interactive",Action Adventure,E10+,https://www.metacritic.com/game/ghostbusters-spirits-unleashed/
Serial Cleaners,"PC, PlayStation 4, Xbox One, Nintendo Switch, PlayStation 5, Xbox Series X",22/09/2022,68,6.4,23,21,505 Games,Action Adventure,M,https://www.metacritic.com/game/serial-cleaners/
Far Cry 6 - Pagan: Control,"PC, Xbox Series X, PlayStation 5, Xbox One, PlayStation 4",11/01/2022,68,4.7,8,29,Ubisoft,FPS,M,https://www.metacritic.com/game/far-cry-6-pagan-control/
Kukoos - Lost Pets,"PC, Nintendo Switch, Xbox Series X, Xbox One, PlayStation 5, PlayStation 4",06/12/2022,68,,10,0,"Maximum Games, Modus Games",3D Platformer,E,https://www.metacritic.com/game/kukoos-lost-pets/
Touken Ranbu Warriors,"Nintendo Switch, PC",24/05/2022,68,3.8,25,25,"Koei Tecmo Games, DMM GAMES, EXNOA LLC",Action RPG,T,https://www.metacritic.com/game/touken-ranbu-warriors/
Cartel Tycoon,"PC, Xbox Series X, PlayStation 5",26/07/2022,68,7.2,7,9,tinyBuild,Tycoon,Not Rated,https://www.metacritic.com/game/cartel-tycoon/
The Chant,"PC, PlayStation 5, Xbox Series X, Xbox One",03/11/2022,68,7.1,35,72,"Prime Matter, Deep Silver, PLAION, Koch Media",Survival,M,https://www.metacritic.com/game/the-chant/
Legends of Kingdom Rush,"iOS (iPhone/iPad), PC",14/07/2022,68,7.2,7,6,Ironhide Game Studio,Turn-Based Tactics,Not Rated,https://www.metacritic.com/game/legends-of-kingdom-rush/
Phantom Breaker: Omnia,"PlayStation 4, Xbox One, PC, Nintendo Switch",15/03/2022,68,6.3,9,4,"Rocket Panda Games, Limited Run Games",2D Fighting,T,https://www.metacritic.com/game/phantom-breaker-omnia/
Romancing SaGa: Minstrel Song Remastered,"PC, iOS (iPhone/iPad), PlayStation 4, PlayStation 5, Nintendo Switch",01/12/2022,68,8.5,11,15,Square Enix,JRPG,T,https://www.metacritic.com/game/romancing-saga-minstrel-song-remastered/
River City Girls Zero,"Nintendo Switch, PlayStation 4, PlayStation 5, PC, Xbox Series X, Xbox One",14/02/2022,68,5.9,11,7,"Arc System Works, Limited Run Games",2D Beat-'Em-Up,E10+,https://www.metacritic.com/game/river-city-girls-zero/
The Rumble Fish 2,"Nintendo Switch, Xbox Series X, Xbox One, PC, PlayStation 5, PlayStation 4, Nintendo Switch 2",07/12/2022,68,7,10,6,"3goo, Limited Run Games, Clear River Games",2D Fighting,T,https://www.metacritic.com/game/the-rumble-fish-2/
Disgaea 6 Complete,"PlayStation 5, PlayStation 4, PC",28/06/2022,68,4.8,13,10,"NIS America, Nippon Ichi Software",Turn-Based Tactics,T,https://www.metacritic.com/game/disgaea-6-complete/
Soulstice,"PC, PlayStation 5, Xbox Series X, PlayStation 4",20/09/2022,68,6.2,30,165,"Modus Games, Maximum Games",Action RPG,M,https://www.metacritic.com/game/soulstice/
The Past Within,"PC, Nintendo Switch, iOS (iPhone/iPad)",02/11/2022,68,7.3,8,42,Rusty Lake,Point-and-Click,Not Rated,https://www.metacritic.com/game/the-past-within/
The Company Man,"PC, Nintendo Switch, PlayStation 5, PlayStation 4, Xbox Series X, Xbox One, iOS (iPhone/iPad)",21/01/2022,68,7,8,4,Leoful,2D Platformer,E10+,https://www.metacritic.com/game/the-company-man/
Goat Simulator 3,"PC, Xbox Series X, PlayStation 5, iOS (iPhone/iPad), Nintendo Switch, PlayStation 4, Xbox One",17/11/2022,68,7.6,26,207,"Coffee Stain Publishing, Deep Silver, Koch Media, Coffee Stain Studios",Open-World Action,T,https://www.metacritic.com/game/goat-simulator-3/
Arkanoid: Eternal Battle,"PC, Nintendo Switch, Xbox Series X, PlayStation 5, PlayStation 4, Xbox One",27/10/2022,68,5.9,8,9,Microids,Arcade,E,https://www.metacritic.com/game/arkanoid-eternal-battle/
Destroy All Humans! 2 - Reprobed,"PC, PlayStation 5, Xbox Series X, PlayStation 4, Xbox One",30/08/2022,67,7.2,39,75,THQ Nordic,Action Adventure,T,https://www.metacritic.com/game/destroy-all-humans-2-reprobed/
Session: Skate Sim,"PC, Xbox One, Xbox Series X, PlayStation 5, PlayStation 4, Nintendo Switch",22/09/2022,67,6.1,24,53,"Nacon, Maximum Games, 3goo",Skating,T,https://www.metacritic.com/game/session-skate-sim/
GWENT: Rogue Mage,"iOS (iPhone/iPad), PC",07/07/2022,67,5,11,34,CD Projekt Red Studio,Card Battle,Not Rated,https://www.metacritic.com/game/gwent-rogue-mage/
Gotham Knights,"PlayStation 5, Xbox Series X, PC, PlayStation 4, Xbox One",21/10/2022,67,5.3,84,1029,"Warner Bros. Games, Warner Bros. Interactive Entertainment",Open-World Action,T,https://www.metacritic.com/game/gotham-knights/
Soundfall,"PlayStation 4, PC, Xbox One, Nintendo Switch, PlayStation 5, Xbox Series X",11/05/2022,67,,9,0,Noodlecake Studios,Top-Down Shoot-'Em-Up,E10+,https://www.metacritic.com/game/soundfall/
Source of Madness,"PC, Nintendo Switch, Xbox Series X, PlayStation 5, Xbox One, PlayStation 4",11/05/2022,67,6.4,7,16,Thunderful,Action Adventure,Not Rated,https://www.metacritic.com/game/source-of-madness/
High on Life,"Nintendo Switch 2, Xbox Series X, Xbox One, PC, PlayStation 5, PlayStation 4, Nintendo Switch",13/12/2022,67,7.7,52,1145,Squanch Games,FPS,M,https://www.metacritic.com/game/high-on-life/
Kirby's Dream Buffet,Nintendo Switch,17/08/2022,67,7.3,52,88,Nintendo,Party,E,https://www.metacritic.com/game/kirbys-dream-buffet/
Frozenheim,PC,16/06/2022,67,6.5,15,10,Hyperstrange,Real-Time Strategy,Not Rated,https://www.metacritic.com/game/frozenheim/
Wonder Boy Collection,"PlayStation 4, Nintendo Switch",03/06/2022,67,5,14,4,"ININ Games, Bliss Brain",Compilation,E,https://www.metacritic.com/game/wonder-boy-collection/
Isonzo,"PlayStation 5, Xbox Series X, PC, PlayStation 4, Xbox One",13/09/2022,67,6.6,10,36,"M2H, Maximum Games",Tactical FPS,M,https://www.metacritic.com/game/isonzo/
Maglam Lord,"PC, Nintendo Switch, PlayStation 4",04/02/2022,67,4.6,10,5,"PQube, D3Publisher, Sega",Action RPG,T,https://www.metacritic.com/game/maglam-lord/
Chinatown Detective Agency,"PC, Nintendo Switch, Xbox One",07/04/2022,66,6,23,12,Humble Games,Point-and-Click,Not Rated,https://www.metacritic.com/game/chinatown-detective-agency/
Broken Pieces,"PC, PlayStation 5, Xbox Series X, PlayStation 4, Xbox One",09/09/2022,66,7.2,9,19,Freedom Games,Survival,Not Rated,https://www.metacritic.com/game/broken-pieces/
River City Saga: Three Kingdoms,"Nintendo Switch, PlayStation 4, PC",21/07/2022,66,,7,0,Arc System Works,2D Beat-'Em-Up,E10+,https://www.metacritic.com/game/river-city-saga-three-kingdoms/
Shredders,"Xbox Series X, PC, PlayStation 5",17/03/2022,66,6.3,30,67,Foam Punch,Skiing,E10+,https://www.metacritic.com/game/shredders/
Atari Mania,"PC, Nintendo Switch, PlayStation 5, PlayStation 4",13/10/2022,66,5,13,9,Atari,Party,E,https://www.metacritic.com/game/atari-mania/
Life is Strange: Arcadia Bay Collection,Nintendo Switch,27/09/2022,66,7.7,18,32,Square Enix,Compilation,M,https://www.metacritic.com/game/life-is-strange-arcadia-bay-collection/
The Cruel King and the Great Hero,"Nintendo Switch, PlayStation 4",15/03/2022,66,6.4,14,14,"NIS America, Nippon Ichi Software",JRPG,E10+,https://www.metacritic.com/game/the-cruel-king-and-the-great-hero/
Monark,"PlayStation 4, Nintendo Switch, PlayStation 5, PC",22/02/2022,66,6.4,28,24,"NIS America, FuRyu",RPG,T,https://www.metacritic.com/game/monark/
Vampire: The Masquerade - Swansong,"Xbox One, Xbox Series X, Nintendo Switch, PC, PlayStation 4, PlayStation 5",19/05/2022,66,3.8,58,110,Nacon,Western RPG,M,https://www.metacritic.com/game/vampire-the-masquerade-swansong/
Smurfs Kart,"Nintendo Switch, PlayStation 5, PlayStation 4, PC, Xbox Series X, Xbox One",15/11/2022,66,8.5,14,7,"Maximum Games, Microids",Auto Racing,E,https://www.metacritic.com/game/smurfs-kart/
Best Month Ever!,"PC, Nintendo Switch, Xbox One, PlayStation 4",05/05/2022,65,6.8,7,10,Klabater,Third-Person Adventure,Not Rated,https://www.metacritic.com/game/best-month-ever/
Not Tonight 2,"Nintendo Switch, PC",11/02/2022,65,3.6,8,10,No More Robots,Virtual Career,Not Rated,https://www.metacritic.com/game/not-tonight-2/
GetsuFumaDen: Undying Moon,"Nintendo Switch, PC, PlayStation 5, Xbox Series X, PlayStation 4, Xbox One",09/02/2022,65,6.5,17,11,"Konami, Limited Run Games",2D Platformer,M,https://www.metacritic.com/game/getsufumaden-undying-moon/
Bio Motor Unitron,Nintendo Switch,26/05/2022,65,,10,0,"SNK Corporation, SNK",RPG,E,https://www.metacritic.com/game/bio-motor-unitron/
Ace Angler: Fishing Spirits,Nintendo Switch,28/10/2022,65,,7,0,Bandai Namco Games,Fishing,T,https://www.metacritic.com/game/ace-angler-fishing-spirits/
Little Orpheus,"iOS (iPhone/iPad), PC, Nintendo Switch, PlayStation 5, PlayStation 4, Xbox Series X, Xbox One",13/09/2022,65,5.9,9,20,Secret Mode,2D Platformer,E,https://www.metacritic.com/game/little-orpheus/
Neptunia x Senran Kagura: Ninja Wars,"PlayStation 4, Nintendo Switch, PC",19/04/2022,65,8.2,16,13,"Idea Factory, Compile Heart, Reef Entertainment",Action RPG,T,https://www.metacritic.com/game/neptunia-x-senran-kagura-ninja-wars/
Tower of Fantasy,"PC, iOS (iPhone/iPad), PlayStation 5, PlayStation 4",10/08/2022,65,4.7,14,132,"Level Infinite, Proxima Beta",MMORPG,Not Rated,https://www.metacritic.com/game/tower-of-fantasy/
Valkyrie Elysium,"PlayStation 5, PlayStation 4, PC",29/09/2022,65,6.4,61,182,Square Enix,Action RPG,T,https://www.metacritic.com/game/valkyrie-elysium/
Breakout: Recharged,"Nintendo Switch, Xbox One, Xbox Series X, PlayStation 5, PlayStation 4, PC",10/02/2022,65,6.5,11,6,Atari,Arcade,E,https://www.metacritic.com/game/breakout-recharged/
EGGLIA Rebirth,Nintendo Switch,10/02/2022,65,,11,0,Brownies,JRPG,E,https://www.metacritic.com/game/egglia-rebirth/
Kao the Kangaroo,"PC, Nintendo Switch, PlayStation 5, Xbox Series X, PlayStation 4, Xbox One",27/05/2022,65,6.7,17,61,"Tate Multimedia, Just For Games",3D Platformer,E10+,https://www.metacritic.com/game/kao-the-kangaroo/
Way of the Hunter,"PlayStation 5, Xbox Series X, PC",16/08/2022,65,6.2,14,29,THQ Nordic,Hunting,T,https://www.metacritic.com/game/way-of-the-hunter/
NeoGeo Pocket Color Selection Vol. 2,"Nintendo Switch, PC",09/11/2022,65,,8,0,SNK,Compilation,T,https://www.metacritic.com/game/neogeo-pocket-color-selection-vol-2/
ELEX II,"PC, PlayStation 5, PlayStation 4, Xbox Series X, Xbox One",01/03/2022,64,6.9,24,174,THQ Nordic,Western RPG,M,https://www.metacritic.com/game/elex-ii/
Made in Abyss: Binary Star Falling into Darkness,"Nintendo Switch, PC, PlayStation 4",02/09/2022,64,7.4,10,16,"Spike Chunsoft, Numskull Games",Action RPG,M,https://www.metacritic.com/game/made-in-abyss-binary-star-falling-into-darkness/
Seven Pirates H,"PlayStation Vita, Nintendo Switch",12/05/2022,64,8.1,8,9,"EastAsiaSoft, Compile Heart",JRPG,M,https://www.metacritic.com/game/seven-pirates-h/
Kapital: Sparks of Revolution,PC,28/04/2022,64,,8,0,"Fulqrum Games, 1C Entertainment",Management,Not Rated,https://www.metacritic.com/game/kapital-sparks-of-revolution/
Gibbon: Beyond the Trees,"PC, iOS (iPhone/iPad), Nintendo Switch, PlayStation 4, PlayStation 5",11/05/2022,63,5.4,9,12,"Broken Rules, Super Rare Games",2D Platformer,E10+,https://www.metacritic.com/game/gibbon-beyond-the-trees/
Call of the Wild: The Angler,"PlayStation 5, Xbox Series X, PC, PlayStation 4, Xbox One",31/08/2022,63,3.7,7,23,Expansive Worlds,Fishing,E,https://www.metacritic.com/game/call-of-the-wild-the-angler/
No Place Like Home,"PC, Nintendo Switch, PlayStation 5, Xbox Series X",17/03/2022,63,5.7,8,6,Awaken Realms,Virtual Life,Not Rated,https://www.metacritic.com/game/no-place-like-home/
Chocobo GP,Nintendo Switch,10/03/2022,63,2.5,75,147,Square Enix,Arcade Racing,E10+,https://www.metacritic.com/game/chocobo-gp/
Taito Milestones,Nintendo Switch,15/04/2022,63,,17,0,"ININ Games, Taito Corporation, Arc System Works",Compilation,T,https://www.metacritic.com/game/taito-milestones/
Reverie Knights Tactics,"Nintendo Switch, PC, Xbox One, PlayStation 4",25/01/2022,63,5.5,7,6,1C Entertainment,Turn-Based Tactics,T,https://www.metacritic.com/game/reverie-knights-tactics/
Jurassic World Aftermath Collection,"Nintendo Switch, PlayStation 5, PlayStation 4",10/11/2022,62,7.3,11,6,Coatsink Software,Compilation,T,https://www.metacritic.com/game/jurassic-world-aftermath-collection/
Hokko Life,"PC, PlayStation 4, Xbox One, Nintendo Switch",27/09/2022,62,4.5,12,6,"Team17, Fireshine Games, Game Source Entertainment",Virtual Life,E,https://www.metacritic.com/game/hokko-life/
CrossFire: Legion,PC,08/12/2022,62,,12,0,Prime Matter,Command RTS,Not Rated,https://www.metacritic.com/game/crossfire-legion/
Saints Row,"PC, PlayStation 5, Xbox Series X, PlayStation 4, Xbox One",23/08/2022,61,3.2,66,1341,"Deep Silver, Koch Media, PLAION",Open-World Action,M,https://www.metacritic.com/game/saints-row/
Dynasty Warriors 9 Empires,"Nintendo Switch, PlayStation 4, PlayStation 5, Xbox One, PC, Xbox Series X",15/02/2022,61,5.6,34,38,Koei Tecmo Games,3D Beat-'Em-Up,T,https://www.metacritic.com/game/dynasty-warriors-9-empires/
Scathe,"PC, Nintendo Switch, Xbox Series X, Xbox One, PlayStation 5, PlayStation 4",31/08/2022,61,5.7,10,7,Kwalee Ltd,FPS,Not Rated,https://www.metacritic.com/game/scathe/
ITORAH,"PC, PlayStation 4, Xbox One, Nintendo Switch",21/03/2022,61,7,7,25,Grimbart Tales,2D Platformer,Not Rated,https://www.metacritic.com/game/itorah/
Aka,"PC, Nintendo Switch",14/12/2022,60,3.8,8,4,"Neowiz, Super Rare Games",Virtual Life,E,https://www.metacritic.com/game/aka/
DOLMEN,"PlayStation 4, PC, Xbox One, PlayStation 5, Xbox Series X",20/05/2022,60,6.3,31,38,"Prime Matter, Deep Silver",Action RPG,T,https://www.metacritic.com/game/dolmen/
Dusk Diver 2,"PlayStation 4, Nintendo Switch, PC, PlayStation 5",30/08/2022,60,7,10,6,"Idea Factory, Reef Entertainment",3D Beat-'Em-Up,T,https://www.metacritic.com/game/dusk-diver-2/
Edge Of Eternity,"Xbox One, PlayStation 4, PC, PlayStation 5, Xbox Series X, Nintendo Switch",10/02/2022,60,6,19,32,"Dear Villagers, GS2 Games, Oizumi Amuzio, Plug In Digital, Just For Games",JRPG,T,https://www.metacritic.com/game/edge-of-eternity/
Papetura,"PC, Nintendo Switch, Xbox Series X, PlayStation 5, PlayStation 4, Xbox One",01/12/2022,60,8.8,8,5,Feardemic,Point-and-Click,E,https://www.metacritic.com/game/papetura/
Last Days of Lazarus,"PC, Nintendo Switch, Xbox Series X, Xbox One, PlayStation 5",28/10/2022,60,,7,0,GrimTalin,First-Person Adventure,Not Rated,https://www.metacritic.com/game/last-days-of-lazarus/
Winter Ember,"PC, PlayStation 5, PlayStation 4, Xbox Series X, Xbox One, Nintendo Switch",19/04/2022,60,3.6,7,7,Blowfish Studios,Open-World Action,Not Rated,https://www.metacritic.com/game/winter-ember/
Snow Bros. Nick & Tom Special,"PC, Nintendo Switch",19/05/2022,60,5.2,7,10,"Daewon Media Co., Ltd., Clear River Games",2D Platformer,E,https://www.metacritic.com/game/snow-bros-nick-and-tom-special/
Hello Neighbor 2,"Xbox One, PC, Xbox Series X, PlayStation 5, PlayStation 4, Nintendo Switch",06/12/2022,59,5.5,7,129,tinyBuild,Open-World Action,Not Rated,https://www.metacritic.com/game/hello-neighbor-2/
Witch Strandings,PC,07/07/2022,59,,9,0,Modern Wolf,Strategy,Not Rated,https://www.metacritic.com/game/witch-strandings/
Expedition Zero,PC,24/03/2022,59,,9,0,tinyBuild,Survival,Not Rated,https://www.metacritic.com/game/expedition-zero/
Dying Light 2 Stay Human: Bloody Ties,"PC, Nintendo Switch, Xbox Series X, Xbox One, PlayStation 5, PlayStation 4",10/11/2022,59,4.1,7,30,Techland,Survival,M,https://www.metacritic.com/game/dying-light-2-stay-human-bloody-ties/
Matchpoint: Tennis Championships,"PC, PlayStation 5, Xbox Series X, Xbox One, PlayStation 4, Nintendo Switch",07/07/2022,58,6.7,17,12,Kalypso,Tennis,E,https://www.metacritic.com/game/matchpoint-tennis-championships/
Aztech: Forgotten Gods,"Nintendo Switch, PC, PlayStation 5, Xbox Series X, Xbox One, PlayStation 4",10/03/2022,58,3.1,7,8,"Lienzo, Desarrollos Tecnologicos y de Entretenimiento S.A. de C.V.",Action Adventure,T,https://www.metacritic.com/game/aztech-forgotten-gods/
Kingdom Hearts Integrum Masterpiece for Cloud,Nintendo Switch,10/02/2022,57,2.2,7,21,Square Enix,Compilation,E10+,https://www.metacritic.com/game/kingdom-hearts-integrum-masterpiece-for-cloud/
THE HOUSE OF THE DEAD: Remake,"Nintendo Switch, PC, PlayStation 4, Xbox One, Xbox Series X, PlayStation 5",07/04/2022,57,7.3,41,92,"Forever Entertainment, Microids, Rainy Frog",Light Gun,M,https://www.metacritic.com/game/the-house-of-the-dead-remake/
Gungrave G.O.R.E,"PlayStation 4, PC, PlayStation 5, Xbox Series X, Xbox One",22/11/2022,57,6.2,39,62,"Prime Matter, Koch Media",Third Person Shooter,M,https://www.metacritic.com/game/gungrave-gore/
Lila's Sky Ark,"PC, Nintendo Switch",21/04/2022,57,,8,0,Graffiti Games,Action Adventure,T,https://www.metacritic.com/game/lilas-sky-ark/
Out There: Oceans of Time,PC,26/05/2022,57,5,11,4,Modern Wolf,Strategy,Not Rated,https://www.metacritic.com/game/out-there-oceans-of-time/
Choo-Choo Charles,"PC, Nintendo Switch, PlayStation 5, Xbox Series X, Xbox One, PlayStation 4",09/12/2022,56,6.8,18,81,Two Star Games,Survival,Not Rated,https://www.metacritic.com/game/choo-choo-charles/
Lovecraft's Untold Stories 2,"PC, PlayStation 4, Xbox One",13/09/2022,56,,7,0,"Fulqrum Publishing, 1C Entertainment",Action RPG,Not Rated,https://www.metacritic.com/game/lovecrafts-untold-stories-2/
Soccer Story,"PlayStation 5, Xbox Series X, PC, PlayStation 4, Xbox One, Nintendo Switch",29/11/2022,55,5.2,9,5,No More Robots,RPG,E,https://www.metacritic.com/game/soccer-story/
MX vs ATV Legends,"PC, Xbox Series X, Xbox One, PlayStation 5, PlayStation 4",28/06/2022,55,4.3,16,16,THQ Nordic,Auto Racing,E,https://www.metacritic.com/game/mx-vs-atv-legends/
Blind Fate: Edo no Yami,"PlayStation 4, Xbox One, PC, Nintendo Switch, PlayStation 5, Xbox Series X",15/09/2022,54,5.8,9,6,101XP,Action Adventure,Not Rated,https://www.metacritic.com/game/blind-fate-edo-no-yami/
Dungeon Munchies,"PC, Nintendo Switch, PlayStation 5, PlayStation 4",28/07/2022,54,3.6,8,6,"Chorus Worldwide, Serenity Forge, Chorus",Action RPG,M,https://www.metacritic.com/game/dungeon-munchies/
Sports Story,Nintendo Switch,23/12/2022,54,2.2,13,37,SideBar Games,RPG,E10+,https://www.metacritic.com/game/sports-story/
The Last Oricru,"PC, Xbox Series X, PlayStation 5, Xbox One",13/10/2022,54,7.1,13,29,Prime Matter,Action RPG,Not Rated,https://www.metacritic.com/game/the-last-oricru/
In Nightmare,"PlayStation 4, PlayStation 5, PC, Nintendo Switch",29/03/2022,53,4.5,12,13,"Maximum Games, Modus Games",Action Adventure,T,https://www.metacritic.com/game/in-nightmare/
Dragon Ball: The Breakers,"Nintendo Switch, PC, Xbox Series X, Xbox One, PlayStation 4",14/10/2022,53,5.3,10,46,Bandai Namco Games,Action Adventure,T,https://www.metacritic.com/game/dragon-ball-the-breakers/
Blade Runner: Enhanced Edition,"PC, PlayStation 4, Xbox One, Nintendo Switch",23/06/2022,52,5.8,11,19,"Nightdive Studios, Limited Run Games",Point-and-Click,T,https://www.metacritic.com/game/blade-runner-enhanced-edition/
Kamiwaza: Way of the Thief,"Nintendo Switch, PlayStation 4, PC",11/10/2022,52,,7,0,"NIS America, Acquire, Clouded Leopard Entertainment",Action Adventure,T,https://www.metacritic.com/game/kamiwaza-way-of-the-thief/
The Waylanders,PC,02/02/2022,51,2,16,11,Gato Salvaje Studio,Western RPG,Not Rated,https://www.metacritic.com/game/the-waylanders/
Zorro: The Chronicles,"PC, Nintendo Switch, PlayStation 5, PlayStation 4, Xbox Series X, Xbox One",16/06/2022,49,4,7,4,"Nacon, 3goo",Action Adventure,E10+,https://www.metacritic.com/game/zorro-the-chronicles/
The Fridge is Red,PC,27/09/2022,49,,7,0,tinyBuild,First-Person Adventure,Not Rated,https://www.metacritic.com/game/the-fridge-is-red/
LEGO Brawls,"iOS (iPhone/iPad), Nintendo Switch, PlayStation 5, PlayStation 4, Xbox Series X, Xbox One, PC",02/09/2022,46,4,11,14,"Bandai Namco Games, The LEGO Group",2D Fighting,E10+,https://www.metacritic.com/game/lego-brawls/
XEL,"PC, PlayStation 5, Xbox Series X, Nintendo Switch, Xbox One, PlayStation 4",14/07/2022,43,3.6,9,5,Assemble Entertainment,Open-World Action,T,https://www.metacritic.com/game/xel/
Babylon's Fall,"PlayStation 4, PC, PlayStation 5",03/03/2022,41,2.4,45,194,Square Enix,Action RPG,T,https://www.metacritic.com/game/babylons-fall/
Abermore,PC,29/03/2022,39,,7,0,Fireshine Games,Action Adventure,Not Rated,https://www.metacritic.com/game/abermore/
CrossfireX,"Xbox One, Xbox Series X",10/02/2022,38,3.3,24,289,Smilegate,Tactical FPS,M,https://www.metacritic.com/game/crossfirex/
POSTAL 4: No Regerts,"PC, PlayStation 4, PlayStation 5",20/04/2022,31,4.1,20,195,Running With Scissors,Open-World Action,Not Rated,https://www.metacritic.com/game/postal-4-no-regerts/
Baldur's Gate 3,"PC, PlayStation 5, Xbox Series X",03/08/2023,96,9.2,119,20078,Larian Studios Games,Western RPG,M,https://www.metacritic.com/game/baldurs-gate-3/
The Legend of Zelda: Tears of the Kingdom,Nintendo Switch,12/05/2023,96,8.8,156,14033,Nintendo,Open-World Action,E10+,https://www.metacritic.com/game/the-legend-of-zelda-tears-of-the-kingdom/
Metroid Prime Remastered,Nintendo Switch,08/02/2023,94,8.8,100,1744,Nintendo,FPS,T,https://www.metacritic.com/game/metroid-prime-remastered/
Resident Evil 4,"PlayStation 5, Xbox Series X, PC, PlayStation 4, iOS (iPhone/iPad)",24/03/2023,93,8.9,133,7395,Capcom,Survival,M,https://www.metacritic.com/game/resident-evil-4/
Super Mario Bros. Wonder,Nintendo Switch,20/10/2023,92,8.9,135,3153,Nintendo,2D Platformer,E,https://www.metacritic.com/game/super-mario-bros-wonder/
Xenoblade Chronicles 3: Expansion Pass Wave 4 - Future Redeemed,Nintendo Switch,25/04/2023,92,8.8,14,576,Nintendo,Action RPG,T,https://www.metacritic.com/game/xenoblade-chronicles-3-expansion-pass-wave-4/
Street Fighter 6,"PlayStation 5, Xbox Series X, PlayStation 4, PC, Nintendo Switch 2",02/06/2023,92,7.5,100,1146,Capcom,2D Fighting,T,https://www.metacritic.com/game/street-fighter-6/
Against the Storm,"PC, PlayStation 5, Nintendo Switch, Xbox Series X, Xbox One, PlayStation 4",08/12/2023,91,7.9,20,240,Hooded Horse,Management,E10+,https://www.metacritic.com/game/against-the-storm/
Slay the Princess,PC,23/10/2023,90,8.2,24,266,Black Tabby Games,Visual Novel,Not Rated,https://www.metacritic.com/game/slay-the-princess/
Marvel's Spider-Man 2,"PlayStation 5, PC",20/10/2023,90,8.7,151,10309,Sony Interactive Entertainment,Open-World Action,T,https://www.metacritic.com/game/marvels-spider-man-2/
Jack Jeanne,"Nintendo Switch, iOS (iPhone/iPad)",15/06/2023,90,7.5,9,68,"Aksys Games, Broccoli",Visual Novel,T,https://www.metacritic.com/game/jack-jeanne/
VIDEOVERSE,"PC, Nintendo Switch, PlayStation 5, PlayStation 4, Xbox One, Xbox Series X",07/08/2023,90,6.6,8,24,Kinmoku,Adventure,Not Rated,https://www.metacritic.com/game/videoverse/
DAVE THE DIVER,"PC, Nintendo Switch, PlayStation 5, PlayStation 4, Xbox Series X, Xbox One, Nintendo Switch 2",28/06/2023,90,8.2,46,1064,MINT ROCKET,Action Adventure,Not Rated,https://www.metacritic.com/game/dave-the-diver/
Pizza Tower,Unknown,26/01/2023,89,8.9,9,0,Unknown,Unknown,Not Rated,https://www.metacritic.com/game/pizza-tower/
Cyberpunk 2077: Phantom Liberty,"PlayStation 5, Xbox Series X, PC",26/09/2023,89,8.9,58,3422,CD Projekt Red Studio,Action RPG,Not Rated,https://www.metacritic.com/game/cyberpunk-2077-phantom-liberty/
Dead Space,"PlayStation 5, Xbox Series X, PC",27/01/2023,89,8.5,96,2451,Electronic Arts,Survival,M,https://www.metacritic.com/game/dead-space/
Quake II - Enhanced Edition,"PlayStation 5, Xbox Series X, PC, PlayStation 4, Xbox One, Nintendo Switch",10/08/2023,89,8.2,14,215,"ZeniMax Media, Bethesda Softworks",FPS,M,https://www.metacritic.com/game/quake-ii-enhanced-edition/
Alan Wake II,"PlayStation 5, PC, Xbox Series X",27/10/2023,89,8.5,75,4042,"Epic Games, Limited Run Games",Survival,M,https://www.metacritic.com/game/alan-wake-ii/
Cocoon,"Xbox Series X, PC, Xbox One, Nintendo Switch, PlayStation 5, PlayStation 4",29/09/2023,88,8,43,723,Annapurna Interactive,Action Adventure,Not Rated,https://www.metacritic.com/game/cocoon/
Dead Cells: Return to Castlevania,"PC, PlayStation 4, Xbox One, Nintendo Switch, PlayStation 5",06/03/2023,88,7.9,24,102,Motion Twin,Metroidvania,Not Rated,https://www.metacritic.com/game/dead-cells-return-to-castlevania/
The Talos Principle 2,"PlayStation 5, Xbox Series X, PC",02/11/2023,88,8.6,47,231,Devolver Digital,First-Person Adventure,Not Rated,https://www.metacritic.com/game/the-talos-principle-2/
God of War: Ragnarok - Valhalla,"PlayStation 5, PlayStation 4",12/12/2023,88,8.4,12,1091,PlayStation Studios,Action Adventure,Not Rated,https://www.metacritic.com/game/god-of-war-ragnarok-valhalla/
Resident Evil 4: Separate Ways,"PlayStation 5, PlayStation 4, Xbox Series X, PC",21/09/2023,88,8.9,41,563,Capcom,Survival,Not Rated,https://www.metacritic.com/game/resident-evil-4-separate-ways/
Sea of Stars,"PC, Nintendo Switch, PlayStation 5, PlayStation 4, Xbox Series X, Xbox One",29/08/2023,87,8,52,1182,Sabotage Studio,JRPG,E10+,https://www.metacritic.com/game/sea-of-stars/
Pikmin 4,Nintendo Switch,21/07/2023,87,9,123,986,Nintendo,Real-Time Strategy,E10+,https://www.metacritic.com/game/pikmin-4/
Final Fantasy XVI,"PlayStation 5, PC, Xbox Series X",22/06/2023,87,8.4,149,9837,Square Enix,Action RPG,M,https://www.metacritic.com/game/final-fantasy-xvi/
Theatrhythm Final Bar Line,"Nintendo Switch, PlayStation 4",16/02/2023,87,8.8,43,81,Square Enix,Rhythm,T,https://www.metacritic.com/game/theatrhythm-final-bar-line/
The Making of Karateka,"PlayStation 5, Xbox Series X, PC, PlayStation 4, Xbox One, Nintendo Switch",29/08/2023,87,7,7,26,Digital Eclipse,Miscellaneous,E10+,https://www.metacritic.com/game/the-making-of-karateka/
Hi-Fi Rush,"Xbox Series X, PC, PlayStation 5",25/01/2023,87,8.8,63,3485,Bethesda Softworks,Action Adventure,T,https://www.metacritic.com/game/hi-fi-rush/
Teenage Mutant Ninja Turtles: Shredder's Revenge - Dimension Shellshock,"PlayStation 5, Xbox One, Nintendo Switch, PlayStation 4, PC, Xbox Series X",31/08/2023,87,7.4,10,93,DotEmu,2D Beat-'Em-Up,Not Rated,https://www.metacritic.com/game/teenage-mutant-ninja-turtles-shredders-revenge-2023/
Turbo Overkill,"PC, Nintendo Switch, Xbox Series X, PlayStation 5, Xbox One, PlayStation 4",18/07/2023,86,7.9,13,84,"Apogee Entertainment, Limited Run Games",FPS,M,https://www.metacritic.com/game/turbo-overkill/
Mario Kart 8 Deluxe: Booster Course Pass - Wave 4,Nintendo Switch,09/03/2023,86,7.8,9,107,Nintendo,Auto Racing,Not Rated,https://www.metacritic.com/game/mario-kart-8-deluxe-booster-course-pass-wave-4/
Diablo IV,"PC, PlayStation 4, Xbox One, Xbox Series X, PlayStation 5",06/06/2023,86,2.6,96,10488,"Blizzard Entertainment, Activision",Action RPG,M,https://www.metacritic.com/game/diablo-iv/
Asgard's Wrath 2,Meta Quest,15/12/2023,86,8.2,21,117,Oculus Studios,Action Adventure,M,https://www.metacritic.com/game/asgards-wrath-2/
Anonymous;Code,"PlayStation 4, PlayStation Vita, Nintendo Switch, PC",08/09/2023,86,6.4,12,19,"Spike Chunsoft, 5pb, Mages., Numskull Games",Visual Novel,M,https://www.metacritic.com/game/anonymouscode/
Star Ocean: The Second Story R,"Nintendo Switch, PlayStation 5, PC, PlayStation 4",02/11/2023,86,8.3,32,189,Square Enix,JRPG,T,https://www.metacritic.com/game/star-ocean-the-second-story-r/
HROT,PC,16/05/2023,86,8.4,7,31,Spytihnev,FPS,Not Rated,https://www.metacritic.com/game/hrot/
Chants of Sennaar,"PC, Nintendo Switch, PlayStation 4, Xbox One, iOS (iPhone/iPad)",05/09/2023,86,8.5,15,202,"Focus Home Interactive, Focus Entertainment",Adventure,Not Rated,https://www.metacritic.com/game/chants-of-sennaar/
Armored Core VI: Fires of Rubicon,"PC, PlayStation 5, Xbox Series X, PlayStation 4, Xbox One",25/08/2023,86,8.1,78,1300,"Bandai Namco Games, From Software",Vehicle Combat Sim,T,https://www.metacritic.com/game/armored-core-vi-fires-of-rubicon/
Astral Ascent,"PC, Nintendo Switch, PlayStation 5, PlayStation 4",14/11/2023,86,7.5,15,43,Hibernian Workshop,2D Platformer,T,https://www.metacritic.com/game/astral-ascent/
Humanity,"Meta Quest, PlayStation 4, PlayStation 5, PC, Xbox Series X, Xbox One",16/05/2023,86,7.9,36,154,"Enhance Games, Limited Run Games, SUPERDELUXE GAMES",Action Puzzle,E10+,https://www.metacritic.com/game/humanity/
Buckshot Roulette,"PC, Xbox Series X",28/12/2023,85,7.7,12,219,"Mike Klubnika, Critical Reflex",Strategy,Not Rated,https://www.metacritic.com/game/buckshot-roulette/
Star Wars Jedi: Survivor,"PC, PlayStation 5, Xbox Series X, PlayStation 4, Xbox One",28/04/2023,85,7.1,121,3118,"Electronic Arts, Limited Run Games",Open-World Action,T,https://www.metacritic.com/game/star-wars-jedi-survivor/
Paranormasight: The Seven Mysteries of Honjo,"iOS (iPhone/iPad), Nintendo Switch, PC",09/03/2023,85,8.9,30,60,Square Enix,Visual Novel,M,https://www.metacritic.com/game/paranormasight-the-seven-mysteries-of-honjo/
The Cosmic Wheel Sisterhood,"PC, Nintendo Switch",16/08/2023,85,6.8,31,51,Devolver Digital,Adventure,Not Rated,https://www.metacritic.com/game/the-cosmic-wheel-sisterhood/
In Stars And Time,"PC, Nintendo Switch, PlayStation 5, PlayStation 4",20/11/2023,85,8.3,8,77,Armor Games,RPG,Not Rated,https://www.metacritic.com/game/in-stars-and-time/
Wargroove 2,"PC, Nintendo Switch, Xbox One, Xbox Series X, iOS (iPhone/iPad)",05/10/2023,85,5.5,13,23,Chucklefish,Turn-Based Tactics,T,https://www.metacritic.com/game/wargroove-2/
Jusant,"Xbox Series X, PlayStation 5, PC",31/10/2023,85,7.6,33,335,"DONTNOD Entertainment, Pix'n Love",Action Adventure,E,https://www.metacritic.com/game/jusant/
Octopath Traveler II,"Nintendo Switch, PlayStation 5, PlayStation 4, PC, Xbox Series X, Xbox One",24/02/2023,85,8.3,61,502,Square Enix,JRPG,T,https://www.metacritic.com/game/octopath-traveler-ii/
Torn Away,"PC, Xbox One, Nintendo Switch, PlayStation 4",29/09/2023,85,8,7,21,Perelesoq,Action Adventure,Not Rated,https://www.metacritic.com/game/torn-away/
STASIS: BONE TOTEM,"PC, PlayStation 5, Xbox Series X, PlayStation 4, Nintendo Switch, Xbox One",31/05/2023,85,8.1,7,65,THE BROTHERHOOD,Point-and-Click,Not Rated,https://www.metacritic.com/game/stasis-bone-totem/
A Space For The Unbound,"PC, PlayStation 4, Nintendo Switch, Xbox One, Xbox Series X, PlayStation 5, iOS (iPhone/iPad)",19/01/2023,85,7.7,25,97,"Chorus Worldwide, Serenity Forge, Soft Source Pte Ltd",Adventure,T,https://www.metacritic.com/game/a-space-for-the-unbound/
Worldless,"PC, Xbox Series X, Xbox One, Nintendo Switch, PlayStation 5, PlayStation 4",20/11/2023,85,7.4,7,25,"Coatsink Software, Thunderful",Metroidvania,Not Rated,https://www.metacritic.com/game/worldless/
Shadow Gambit: The Cursed Crew,"PC, Xbox Series X, PlayStation 5, PlayStation 4",17/08/2023,85,6.5,49,114,Mimimi Games,Real-Time Tactics,Not Rated,https://www.metacritic.com/game/shadow-gambit-the-cursed-crew/
Forza Motorsport,"Xbox Series X, PC",10/10/2023,84,6.9,79,1129,Xbox Game Studios,Auto Racing Sim,E,https://www.metacritic.com/game/forza-motorsport/
Blasphemous 2,"PC, Nintendo Switch, PlayStation 5, Xbox Series X, PlayStation 4, Xbox One",24/08/2023,84,8.3,35,426,"Team17, Selecta Play",Metroidvania,M,https://www.metacritic.com/game/blasphemous-2/
Little Goody Two Shoes,"PC, PlayStation 5, Nintendo Switch, Xbox Series X",07/11/2023,84,8.3,19,44,Square Enix,RPG,T,https://www.metacritic.com/game/little-goody-two-shoes/
Hogwarts Legacy,"PlayStation 5, Xbox Series X, PC, PlayStation 4, Xbox One, Nintendo Switch, Nintendo Switch 2",07/02/2023,84,8.1,102,6276,"Warner Bros. Interactive Entertainment, Warner Bros. Games",Western RPG,T,https://www.metacritic.com/game/hogwarts-legacy/
Risk of Rain Returns,"Nintendo Switch, PC",08/11/2023,84,8,13,72,Gearbox Publishing,2D Platformer,T,https://www.metacritic.com/game/risk-of-rain-returns/
Viewfinder,"PlayStation 5, PC, PlayStation 4, Xbox Series X, Nintendo Switch",18/07/2023,84,7.9,33,160,Thunderful,First-Person Adventure,Not Rated,https://www.metacritic.com/game/viewfinder/
Mediterranea Inferno,"PC, Xbox Series X, PlayStation 4, PlayStation 5, Nintendo Switch, Xbox One",24/08/2023,84,7.9,11,14,Santa Ragione,Visual Novel,Not Rated,https://www.metacritic.com/game/mediterranea-inferno/
Fuga: Melodies of Steel 2,"PC, Nintendo Switch, Xbox Series X, PlayStation 5, Xbox One, PlayStation 4",11/05/2023,84,8.1,7,18,CyberConnect2,JRPG,T,https://www.metacritic.com/game/fuga-melodies-of-steel-2/
Final Fantasy Pixel Remaster: FF35th Anniversary Edition,"PlayStation 4, Nintendo Switch",21/04/2023,84,7.9,17,90,Square Enix,Compilation,T,https://www.metacritic.com/game/final-fantasy-pixel-remaster-ff35th-anniversary/
Super Mario RPG,Nintendo Switch,17/11/2023,84,8,118,465,Nintendo,JRPG,E,https://www.metacritic.com/game/super-mario-rpg/
Football Manager 2024,"PC, Xbox Series X, Xbox One, PlayStation 5, iOS (iPhone/iPad), Nintendo Switch",06/11/2023,84,7.3,43,225,"Sega Europe, Sega",Soccer Management,E,https://www.metacritic.com/game/football-manager-2024/
Laika: Aged Through Blood,"PC, Nintendo Switch, PlayStation 5, PlayStation 4, Xbox Series X, Xbox One",19/10/2023,83,7.4,15,81,Headup Games,Metroidvania,Not Rated,https://www.metacritic.com/game/laika-aged-through-blood/
Red Dead Redemption and Undead Nightmare,Unknown,17/08/2023,83,6.4,25,0,Unknown,Unknown,M,https://www.metacritic.com/game/red-dead-redemption-and-undead-nightmare/
Age of Wonders 4,"PlayStation 5, Xbox Series X, PC",02/05/2023,83,7.5,33,137,Paradox Interactive,4X Strategy,T,https://www.metacritic.com/game/age-of-wonders-4/
Cassette Beasts,"PC, Nintendo Switch, Xbox One, Xbox Series X, iOS (iPhone/iPad)",26/04/2023,83,8.4,19,111,Raw Fury,Trainer RPG,Not Rated,https://www.metacritic.com/game/cassette-beasts/
Anno 1800 Console Edition,"PlayStation 5, Xbox Series X",16/03/2023,83,7,13,79,Ubisoft,Management,T,https://www.metacritic.com/game/anno-1800-console-edition/
Labyrinth of Galleria: The Moon Society,"PlayStation Vita, PlayStation 4, Nintendo Switch, PC, PlayStation 5",14/02/2023,83,6.2,8,17,"NIS America, Nippon Ichi Software",JRPG,M,https://www.metacritic.com/game/labyrinth-of-galleria-the-moon-society/
TEVI,"PlayStation 5, PlayStation 4, Nintendo Switch, PC, Xbox Series X, Xbox One",30/11/2023,83,7,14,24,Neverland Entertainment,Metroidvania,Not Rated,https://www.metacritic.com/game/tevi/
Starfield,"PC, Xbox Series X",06/09/2023,83,6.8,90,13239,Bethesda Softworks,Western RPG,M,https://www.metacritic.com/game/starfield/
LISA: Definitive Edition,"Nintendo Switch, PC, Xbox Series X, PlayStation 5, PlayStation 4, Xbox One",18/07/2023,83,8.4,9,45,"Serenity Forge, Beep Japan",RPG,M,https://www.metacritic.com/game/lisa-definitive-edition/
Advance Wars 1 + 2: Re-Boot Camp,Nintendo Switch,21/04/2023,83,8.1,104,157,Nintendo,Turn-Based Tactics,E10+,https://www.metacritic.com/game/advance-wars-1-plus-2-re-boot-camp/
The Last Clockwinder,"PC, PlayStation 5, Meta Quest",22/02/2023,83,7.5,11,11,Pontoco,First-Person Adventure,E,https://www.metacritic.com/game/the-last-clockwinder/
Total War: WARHAMMER III - Forge of the Chaos Dwarfs,PC,13/04/2023,83,6.9,10,41,Sega,Real-Time Tactics,Not Rated,https://www.metacritic.com/game/total-war-warhammer-iii-forge-of-the-chaos-dwarfs/
SANABI,"PC, Nintendo Switch",09/11/2023,83,8.3,7,103,Neowiz,2D Platformer,Not Rated,https://www.metacritic.com/game/sanabi/
Mortal Kombat 1,"PlayStation 5, Xbox Series X, Nintendo Switch, PC",19/09/2023,83,6.5,86,1467,"Warner Bros. Games, Warner Bros. Interactive Entertainment",2D Fighting,M,https://www.metacritic.com/game/mortal-kombat-1/
Disgaea 7: Vows of the Virtueless,"PlayStation 5, PlayStation 4, Nintendo Switch, PC",03/10/2023,83,,15,0,"NIS America, Nippon Ichi Software",Turn-Based Tactics,T,https://www.metacritic.com/game/disgaea-7-vows-of-the-virtueless/
DOOMBLADE,PC,31/05/2023,83,7.6,8,13,Iceberg Interactive,Metroidvania,Not Rated,https://www.metacritic.com/game/doomblade/
Killer Frequency,"PC, PlayStation 5, PlayStation 4, Xbox Series X, Xbox One, Nintendo Switch, Meta Quest",01/06/2023,82,7.4,8,54,Team17,First-Person Adventure,Not Rated,https://www.metacritic.com/game/killer-frequency/
The Elder Scrolls Online: Necrom,"PC, Xbox Series X, Xbox One, PlayStation 4, PlayStation 5",05/06/2023,82,7.1,11,33,Bethesda Softworks,MMORPG,M,https://www.metacritic.com/game/the-elder-scrolls-online-necrom/
F-Zero 99,Nintendo Switch,14/09/2023,82,8.1,9,109,Nintendo,Future Racing,E,https://www.metacritic.com/game/f-zero-99/
The Murder of Sonic the Hedgehog,PC,31/03/2023,82,8.5,12,228,Sega,Visual Novel,E,https://www.metacritic.com/game/the-murder-of-sonic-the-hedgehog/
F1 23,"PC, PlayStation 5, Xbox Series X, Xbox One, PlayStation 4",16/06/2023,82,6.2,38,201,Electronic Arts,Auto Racing Sim,E,https://www.metacritic.com/game/f1-23/
Backfirewall_,"PlayStation 5, Xbox Series X, PC, PlayStation 4, Xbox One, Nintendo Switch",30/01/2023,82,8.2,7,6,All in! Games,First-Person Adventure,Not Rated,https://www.metacritic.com/game/backfirewall/
Coral Island,"PC, PlayStation 5, Xbox Series X",14/11/2023,82,6.6,8,69,Humble Games,Virtual Life,Not Rated,https://www.metacritic.com/game/coral-island/
The Last Spell,"Nintendo Switch, PC, PlayStation 5, PlayStation 4",09/03/2023,82,8.1,10,39,The Arcade Crew,Turn-Based Tactics,T,https://www.metacritic.com/game/the-last-spell/
We Were Here Expeditions: The FriendShip,"PlayStation 5, Xbox Series X, PC, PlayStation 4, Xbox One",14/09/2023,82,7.8,8,70,Total Mayhem Games,First-Person Adventure,Not Rated,https://www.metacritic.com/game/we-were-here-expeditions-the-friendship/
Ib,"PC, Nintendo Switch, PlayStation 5, PlayStation 4",09/03/2023,82,8,11,28,Playism,Adventure,T,https://www.metacritic.com/game/ib/
Remnant II: The Awakened King,"PC, PlayStation 5, Xbox Series X",14/11/2023,82,7.2,10,45,Gearbox Publishing,Third Person Shooter,Not Rated,https://www.metacritic.com/game/remnant-ii-the-awakened-king/
Roots of Pacha,"PC, Xbox One, PlayStation 4, PlayStation 5, Xbox Series X, Nintendo Switch",25/04/2023,82,7.7,7,23,Soda Den,Virtual Life,Not Rated,https://www.metacritic.com/game/roots-of-pacha/
Counter-Strike 2,PC,27/09/2023,82,5.3,16,1109,Valve Software,Tactical FPS,Not Rated,https://www.metacritic.com/game/counter-strike-2/
MLB The Show 23,"PlayStation 5, Xbox Series X, Nintendo Switch, PlayStation 4, Xbox One",24/03/2023,82,6.2,33,72,Sony Interactive Entertainment,Baseball Sim,E,https://www.metacritic.com/game/mlb-the-show-23/
The Sims 4: Growing Together,"PC, PlayStation 4, Xbox One",16/03/2023,82,6.3,9,19,Electronic Arts,Virtual Life,T,https://www.metacritic.com/game/the-sims-4-growing-together/
The Sims 4: Growing Together,"PC, PlayStation 4, Xbox One",16/03/2023,82,6.3,9,19,Electronic Arts,Virtual Life,T,https://www.metacritic.com/game/the-sims-4-growing-together/
My Friendly Neighborhood,"PC, PlayStation 5, Xbox Series X, Xbox One, PlayStation 4",18/07/2023,82,7.6,10,32,DreadXP,Survival,Not Rated,https://www.metacritic.com/game/my-friendly-neighborhood/
30XX,"PC, Nintendo Switch, PlayStation 4, Xbox One",09/08/2023,82,6.4,11,15,Batterystaple Games,2D Platformer,Not Rated,https://www.metacritic.com/game/30xx/
WWE 2K23,"PlayStation 5, Xbox Series X, PlayStation 4, Xbox One, PC",14/03/2023,82,7,59,231,"2K Games, Take-Two Interactive",Wrestling,T,https://www.metacritic.com/game/wwe-2k23/
Horizon Forbidden West: Burning Shores,PlayStation 5,19/04/2023,81,4.7,76,2853,Sony Interactive Entertainment,Open-World Action,T,https://www.metacritic.com/game/horizon-forbidden-west-burning-shores/
The Legend of Heroes: Trails to Azure,"PSP, PC, PlayStation 4, Nintendo Switch",14/03/2023,81,7.9,18,56,"NIS America, Falcom, Clouded Leopard Entertainment",JRPG,T,https://www.metacritic.com/game/the-legend-of-heroes-trails-to-azure/
Saltsea Chronicles,"Nintendo Switch, PC, PlayStation 5",12/10/2023,81,7.3,9,12,Die Gute Fabrik,Adventure,Not Rated,https://www.metacritic.com/game/saltsea-chronicles/
Granblue Fantasy Versus: Rising,"PlayStation 5, PC, PlayStation 4",14/12/2023,81,7.2,39,53,Cygames,2D Fighting,T,https://www.metacritic.com/game/granblue-fantasy-versus-rising/
Nocturnal,"PlayStation 5, Xbox Series X, PC, Nintendo Switch",07/06/2023,81,7.3,12,23,Dear Villagers,2D Platformer,Not Rated,https://www.metacritic.com/game/nocturnal/
EVERSPACE 2,"PC, PlayStation 4, Xbox One, PlayStation 5, Xbox Series X",06/04/2023,81,7.5,41,110,ROCKFISH Games,Space Combat Sim,Not Rated,https://www.metacritic.com/game/everspace-2/
A Highland Song,"Nintendo Switch, PC",05/12/2023,81,6.1,20,8,"inkle, Super Rare Games",Metroidvania,E,https://www.metacritic.com/game/a-highland-song/
Atelier Ryza 3: Alchemist of the End & the Secret Key,"Nintendo Switch, PlayStation 4, PlayStation 5, PC",24/03/2023,81,7.4,23,107,Koei Tecmo Games,JRPG,T,https://www.metacritic.com/game/atelier-ryza-3-alchemist-of-the-end-and-the-secret/
The Legend of Heroes: Trails into Reverie,"PlayStation 4, Nintendo Switch, PC, PlayStation 5",07/07/2023,81,7.6,20,91,"NIS America, Falcom",JRPG,T,https://www.metacritic.com/game/the-legend-of-heroes-trails-into-reverie/
OTXO,"PC, Nintendo Switch, PlayStation 5, PlayStation 4",20/04/2023,81,7.7,11,19,Super Rare Originals,Top-Down Shoot-'Em-Up,Not Rated,https://www.metacritic.com/game/otxo/
Darkest Dungeon II,"PC, Nintendo Switch, PlayStation 5, PlayStation 4, Xbox One, Xbox Series X",08/05/2023,81,6.1,59,234,Red Hook Studios,Roguelike,T,https://www.metacritic.com/game/darkest-dungeon-ii/
Fate/Samurai Remnant,"PlayStation 5, PlayStation 4, PC, Nintendo Switch",29/09/2023,81,8,29,121,Koei Tecmo Games,Action RPG,T,https://www.metacritic.com/game/fate-samurai-remnant/
Stranded: Alien Dawn,"PC, PlayStation 5, Xbox One, Xbox Series X, PlayStation 4",25/04/2023,81,7.5,12,31,"Frontier Foundry, Frontier Developments",Real-Time Strategy,T,https://www.metacritic.com/game/stranded-alien-dawn/
CONV/RGENCE: A League of Legends Story,"Nintendo Switch, PC, PlayStation 5, PlayStation 4, Xbox Series X, Xbox One",23/05/2023,81,6.9,23,27,Riot Forge,2D Platformer,T,https://www.metacritic.com/game/conv-rgence-a-league-of-legends-story/
Jagged Alliance 3,"PC, PlayStation 5, Xbox Series X, Xbox One, PlayStation 4",14/07/2023,81,8,52,184,THQ Nordic,Turn-Based Tactics,Not Rated,https://www.metacritic.com/game/jagged-alliance-3/
Have a Nice Death,"PC, Nintendo Switch, PlayStation 5, Xbox Series X, Xbox One, PlayStation 4",22/03/2023,81,7.3,27,107,Gearbox Publishing,2D Platformer,Not Rated,https://www.metacritic.com/game/have-a-nice-death/
Goodbye Volcano High,"PlayStation 5, PlayStation 4, PC",29/08/2023,81,5.4,15,74,KO-OP,Adventure,E,https://www.metacritic.com/game/goodbye-volcano-high/
Gunbrella,"Nintendo Switch, PC",13/09/2023,81,7.7,26,33,Devolver Digital,2D Platformer,Not Rated,https://www.metacritic.com/game/gunbrella/
Desktop Dungeons: Rewind,"PC, Xbox One",18/04/2023,81,,9,0,Prismatika,Roguelike,Not Rated,https://www.metacritic.com/game/desktop-dungeons-rewind/
We Love Katamari REROLL+ Royal Reverie,"Nintendo Switch, PlayStation 5, PlayStation 4, PC, Xbox One, Xbox Series X",02/06/2023,81,7.4,18,40,Bandai Namco Games,Action Adventure,E,https://www.metacritic.com/game/we-love-katamari-reroll-plus-royal-reverie/
Kingdom Eighties,"PC, PlayStation 5, Nintendo Switch, Xbox Series X, iOS (iPhone/iPad)",26/06/2023,81,4.1,8,24,Raw Fury,Strategy,Not Rated,https://www.metacritic.com/game/kingdom-eighties/
Company of Heroes 3,"PC, Xbox Series X, PlayStation 5",23/02/2023,81,5.9,70,225,Sega,Real-Time Strategy,M,https://www.metacritic.com/game/company-of-heroes-3/
Like a Dragon: Ishin!,"PlayStation 4, PlayStation 5, PC, Xbox Series X, Xbox One, PlayStation 3",21/02/2023,81,7.4,80,246,Sega,Open-World Action,M,https://www.metacritic.com/game/like-a-dragon-ishin/
Ray'z Arcade Chronology,"Nintendo Switch, PlayStation 4, PC",30/06/2023,81,,8,0,"ININ Games, Taito Corporation, Strictly Limited Games",Compilation,E10+,https://www.metacritic.com/game/rayz-arcade-chronology/
The Expanse: A Telltale Series - Episode 1,"PC, PlayStation 5, Xbox Series X, Xbox One, PlayStation 4",27/07/2023,80,5.9,13,33,Telltale Games,Third-Person Adventure,Not Rated,https://www.metacritic.com/game/the-expanse-a-telltale-series-episode-1/
My Time at Sandrock,"PC, PlayStation 4, Nintendo Switch, Xbox One, Xbox Series X, PlayStation 5",02/11/2023,80,7.7,18,98,Pathea Games,RPG,E10+,https://www.metacritic.com/game/my-time-at-sandrock/
Fire Emblem Engage,Nintendo Switch,20/01/2023,80,7,135,1065,Nintendo,Turn-Based Tactics,T,https://www.metacritic.com/game/fire-emblem-engage/
Bayonetta Origins: Cereza and the Lost Demon,Nintendo Switch,17/03/2023,80,8.5,103,194,Nintendo,Linear Action Adventure,T,https://www.metacritic.com/game/bayonetta-origins-cereza-and-the-lost-demon/
Moonstone Island,"PC, Nintendo Switch, iOS (iPhone/iPad)",20/09/2023,80,7.5,13,24,Raw Fury,Trainer RPG,Not Rated,https://www.metacritic.com/game/moonstone-island/
Nuclear Blaze,"PC, Nintendo Switch, Xbox One, PlayStation 4, PlayStation 5",28/04/2023,80,4.8,8,9,"Red Art Games, Rainy Frog",2D Platformer,E10+,https://www.metacritic.com/game/nuclear-blaze/
DREDGE,"PC, Nintendo Switch, Xbox Series X, Xbox One, PlayStation 5, PlayStation 4, iOS (iPhone/iPad)",30/03/2023,80,7.9,43,603,Team17,Action Adventure,Not Rated,https://www.metacritic.com/game/dredge/
Demeo,"PC, PlayStation 5, Meta Quest",22/02/2023,80,7.5,14,9,Resolution Games,Turn-Based Tactics,E10+,https://www.metacritic.com/game/demeo/
Fashion Police Squad,"PC, Nintendo Switch, Xbox Series X, Xbox One, PlayStation 5, PlayStation 4",02/02/2023,80,6.7,9,18,"No More Robots, Limited Run Games",FPS,T,https://www.metacritic.com/game/fashion-police-squad/
PowerWash Simulator VR,"PC, Meta Quest",02/11/2023,80,6,11,9,FuturLab,Virtual Career,Not Rated,https://www.metacritic.com/game/powerwash-simulator-vr/
Stronghold: Definitive Edition,PC,07/11/2023,80,8.1,7,31,FireFly Studios,Real-Time Strategy,Not Rated,https://www.metacritic.com/game/stronghold-definitive-edition/
Wo Long: Fallen Dynasty,"Xbox Series X, PC, Xbox One, PlayStation 5, PlayStation 4",03/03/2023,80,6.7,76,612,"Koei Tecmo Games, Digital Touch",Action RPG,M,https://www.metacritic.com/game/wo-long-fallen-dynasty/
Honkai: Star Rail,"PC, iOS (iPhone/iPad), PlayStation 5",26/04/2023,80,6.6,26,571,"miHoYo, Cognosphere",RPG,T,https://www.metacritic.com/game/honkai-star-rail/
Last Train Home,PC,28/11/2023,80,7.9,29,82,THQ Nordic,Real-Time Strategy,Not Rated,https://www.metacritic.com/game/last-train-home/
Wildfrost,"Nintendo Switch, PC, iOS (iPhone/iPad), Xbox Series X, Xbox One",12/04/2023,80,7.9,18,42,Chucklefish,Card Battle,Not Rated,https://www.metacritic.com/game/wildfrost/
Moving Out 2,"PlayStation 5, Xbox Series X, PC, PlayStation 4, Xbox One, Nintendo Switch",15/08/2023,80,6.7,17,29,"Team17, Fireshine Games, Game Source Entertainment",Virtual Career,E,https://www.metacritic.com/game/moving-out-2/
Remnant II,"PlayStation 5, Xbox Series X, PC",25/07/2023,80,7.1,71,605,"Gearbox Publishing, THQ Nordic",Third Person Shooter,M,https://www.metacritic.com/game/remnant-ii/
Hunt the Night,"PC, Nintendo Switch, PlayStation 5, Xbox Series X, PlayStation 4, Xbox One",12/04/2023,80,8.1,16,15,DANGEN Entertainment,Action Adventure,Not Rated,https://www.metacritic.com/game/hunt-the-night/
Bramble: The Mountain King,"PC, PlayStation 5, Xbox Series X, Nintendo Switch, PlayStation 4, Xbox One",27/04/2023,80,7.9,10,228,"Merge Games, H2 Interactive Co., Ltd.",Linear Action Adventure,M,https://www.metacritic.com/game/bramble-the-mountain-king/
Thirsty Suitors,"PC, Nintendo Switch, PlayStation 5, Xbox Series X, PlayStation 4, Xbox One",02/11/2023,80,5.5,22,53,Annapurna Interactive,Action Adventure,Not Rated,https://www.metacritic.com/game/thirsty-suitors/
Bramble: The Mountain King,"PC, PlayStation 5, Xbox Series X, Nintendo Switch, PlayStation 4, Xbox One",27/04/2023,80,7.9,10,228,"Merge Games, H2 Interactive Co., Ltd.",Linear Action Adventure,M,https://www.metacritic.com/game/bramble-the-mountain-king/
The Bookwalker: Thief of Tales,"PC, PlayStation 5, Xbox Series X, PlayStation 4, Xbox One",22/06/2023,80,7.3,7,44,tinyBuild,Action Adventure,Not Rated,https://www.metacritic.com/game/the-bookwalker-thief-of-tales/
THE FINALS,"PC, Xbox Series X, PlayStation 5, PlayStation 4",07/12/2023,80,6.8,17,508,Embark Studios,Tactical FPS,Not Rated,https://www.metacritic.com/game/the-finals/
Planet of Lana,"PC, Xbox Series X, Xbox One, Nintendo Switch, PlayStation 5, PlayStation 4",23/05/2023,80,7.8,39,314,Thunderful,Action Adventure,Not Rated,https://www.metacritic.com/game/planet-of-lana/
Blood West,"PC, Xbox Series X, PlayStation 5",05/12/2023,80,7.3,12,52,Hyperstrange,FPS,Not Rated,https://www.metacritic.com/game/blood-west/
Station to Station,PC,03/10/2023,80,7.8,12,12,Prismatika,Tycoon,Not Rated,https://www.metacritic.com/game/station-to-station/
Ghostrunner 2,"Xbox Series X, PlayStation 5, PC",26/10/2023,80,7.5,51,276,"505 Games, Game Source Entertainment",3D Platformer,M,https://www.metacritic.com/game/ghostrunner-2/
Lies of P,"PC, Xbox Series X, PlayStation 5, Xbox One, PlayStation 4",19/09/2023,80,8.3,71,3147,Neowiz,Action RPG,M,https://www.metacritic.com/game/lies-of-p/
EA Sports WRC,"PlayStation 5, Xbox Series X, PC",03/11/2023,80,6.3,22,147,Electronic Arts,Auto Racing Sim,E,https://www.metacritic.com/game/ea-sports-wrc/
Wandering Sword,"PC, Nintendo Switch 2, Nintendo Switch, PlayStation 5",14/09/2023,80,7.4,9,18,Spiral Up Games,RPG,Not Rated,https://www.metacritic.com/game/wandering-sword/
Venba,"PC, Nintendo Switch, Xbox Series X, PlayStation 5, Xbox One",31/07/2023,79,6.4,20,104,Visai Games,Adventure,Not Rated,https://www.metacritic.com/game/venba/
Pikmin 1 + 2,Nintendo Switch,21/06/2023,79,8.2,29,114,Nintendo,Compilation,E10+,https://www.metacritic.com/game/pikmin-1-plus-2/
The Lara Croft Collection,Nintendo Switch,29/06/2023,79,6,13,10,"Feral Interactive, Limited Run Games",Compilation,T,https://www.metacritic.com/game/the-lara-croft-collection/
Wartales,"PC, Nintendo Switch, Xbox Series X",12/04/2023,79,7.6,18,123,Shiro Games,Western RPG,Not Rated,https://www.metacritic.com/game/wartales/
Cuisineer,"PC, Nintendo Switch, Xbox Series X, PlayStation 5",09/11/2023,79,7.2,12,9,XSEED Games,Action Adventure,Not Rated,https://www.metacritic.com/game/cuisineer/
Trepang2,"PC, PlayStation 5, Xbox Series X",21/06/2023,79,7.5,32,116,Team17,FPS,Not Rated,https://www.metacritic.com/game/trepang2/
Terra Nil,"PC, iOS (iPhone/iPad), Nintendo Switch",28/03/2023,79,6.7,49,48,Devolver Digital,Real-Time Strategy,Not Rated,https://www.metacritic.com/game/terra-nil/
ASTLIBRA Revision,"PC, Nintendo Switch",16/11/2023,79,7.1,12,20,WhisperGames,Action RPG,M,https://www.metacritic.com/game/astlibra-revision/
Coffee Talk Episode 2: Hibiscus & Butterfly,"PC, Nintendo Switch, PlayStation 4, Xbox One, PlayStation 5, Xbox Series X",20/04/2023,79,7.1,19,54,Toge Productions,Visual Novel,Not Rated,https://www.metacritic.com/game/coffee-talk-episode-2-hibiscus-and-butterfly/
Kirby's Return to Dream Land Deluxe,Nintendo Switch,24/02/2023,79,8.6,113,214,Nintendo,2D Platformer,E10+,https://www.metacritic.com/game/kirbys-return-to-dream-land-deluxe/
Puzzle Bobble Everybubble!,Nintendo Switch,23/05/2023,79,6.9,24,10,"ININ Games, Taito Corporation, Strictly Limited Games",Matching Puzzle,E,https://www.metacritic.com/game/puzzle-bobble-everybubble/
Afterimage,"PC, PlayStation 5, Nintendo Switch, Xbox Series X, PlayStation 4, Xbox One",25/04/2023,79,7.7,13,75,Modus Games,Metroidvania,Not Rated,https://www.metacritic.com/game/afterimage/
House Flipper 2,"PC, PlayStation 5, Xbox Series X, Nintendo Switch",14/12/2023,79,7.3,37,55,"Frozen District, Merge Games",Virtual Career,E,https://www.metacritic.com/game/house-flipper-2/
Meg's Monster,"Nintendo Switch, PC, Xbox One",02/03/2023,79,7,8,4,Odencat Inc.,JRPG,T,https://www.metacritic.com/game/megs-monster/
Ragnarock,"PC, PlayStation 5, Meta Quest",22/02/2023,79,5.6,9,9,WanadevStudio,Rhythm,M,https://www.metacritic.com/game/ragnarock/
Super Mega Baseball 4,"PlayStation 5, Xbox Series X, PC, PlayStation 4, Xbox One, Nintendo Switch",02/06/2023,79,7.9,13,23,Electronic Arts,Baseball,E,https://www.metacritic.com/game/super-mega-baseball-4/
Invincible Presents: Atom Eve,PC,14/11/2023,79,5.8,7,52,Skybound Games,Visual Novel,Not Rated,https://www.metacritic.com/game/invincible-presents-atom-eve/
Nova Lands,"PC, Nintendo Switch, Xbox One, PlayStation 4",21/06/2023,79,7.3,7,11,HypeTrain Digital,Sandbox,E,https://www.metacritic.com/game/nova-lands/
Horizon Call of the Mountain,PlayStation 5,22/02/2023,79,7.3,75,221,Sony Interactive Entertainment,Action Adventure,T,https://www.metacritic.com/game/horizon-call-of-the-mountain/
Cookie Cutter,"PC, Xbox Series X, PlayStation 5",14/12/2023,79,7.6,10,38,Rogue Games,Metroidvania,M,https://www.metacritic.com/game/cookie-cutter/
F1 Manager 2023,"PC, PlayStation 5, Xbox Series X, Xbox One, PlayStation 4",31/07/2023,79,6.7,20,58,Frontier Developments,Auto Racing Sim,E,https://www.metacritic.com/game/f1-manager-2023/
Overwatch 2,"PC, Xbox One, PlayStation 4, Nintendo Switch, Xbox Series X, PlayStation 5",10/08/2023,79,1.9,60,4943,Blizzard Entertainment,Tactical FPS,T,https://www.metacritic.com/game/overwatch-2/
Wild Hearts,"PlayStation 5, PC, Xbox Series X",17/02/2023,79,6.6,58,190,Electronic Arts,Action RPG,T,https://www.metacritic.com/game/wild-hearts/
System Shock,"PC, Xbox One, PlayStation 4, Xbox Series X, PlayStation 5, Nintendo Switch, Nintendo Switch 2",30/05/2023,78,7.6,81,227,"Prime Matter, PLAION",FPS,M,https://www.metacritic.com/game/system-shock/
Assassin's Creed Nexus VR,Meta Quest,16/11/2023,78,7.9,33,59,Ubisoft,Action Adventure,T,https://www.metacritic.com/game/assassins-creed-nexus-vr/
GrimGrimoire OnceMore,"Nintendo Switch, PlayStation 4, PlayStation 5",04/04/2023,78,6.7,13,10,"NIS America, Nippon Ichi Software",Command RTS,T,https://www.metacritic.com/game/grimgrimoire-oncemore/
Bleak Sword DX,"PC, Nintendo Switch",08/06/2023,78,7.6,11,11,Devolver Digital,Action,Not Rated,https://www.metacritic.com/game/bleak-sword-dx/
Like a Dragon Gaiden: The Man Who Erased His Name,"PlayStation 5, Xbox Series X, PC, PlayStation 4, Xbox One",09/11/2023,78,8.3,68,331,Sega,Action Adventure,M,https://www.metacritic.com/game/like-a-dragon-gaiden-the-man-who-erased-his-name/
Trine 5: A Clockwork Conspiracy,"PlayStation 5, Xbox Series X, PC, PlayStation 4, Xbox One, Nintendo Switch",31/08/2023,78,7.5,17,52,THQ Nordic,2D Platformer,E10+,https://www.metacritic.com/game/trine-5-a-clockwork-conspiracy/
Creed: Rise to Glory - Championship Edition,PlayStation 5,04/04/2023,78,7.7,7,10,Survios,Combat Sport,T,https://www.metacritic.com/game/creed-rise-to-glory-championship-edition/
The Mageseeker: A League of Legends Story,"PlayStation 5, Xbox Series X, PC, Nintendo Switch, Xbox One, PlayStation 4",18/04/2023,78,6.7,20,60,Riot Forge,Action RPG,T,https://www.metacritic.com/game/the-mageseeker-a-league-of-legends-story/
"El Paso, Elsewhere","PC, Xbox Series X, Xbox One, PlayStation 5",26/09/2023,78,5.3,23,15,Strange Scaffold,Third Person Shooter,Not Rated,https://www.metacritic.com/game/el-paso-elsewhere/
Return to Grace,"PC, PlayStation 5, PlayStation 4, Xbox Series X, Xbox One",30/05/2023,78,7.1,12,54,Creative Bytes,First-Person Adventure,Not Rated,https://www.metacritic.com/game/return-to-grace/
"Warhammer 40,000: Rogue Trader","PC, PlayStation 5, Xbox Series X, Nintendo Switch 2",07/12/2023,78,7.8,42,259,Owlcat Games,Western RPG,Not Rated,https://www.metacritic.com/game/warhammer-40000-rogue-trader/
The King's Dilemma: Chronicles,PC,30/01/2023,78,,7,0,Big Trouble,RPG,Not Rated,https://www.metacritic.com/game/the-kings-dilemma-chronicles/
Sonic Origins Plus,"PlayStation 5, PlayStation 4, PC, Nintendo Switch, Xbox Series X, Xbox One",23/06/2023,78,7.3,29,112,Sega,Compilation,E,https://www.metacritic.com/game/sonic-origins-plus/
EA SPORTS UFC 5,"PlayStation 5, Xbox Series X",27/10/2023,78,3.6,36,279,Electronic Arts,Combat Sport,M,https://www.metacritic.com/game/ea-sports-ufc-5/
Hot Wheels: Rift Rally,"PlayStation 5, PlayStation 4, iOS (iPhone/iPad)",14/03/2023,78,,7,0,Velan Studios,Auto Racing,E,https://www.metacritic.com/game/hot-wheels-rift-rally/
Hot Wheels: Rift Rally,"PlayStation 5, PlayStation 4, iOS (iPhone/iPad)",14/03/2023,78,,7,0,Velan Studios,Auto Racing,E,https://www.metacritic.com/game/hot-wheels-rift-rally/
Mega Man Battle Network Legacy Collection,"Nintendo Switch, PlayStation 4, PC",14/04/2023,77,8.8,31,82,Capcom,Compilation,E10+,https://www.metacritic.com/game/mega-man-battle-network-legacy-collection/
Nickelodeon All-Star Brawl 2,"PlayStation 5, Xbox Series X, PC, PlayStation 4, Xbox One, Nintendo Switch",07/11/2023,77,6.8,15,40,GameMill Entertainment,2D Fighting,E10+,https://www.metacritic.com/game/nickelodeon-all-star-brawl-2/
Loddlenaut,"PC, Nintendo Switch",16/11/2023,77,8.3,9,12,Secret Mode,Third-Person Adventure,Not Rated,https://www.metacritic.com/game/loddlenaut/
Amnesia: The Bunker,"PlayStation 4, Xbox One, Xbox Series X, PC, Nintendo Switch",06/06/2023,77,7.6,63,239,Frictional Games,Survival,Not Rated,https://www.metacritic.com/game/amnesia-the-bunker/
Vengeful Guardian: Moonrider,"PlayStation 5, PC, Nintendo Switch, PlayStation 4",12/01/2023,77,6.8,23,20,The Arcade Crew,2D Platformer,Not Rated,https://www.metacritic.com/game/vengeful-guardian-moonrider/
Bud Spencer & Terence Hill - Slaps and Beans 2,"PlayStation 5, Xbox Series X, PC, PlayStation 4, Xbox One, Nintendo Switch, iOS (iPhone/iPad)",22/09/2023,77,8.4,7,17,ININ Games,2D Beat-'Em-Up,T,https://www.metacritic.com/game/bud-spencer-and-terence-hill-slaps-and-beans-2/
Etrian Odyssey Origins Collection,"Nintendo Switch, PC",01/06/2023,77,8.2,25,13,"Sega, Atlus",Compilation,T,https://www.metacritic.com/game/etrian-odyssey-origins-collection/
The Pale Beyond,"PC, Nintendo Switch",24/02/2023,77,7,11,25,Fellow Traveller,Adventure,Not Rated,https://www.metacritic.com/game/the-pale-beyond/
Synapse,PlayStation 5,04/07/2023,77,8.8,37,70,nDreams,Light Gun,T,https://www.metacritic.com/game/synapse/
The Fabulous Fear Machine,PC,04/10/2023,77,7.2,12,5,AMC Games,Strategy,Not Rated,https://www.metacritic.com/game/the-fabulous-fear-machine/
Master Detective Archives: RAIN CODE,Nintendo Switch,30/06/2023,77,7.9,66,156,Spike Chunsoft,Action Adventure,M,https://www.metacritic.com/game/master-detective-archives-rain-code/
Baten Kaitos I & II HD Remaster,"Nintendo Switch, PC",14/09/2023,77,7.6,28,57,Bandai Namco Games,Compilation,T,https://www.metacritic.com/game/baten-kaitos-i-and-ii-hd-remaster/
Lunark,"PC, PlayStation 5, Xbox One, PlayStation 4, Nintendo Switch, Xbox Series X",30/03/2023,77,7.1,9,11,"WayForward, Limited Run Games, Oizumi Amuzio",2D Platformer,E10+,https://www.metacritic.com/game/lunark/
Forza Horizon 5: Rally Adventure,"Xbox Series X, PC",29/03/2023,77,6.8,11,58,Xbox Game Studios,Auto Racing Sim,E,https://www.metacritic.com/game/forza-horizon-5-rally-adventure/
SpellForce: Conquest of Eo,"PC, Xbox Series X, PlayStation 5",03/02/2023,77,7.8,16,28,THQ Nordic,Turn-Based Tactics,Not Rated,https://www.metacritic.com/game/spellforce-conquest-of-eo/
Tchia,"PC, PlayStation 5, PlayStation 4, Nintendo Switch, Xbox Series X",21/03/2023,77,6.6,37,165,"Kepler Interactive, Maximum Games",Open-World Action,T,https://www.metacritic.com/game/tchia/
Tails: The Backbone Preludes,PC,02/02/2023,77,5.8,8,9,Raw Fury,Adventure,Not Rated,https://www.metacritic.com/game/tails-the-backbone-preludes/
Might & Magic: Clash of Heroes - Definitive Edition,"PC, PlayStation 4, Nintendo Switch",20/07/2023,77,7,9,16,Ubisoft,Turn-Based Tactics,Not Rated,https://www.metacritic.com/game/might-and-magic-clash-of-heroes-definitive-edition/
World of Horror,"PlayStation 4, PC, Nintendo Switch",19/10/2023,77,6.8,23,33,Ysbryd Games,RPG,Not Rated,https://www.metacritic.com/game/world-of-horror/
Palia,"Nintendo Switch, PC, Xbox Series X, PlayStation 5",24/10/2023,77,6.5,7,18,Singularity Six,Virtual Life,Not Rated,https://www.metacritic.com/game/palia/
Hot Wheels Unleashed 2: Turbocharged,"PlayStation 5, Xbox Series X, PC, Nintendo Switch, PlayStation 4, Xbox One",19/10/2023,77,6.7,41,73,Milestone S.r.l,Auto Racing,E,https://www.metacritic.com/game/hot-wheels-unleashed-2-turbocharged/
Contraband Police,"PC, Xbox Series X, PlayStation 5",08/03/2023,77,7.7,10,104,PlayWay,Virtual Career,Not Rated,https://www.metacritic.com/game/contraband-police/
Unplugged: Air Guitar,"PC, PlayStation 5, Meta Quest",22/02/2023,77,,9,0,Vertigo Games,Rhythm,Not Rated,https://www.metacritic.com/game/unplugged-air-guitar/
KarmaZoo,"PC, Nintendo Switch, PlayStation 5, Xbox Series X",14/11/2023,77,6.8,10,6,Devolver Digital,2D Platformer,E,https://www.metacritic.com/game/karmazoo/
VR Skater,"PC, PlayStation 5",04/08/2023,77,7,8,10,"Perp Games, Perpetual-Europe",Skating,M,https://www.metacritic.com/game/vr-skater/
American Arcadia,"PC, PlayStation 5, Xbox Series X, Nintendo Switch, Xbox One, PlayStation 4",15/11/2023,77,8.5,17,75,Raw Fury,Action Adventure,Not Rated,https://www.metacritic.com/game/american-arcadia/
SEASON: A letter to the future,"PlayStation 5, PC, PlayStation 4",31/01/2023,76,7.6,51,38,Covalent Media,Third-Person Adventure,E,https://www.metacritic.com/game/season-a-letter-to-the-future/
DREDGE: The Pale Reach,"PC, Nintendo Switch, Xbox Series X, PlayStation 5, PlayStation 4, Xbox One",16/11/2023,76,7.1,7,22,Team17,Action Adventure,Not Rated,https://www.metacritic.com/game/dredge-the-pale-reach/
Spirittea,"PC, Nintendo Switch, Xbox Series X, Xbox One",13/11/2023,76,6.9,10,10,"No More Robots, Merge Games",Virtual Life,E10+,https://www.metacritic.com/game/spirittea/
Tiny Thor,"PC, Nintendo Switch",03/08/2023,76,7.3,7,10,"Gameforge, Strictly Limited Games",2D Platformer,E10+,https://www.metacritic.com/game/tiny-thor/
Assassin's Creed Mirage,"PlayStation 5, Xbox Series X, PC, PlayStation 4, Xbox One, iOS (iPhone/iPad)",05/10/2023,76,7,99,2536,Ubisoft,Open-World Action,M,https://www.metacritic.com/game/assassins-creed-mirage/
Fitness Circuit,Nintendo Switch,26/05/2023,76,,9,0,"Spike Chunsoft, Exfit, Reef Entertainment",Exercise,E,https://www.metacritic.com/game/fitness-circuit/
EA Sports PGA Tour,"PlayStation 5, Xbox Series X, PC",04/04/2023,76,6.3,31,87,Electronic Arts,Golf Sim,E,https://www.metacritic.com/game/ea-sports-pga-tour/
Atelier Marie Remake: The Alchemist of Salburg,"Nintendo Switch, PlayStation 5, PlayStation 4, PC",13/07/2023,76,7.6,19,24,Koei Tecmo Games,JRPG,E10+,https://www.metacritic.com/game/atelier-marie-remake-the-alchemist-of-salburg/
Pharaoh: A New Era,PC,15/02/2023,76,4.6,28,24,DotEmu,Management,Not Rated,https://www.metacritic.com/game/pharaoh-a-new-era/
Gal Guardians: Demon Purge,"PlayStation 5, Xbox Series X, PC, PlayStation 4, Xbox One, Nintendo Switch",23/02/2023,76,7.5,12,17,"Inti Creates, PQube, Justdan",Metroidvania,T,https://www.metacritic.com/game/gal-guardians-demon-purge/
DC's Justice League: Cosmic Chaos,"PlayStation 5, Xbox Series X, PC, PlayStation 4, Xbox One, Nintendo Switch",10/03/2023,76,7.9,9,7,Outright Games,Open-World Action,E10+,https://www.metacritic.com/game/dcs-justice-league-cosmic-chaos/
Land of the Vikings,PC,09/10/2023,76,,9,0,Iceberg Interactive,Management,Not Rated,https://www.metacritic.com/game/land-of-the-vikings/
SPRAWL,"PC, PlayStation 5, Xbox Series X",23/08/2023,76,7.1,8,17,Rogue Games,FPS,Not Rated,https://www.metacritic.com/game/sprawl/
For the King II,"PlayStation 4, PC, PlayStation 5, Xbox One, Xbox Series X",02/11/2023,76,7.7,10,46,Curve Games,Roguelike,Not Rated,https://www.metacritic.com/game/for-the-king-ii/
Party Animals,"PC, Nintendo Switch, PlayStation 4, Xbox One, Xbox Series X, PlayStation 5",20/09/2023,76,7.7,22,141,Source Technology,Party,E10+,https://www.metacritic.com/game/party-animals/
The 7th Guest VR,Unknown,19/10/2023,76,8.7,16,0,Unknown,Unknown,M,https://www.metacritic.com/game/the-7th-guest-vr/
Assault Suits Valken Declassified,Nintendo Switch,30/03/2023,76,5.8,9,4,"Rainmaker Productions, Limited Run Games, SUPERDELUXE GAMES, Clear River Games",Horizontal Shoot-'Em-Up,E10+,https://www.metacritic.com/game/assault-suits-valken-declassified/
Figment 2: Creed Valley,"PlayStation 4, Xbox One, Nintendo Switch, PC, PlayStation 5, Xbox Series X",09/03/2023,76,6.5,13,39,Bedtime Digital Games,Action Adventure,Not Rated,https://www.metacritic.com/game/figment-2-creed-valley/
Dordogne,"Nintendo Switch, PC, PlayStation 5, PlayStation 4, Xbox One, Xbox Series X",13/06/2023,76,7.1,12,61,Focus Entertainment,Adventure,Not Rated,https://www.metacritic.com/game/dordogne/
Raiden III x MIKADO MANIAX,"PlayStation 5, PlayStation 4, Nintendo Switch, Xbox Series X, Xbox One, PC",06/06/2023,76,,8,0,"NIS America, Koei Tecmo Games, Moss, H2 Interactive Co., Ltd.",Vertical Shoot-'Em-Up,E10+,https://www.metacritic.com/game/raiden-iii-x-mikado-maniax/
Final Fantasy XVI: Echoes of the Fallen,"PlayStation 5, PC, Xbox Series X",07/12/2023,76,6.9,24,114,Square Enix,Action RPG,M,https://www.metacritic.com/game/final-fantasy-xvi-echoes-of-the-fallen/
En Garde!,PC,16/08/2023,76,6.6,23,43,Fireplace Games,Action Adventure,Not Rated,https://www.metacritic.com/game/en-garde/
The Crew Motorfest,"PlayStation 5, Xbox Series X, PC, PlayStation 4, Xbox One",14/09/2023,76,7.1,55,640,Ubisoft,Auto Racing,T,https://www.metacritic.com/game/the-crew-motorfest/
Rune Factory 3 Special,"Nintendo Switch, PC",05/09/2023,76,7.5,21,25,"XSEED Games, Marvelous Inc., Marvelous Entertainment, Marvelous Europe",Action RPG,T,https://www.metacritic.com/game/rune-factory-3-special/
ATONE: Heart of the Elder Tree,"PC, iOS (iPhone/iPad), Nintendo Switch, PlayStation 4",27/01/2023,76,6.1,8,7,"Untold Tales, Beep",Action Adventure,T,https://www.metacritic.com/game/atone-heart-of-the-elder-tree/
Stray Gods: The Roleplaying Musical,"PC, Xbox Series X, PlayStation 5, Nintendo Switch, Xbox One, PlayStation 4",10/08/2023,76,7.8,38,61,Humble Games,RPG,Not Rated,https://www.metacritic.com/game/stray-gods-the-roleplaying-musical/
Norn9: Last Era,"PlayStation Vita, Nintendo Switch",31/08/2023,76,,7,0,Aksys Games,Visual Novel,T,https://www.metacritic.com/game/norn9-last-era/
Tentacular,"PC, PlayStation 5, Meta Quest",22/02/2023,76,6.7,9,7,Devolver Digital,Action Puzzle,E10+,https://www.metacritic.com/game/tentacular/
Shadow Warrior 3: Definitive Edition,"PlayStation 5, Xbox Series X, PC, Xbox One, PlayStation 4",16/02/2023,76,6.9,7,45,Devolver Digital,FPS,Not Rated,https://www.metacritic.com/game/shadow-warrior-3-definitive-edition/
Fae Farm,"Nintendo Switch, PC, PlayStation 5, Xbox Series X, Xbox One, PlayStation 4",08/09/2023,75,6.2,48,53,"Phoenix Labs, Spike Chunsoft",Virtual Life,E10+,https://www.metacritic.com/game/fae-farm/
EA Sports FC 24,"PlayStation 5, Xbox Series X, PC, Nintendo Switch, PlayStation 4, Xbox One",29/09/2023,75,2.7,76,1945,Electronic Arts,Soccer Sim,E,https://www.metacritic.com/game/ea-sports-fc-24/
The Legend of Nayuta: Boundless Trails,"PSP, PlayStation 4, PC, Nintendo Switch",19/09/2023,75,7.1,12,18,"NIS America, Falcom, Clouded Leopard Entertainment",Action RPG,E10+,https://www.metacritic.com/game/the-legend-of-nayuta-boundless-trails/
Endless Dungeon,"PC, Nintendo Switch, Xbox Series X, PlayStation 5, Xbox One, PlayStation 4",19/10/2023,75,7.6,34,36,"Sega, Sega Europe",Real-Time Tactics,T,https://www.metacritic.com/game/endless-dungeon/
Railway Empire 2,"PlayStation 5, Xbox Series X, PC, PlayStation 4, Xbox One, Nintendo Switch",25/05/2023,75,7.3,8,26,Kalypso,Tycoon,Not Rated,https://www.metacritic.com/game/railway-empire-2/
Sherlock Holmes: The Awakened,"PlayStation 5, Xbox Series X, PC, PlayStation 4, Xbox One, Nintendo Switch",11/04/2023,75,7.1,25,91,Frogwares Ireland ltd,Third-Person Adventure,T,https://www.metacritic.com/game/sherlock-holmes-the-awakened/
The Expanse: A Telltale Series,"PC, PlayStation 4, PlayStation 5, Xbox One, Xbox Series X",20/11/2023,75,6.2,25,130,Telltale Games,Third-Person Adventure,M,https://www.metacritic.com/game/the-expanse-a-telltale-series/
Zombieland: Headshot Fever Reloaded,PlayStation 5,22/02/2023,75,8.3,11,4,"XR Games, X R GAMES",Light Gun,M,https://www.metacritic.com/game/zombieland-headshot-fever-reloaded/
Aliens: Dark Descent,"PC, PlayStation 5, Xbox Series X, PlayStation 4, Xbox One",20/06/2023,75,7.6,68,219,Focus Entertainment,Real-Time Tactics,M,https://www.metacritic.com/game/aliens-dark-descent/
RIDE 5,"PlayStation 5, Xbox Series X, PC",24/08/2023,75,7.1,25,26,Milestone S.r.l,Auto Racing Sim,E,https://www.metacritic.com/game/ride-5/
Song of Nunu: A League of Legends Story,"Nintendo Switch, PC, PlayStation 5, PlayStation 4, Xbox One, Xbox Series X",01/11/2023,75,6.6,31,48,Riot Forge,Third-Person Adventure,E10+,https://www.metacritic.com/game/song-of-nunu-a-league-of-legends-story/
WarioWare: Move It!,Nintendo Switch,03/11/2023,75,8.1,92,87,Nintendo,Party,E10+,https://www.metacritic.com/game/warioware-move-it/
Lords of the Fallen,"PlayStation 5, Xbox Series X, PC",13/10/2023,75,6.7,66,1416,CI Games,Action RPG,M,https://www.metacritic.com/game/lords-of-the-fallen/
AK-xolotl,"PC, Nintendo Switch, PlayStation 4, PlayStation 5, Xbox Series X, Xbox One",14/09/2023,75,6.4,9,16,Playstack,Top-Down Shoot-'Em-Up,Not Rated,https://www.metacritic.com/game/ak-xolotl/
Bomb Rush Cyberfunk,"PC, Nintendo Switch, Xbox Series X, Xbox One, PlayStation 5, PlayStation 4",18/08/2023,75,8.4,16,117,Team Reptile,3D Platformer,Not Rated,https://www.metacritic.com/game/bomb-rush-cyberfunk/
Loretta,"PC, Nintendo Switch, Xbox One, PlayStation 4, PlayStation 5, Xbox Series X",16/02/2023,75,6.2,7,13,DANGEN Entertainment,Adventure,Not Rated,https://www.metacritic.com/game/loretta/
Loretta,"PC, Nintendo Switch, Xbox One, PlayStation 4, PlayStation 5, Xbox Series X",16/02/2023,75,6.2,7,13,DANGEN Entertainment,Adventure,Not Rated,https://www.metacritic.com/game/loretta/
Osman,"Nintendo Switch, PlayStation 4, Xbox Series X, PlayStation 5, Xbox One",13/04/2023,75,,9,0,"ININ Games, Strictly Limited Games",2D Platformer,T,https://www.metacritic.com/game/osman/
Showgunners,"PC, Xbox Series X, Xbox One, PlayStation 5, PlayStation 4",02/05/2023,75,7.9,20,37,Good Shepherd Entertainment,Turn-Based Tactics,Not Rated,https://www.metacritic.com/game/showgunners/
Trinity Fusion,"PC, Xbox Series X, Xbox One, PlayStation 5, PlayStation 4, Nintendo Switch",15/12/2023,75,6.5,12,18,Angry Mob Games,Metroidvania,T,https://www.metacritic.com/game/trinity-fusion/
Layers of Fear,"PC, PlayStation 5, Xbox Series X",15/06/2023,75,6.9,30,102,Bloober Team,Survival,M,https://www.metacritic.com/game/layers-of-fear/
Harmony: The Fall of Reverie,"Nintendo Switch, PlayStation 5, PC, Xbox Series X",08/06/2023,75,6,33,22,DONTNOD Entertainment,Visual Novel,Not Rated,https://www.metacritic.com/game/harmony-the-fall-of-reverie/
"Warhammer 40,000: Boltgun","PlayStation 5, Xbox Series X, PC, PlayStation 4, Xbox One, Nintendo Switch",23/05/2023,75,7.5,49,163,Focus Entertainment,FPS,M,https://www.metacritic.com/game/warhammer-40000-boltgun/
Mr. Run and Jump,"PlayStation 5, Xbox Series X, PC, PlayStation 4, Xbox One, Nintendo Switch",25/07/2023,75,,9,0,Atari,2D Platformer,E,https://www.metacritic.com/game/mr-run-and-jump/
Metal Gear Solid: Master Collection Vol. 1,"PlayStation 5, Nintendo Switch, Xbox Series X, PC, PlayStation 4",24/10/2023,74,6.4,56,197,Konami,Compilation,M,https://www.metacritic.com/game/metal-gear-solid-master-collection-vol-1/
Raiden IV x Mikado Remix,"Nintendo Switch, PlayStation 5, PlayStation 4, PC, Xbox Series X, Xbox One",31/01/2023,74,,10,0,"NIS America, Moss",Vertical Shoot-'Em-Up,E10+,https://www.metacritic.com/game/raiden-iv-x-mikado-remix/
Pinball FX,"Xbox Series X, PlayStation 5, Nintendo Switch, PC, PlayStation 4, Xbox One",16/02/2023,74,3.1,7,18,Zen Studios,Pinball,T,https://www.metacritic.com/game/pinball-fx/
Total War: PHARAOH,PC,11/10/2023,74,5.9,50,57,"Sega, Sega Europe",Turn-Based Strategy,T,https://www.metacritic.com/game/total-war-pharaoh/
What The Bat?,"Meta Quest, PC, PlayStation 5",22/02/2023,74,6.2,12,6,Triband,Action,E,https://www.metacritic.com/game/what-the-bat/
9 Years of Shadows,"PC, Nintendo Switch, iOS (iPhone/iPad), Xbox Series X, PlayStation 5, PlayStation 4, Xbox One",27/03/2023,74,7.6,15,52,Freedom Games,Metroidvania,Not Rated,https://www.metacritic.com/game/9-years-of-shadows/
Berzerk: Recharged,"PlayStation 5, Xbox Series X, PC, PlayStation 4, Xbox One, Nintendo Switch",09/11/2023,74,,7,0,"Atari, Atari SA",Top-Down Shoot-'Em-Up,E,https://www.metacritic.com/game/berzerk-recharged/
Dungeons 4,"PlayStation 5, Xbox Series X, PC, Nintendo Switch",09/11/2023,74,7.8,12,27,Kalypso,Strategy,Not Rated,https://www.metacritic.com/game/dungeons-4/
Rise of the Triad: Ludicrous Edition,"Xbox One, PlayStation 4, Nintendo Switch, PC, Xbox Series X, PlayStation 5",31/07/2023,74,7.3,8,6,Apogee Entertainment,FPS,Not Rated,https://www.metacritic.com/game/rise-of-the-triad-ludicrous-edition/
Mail Time,"PC, Nintendo Switch, PlayStation 5, PlayStation 4",27/04/2023,74,6.7,10,7,Freedom Games,3D Platformer,Not Rated,https://www.metacritic.com/game/mail-time/
The Jackbox Party Pack 10,"PlayStation 5, Xbox Series X, PC, PlayStation 4, Xbox One, Nintendo Switch",19/10/2023,74,7,13,8,"Jackbox Games, Inc.",Party,Not Rated,https://www.metacritic.com/game/the-jackbox-party-pack-10/
Persona 5 Tactica,"Xbox Series X, PC, Xbox One, PlayStation 5, PlayStation 4, Nintendo Switch",17/11/2023,74,7.1,35,193,"Sega, Atlus",Turn-Based Tactics,T,https://www.metacritic.com/game/persona-5-tactica/
SteamWorld Build,"PlayStation 5, Xbox Series X, PC, PlayStation 4, Xbox One, Nintendo Switch",01/12/2023,74,7,31,38,Thunderful,Sandbox,Not Rated,https://www.metacritic.com/game/steamworld-build/
Undying,"Xbox Series X, PC, PlayStation 5, Nintendo Switch",07/12/2023,74,6.7,7,20,Skystone Games,Survival,Not Rated,https://www.metacritic.com/game/undying/
MotoGP 23,"PlayStation 5, Xbox Series X, PC, PlayStation 4, Xbox One, Nintendo Switch",08/06/2023,74,5.1,12,18,Milestone S.r.l,Auto Racing Sim,E,https://www.metacritic.com/game/motogp-23/
Disney Speedstorm,"Nintendo Switch, PC, PlayStation 4, Xbox One, PlayStation 5, Xbox Series X, iOS (iPhone/iPad)",28/09/2023,74,5.1,14,91,Gameloft,Auto Racing,E,https://www.metacritic.com/game/disney-speedstorm/
Invector: Rhythm Galaxy,"Nintendo Switch, PC, Xbox Series X, PlayStation 4, Xbox One",14/07/2023,74,,7,0,Warner Music Group,Rhythm,Not Rated,https://www.metacritic.com/game/invector-rhythm-galaxy/
Winter's Wish: Spirits of Edo,Nintendo Switch,18/05/2023,74,5.8,8,4,"Aksys Games, Idea Factory",Visual Novel,T,https://www.metacritic.com/game/winters-wish-spirits-of-edo/
Cities: Skylines II,"PC, PlayStation 5, Xbox Series X",24/10/2023,74,4.3,65,390,Paradox Interactive,Management,E,https://www.metacritic.com/game/cities-skylines-ii/
Children of Silentown,"PC, Nintendo Switch, PlayStation 4, PlayStation 5, Xbox Series X, Xbox One",11/01/2023,74,7.2,15,26,Daedalic Entertainment,Point-and-Click,Not Rated,https://www.metacritic.com/game/children-of-silentown/
Silent Hope,"Nintendo Switch, PC",03/10/2023,74,6.1,22,21,"XSEED Games, Marvelous Inc., Marvelous Entertainment, Marvelous Europe",Action RPG,E10+,https://www.metacritic.com/game/silent-hope/
Trinity Trigger,"Nintendo Switch, PlayStation 5, PlayStation 4, PC, iOS (iPhone/iPad)",25/04/2023,73,6.6,13,26,"XSEED Games, FuRyu, Marvelous Europe, Arc System Works",Action RPG,E10+,https://www.metacritic.com/game/trinity-trigger/
One Piece Odyssey,"PC, Xbox Series X, PlayStation 5, PlayStation 4",13/01/2023,73,7,72,141,Bandai Namco Games,JRPG,T,https://www.metacritic.com/game/one-piece-odyssey/
Koa and the Five Pirates of Mara,"PC, PlayStation 5, PlayStation 4, Nintendo Switch, Xbox Series X, Xbox One",27/07/2023,73,7.7,8,10,"Chibig, Pikii, Tesura Games",3D Platformer,E10+,https://www.metacritic.com/game/koa-and-the-five-pirates-of-mara/
LEGO 2K Drive,"PlayStation 5, Xbox Series X, PC, PlayStation 4, Xbox One, Nintendo Switch",16/05/2023,73,5.9,56,93,"2K Games, Take-Two Interactive",Auto Racing,E10+,https://www.metacritic.com/game/lego-2k-drive/
Dune: Spice Wars,"PC, Xbox Series X",14/09/2023,73,6.3,21,57,Funcom,4X Strategy,Not Rated,https://www.metacritic.com/game/dune-spice-wars/
Arizona Sunshine 2,"PlayStation 5, PC, Meta Quest",05/12/2023,73,7.1,27,52,Vertigo Games,Light Gun,M,https://www.metacritic.com/game/arizona-sunshine-2/
Moons Of Darsalon,"PC, PlayStation 5, Xbox Series X, Nintendo Switch, PlayStation 4, Xbox One",19/04/2023,73,8.3,7,8,Dr. Kucho! Games,2D Platformer,Not Rated,https://www.metacritic.com/game/moons-of-darsalon/
Disney Illusion Island,"Nintendo Switch, PlayStation 5, Xbox Series X, PC",28/07/2023,73,6.5,74,77,"Disney Interactive Studios, Disney Interactive",Metroidvania,E,https://www.metacritic.com/game/disney-illusion-island/
The Lamplighters League,"PC, Xbox Series X",03/10/2023,73,6.3,23,46,Paradox Interactive,Turn-Based Tactics,Not Rated,https://www.metacritic.com/game/the-lamplighters-league/
Oxenfree II: Lost Signals,"Nintendo Switch, PC, PlayStation 5, PlayStation 4, iOS (iPhone/iPad)",12/07/2023,73,7.2,49,60,Netflix,Point-and-Click,Not Rated,https://www.metacritic.com/game/oxenfree-ii-lost-signals/
Kayak VR: Mirage,"PC, PlayStation 5",22/02/2023,73,8,10,25,"Better Than Life, Limited Run Games",Individual Sports,E,https://www.metacritic.com/game/kayak-vr-mirage/
Dead Island 2,"PlayStation 4, Xbox One, PC, PlayStation 5, Xbox Series X",21/04/2023,73,7.2,91,1101,"Deep Silver, H2 Interactive Co., Ltd.",FPS,M,https://www.metacritic.com/game/dead-island-2/
Tales of Arise: Beyond the Dawn,"PlayStation 5, PlayStation 4, PC, Xbox One, Xbox Series X",09/11/2023,73,7.9,27,38,Bandai Namco Games,Action RPG,T,https://www.metacritic.com/game/tales-of-arise-beyond-the-dawn/
Sonic Superstars,"PlayStation 5, Xbox Series X, PC, PlayStation 4, Xbox One, Nintendo Switch",17/10/2023,73,8.2,67,807,Sega,2D Platformer,E,https://www.metacritic.com/game/sonic-superstars/
Star Wars: Tales from the Galaxy's Edge - Enhanced Edition,PlayStation 5,22/02/2023,73,7,17,31,"Disney Interactive Studios, Perp Games, Disney Interactive",Action Adventure,T,https://www.metacritic.com/game/star-wars-tales-from-the-galaxys-edge-enhanced/
[I] doesn't exist - a modern text adventure,PC,05/10/2023,73,,8,0,DreadXP,Text Adventure,Not Rated,https://www.metacritic.com/game/i-doesnt-exist-a-modern-text-adventure/
Astronaut: The Best,PC,15/08/2023,73,,7,0,Universal Happymaker,Tycoon,Not Rated,https://www.metacritic.com/game/astronaut-the-best/
Ten Dates,"PC, Nintendo Switch, PlayStation 5, Xbox Series X, Xbox One, PlayStation 4, iOS (iPhone/iPad)",14/02/2023,73,5.8,8,13,Wales Interactive,Adventure,Not Rated,https://www.metacritic.com/game/ten-dates/
Meet Your Maker,"PlayStation 5, Xbox Series X, PC, PlayStation 4, Xbox One",04/04/2023,73,5.6,18,52,"Behaviour Interactive, Happinet",Sandbox,M,https://www.metacritic.com/game/meet-your-maker/
Let's School,"PC, Nintendo Switch, PlayStation 5, PlayStation 4, Xbox Series X, Xbox One",26/07/2023,73,7.3,8,12,Pathea Games,Tycoon,Not Rated,https://www.metacritic.com/game/lets-school/
The Walking Dead: Saints & Sinners - Chapter 2: Retribution,"PC, PlayStation 5, PlayStation 4, Meta Quest",21/03/2023,72,7.1,23,37,"Skybound Games, Skydance Interactive, Mastiff",Survival,M,https://www.metacritic.com/game/the-walking-dead-saints-and-sinners-chapter-2/
Mahokenshi,PC,24/01/2023,72,7.2,18,6,Iceberg Interactive,Turn-Based Tactics,Not Rated,https://www.metacritic.com/game/mahokenshi/
Wonder Boy Anniversary Collection,"Nintendo Switch, PlayStation 4, PlayStation 5",26/01/2023,72,,9,0,"Bliss Brain, ININ Games, Strictly Limited Games",Compilation,E10+,https://www.metacritic.com/game/wonder-boy-anniversary-collection/
RoboCop: Rogue City,"PlayStation 5, Xbox Series X, PC",02/11/2023,72,7.8,57,794,"Nacon, 3goo, H2 Interactive Co., Ltd.",FPS,M,https://www.metacritic.com/game/robocop-rogue-city/
Just Dance 2024 Edition,"Nintendo Switch, Xbox Series X, PlayStation 5",24/10/2023,72,5.7,11,30,Ubisoft,Dancing,E,https://www.metacritic.com/game/just-dance-2024-edition/
The Invincible,"PlayStation 5, PC, Xbox Series X",06/11/2023,72,7.8,42,225,"11 bit studios, Starward Industries, Merge Games",First-Person Adventure,Not Rated,https://www.metacritic.com/game/the-invincible/
Onion Assault,"Nintendo Switch, PC",26/01/2023,72,,7,0,Horberg Productions,2D Platformer,E10+,https://www.metacritic.com/game/onion-assault/
The Outer Worlds: Spacer's Choice Edition,"Xbox Series X, PC, PlayStation 5",07/03/2023,72,6.7,13,138,"Private Division, Take-Two Interactive",Western RPG,M,https://www.metacritic.com/game/the-outer-worlds-spacers-choice-edition/
The Last Faith,"PC, Nintendo Switch, Xbox One, PlayStation 4, Xbox Series X, PlayStation 5",15/11/2023,72,7,23,136,Playstack,Metroidvania,Not Rated,https://www.metacritic.com/game/the-last-faith/
Avatar: Frontiers of Pandora,"PC, Xbox Series X, PlayStation 5",07/12/2023,72,7.1,86,1052,Ubisoft,Open-World Action,T,https://www.metacritic.com/game/avatar-frontiers-of-pandora/
The Many Pieces of Mr. Coo,"PC, PlayStation 5, Nintendo Switch, PlayStation 4, Xbox Series X, Xbox One",06/09/2023,72,6.4,7,7,Meridiem Games,Point-and-Click,Not Rated,https://www.metacritic.com/game/the-many-pieces-of-mr-coo/
R-Type Final 3 Evolved,PlayStation 5,25/04/2023,72,7,11,5,"NIS America, Granzella Inc.",Horizontal Shoot-'Em-Up,E10+,https://www.metacritic.com/game/r-type-final-3-evolved/
Taito Milestones 2,Nintendo Switch,31/08/2023,72,,17,0,"ININ Games, Taito Corporation",Compilation,T,https://www.metacritic.com/game/taito-milestones-2/
GYLT,"PC, PlayStation 5, Xbox Series X, PlayStation 4, Xbox One, Nintendo Switch",06/07/2023,72,7,16,42,"Tequila Works, Tesura Games",Action Adventure,T,https://www.metacritic.com/game/gylt/
Dragon Quest Monsters: The Dark Prince,"Nintendo Switch, PC, iOS (iPhone/iPad)",01/12/2023,72,8,39,131,Square Enix,Trainer RPG,E10+,https://www.metacritic.com/game/dragon-quest-monsters-the-dark-prince/
Story of Seasons: A Wonderful Life,Unknown,27/06/2023,72,7.2,26,0,Unknown,Unknown,E,https://www.metacritic.com/game/story-of-seasons-a-wonderful-life/
Fall of Porcupine,Unknown,15/06/2023,72,7.1,16,0,Unknown,Unknown,Not Rated,https://www.metacritic.com/game/fall-of-porcupine/
The Texas Chain Saw Massacre,"PC, Xbox Series X, PlayStation 5, PlayStation 4, Xbox One",18/08/2023,72,6.3,29,190,Gun Interactive,Survival,Not Rated,https://www.metacritic.com/game/the-texas-chain-saw-massacre/
Wizard with a Gun,Unknown,16/10/2023,72,5.2,25,0,Unknown,Unknown,Not Rated,https://www.metacritic.com/game/wizard-with-a-gun/
Quantum: Recharged,"PlayStation 5, Xbox Series X, PC, PlayStation 4, Xbox One, Nintendo Switch",17/08/2023,72,,7,0,Atari,Arcade,Not Rated,https://www.metacritic.com/game/quantum-recharged/
The Great War: Western Front,PC,30/03/2023,72,7.8,21,5,"Frontier Foundry, Frontier Developments",Real-Time Tactics,T,https://www.metacritic.com/game/the-great-war-western-front/
Breakers Collection,"PC, PlayStation 4, Xbox One, Nintendo Switch, PlayStation 5, Xbox Series X",12/01/2023,72,7,9,4,"QUByte Interactive, Strictly Limited Games",Compilation,E10+,https://www.metacritic.com/game/breakers-collection/
Forspoken: In Tanta We Trust,"PC, PlayStation 5",26/05/2023,71,6.4,11,90,Square Enix,Action RPG,Not Rated,https://www.metacritic.com/game/forspoken-in-tanta-we-trust/
OddBallers,"PC, Nintendo Switch, Xbox Series X, Xbox One, PlayStation 4",26/01/2023,71,7,7,7,Ubisoft,Party,E10+,https://www.metacritic.com/game/oddballers/
Minecraft Legends,"Xbox Series X, PC, Xbox One, Nintendo Switch, PlayStation 5, PlayStation 4",18/04/2023,71,5.6,65,222,"Xbox Game Studios, Mojang AB",Real-Time Strategy,E10+,https://www.metacritic.com/game/minecraft-legends/
Turok 3: Shadow of Oblivion,"Nintendo Switch, Xbox Series X, PC, PlayStation 4, Xbox One, PlayStation 5",30/11/2023,71,7.3,10,10,Nightdive Studios,FPS,M,https://www.metacritic.com/game/turok-3-shadow-of-oblivion/
Samba de Amigo: Party Central,"Nintendo Switch, iOS (iPhone/iPad), Meta Quest",29/08/2023,71,8.2,48,27,Sega,Rhythm,E,https://www.metacritic.com/game/samba-de-amigo-party-central/
Manic Mechanics,"Nintendo Switch, PC, Xbox One, PlayStation 4",13/07/2023,71,,9,0,4J Studios,Party,E,https://www.metacritic.com/game/manic-mechanics/
Gothic II Complete Classic,Nintendo Switch,29/11/2023,71,7,11,47,THQ Nordic,Western RPG,M,https://www.metacritic.com/game/gothic-ii-complete-classic/
Star Trek: Resurgence,"PC, PlayStation 5, PlayStation 4, Xbox Series X, Xbox One, Nintendo Switch",23/05/2023,71,6.9,18,57,Bruner House,Third-Person Adventure,T,https://www.metacritic.com/game/star-trek-resurgence/
Sludge Life 2,Unknown,27/06/2023,71,6.3,10,0,Unknown,Unknown,Not Rated,https://www.metacritic.com/game/sludge-life-2/
Another Fisherman's Tale,"PlayStation 5, PC, Meta Quest",11/05/2023,71,6.6,12,7,Vertigo Games,Adventure,T,https://www.metacritic.com/game/another-fishermans-tale/
Crossfire: Sierra Squad,"PC, PlayStation 5",29/08/2023,71,7.3,7,18,"Smilegate, Perp Games, Perpetual-Europe",Light Gun,M,https://www.metacritic.com/game/crossfire-sierra-squad/
Pronty: Fishy Adventure,"PC, Nintendo Switch",07/03/2023,71,7.7,8,16,"Happinet, Clear River Games",Metroidvania,E,https://www.metacritic.com/game/pronty-fishy-adventure/
NHL 24,"PlayStation 5, Xbox Series X, PC, PlayStation 4, Xbox One",06/10/2023,71,3.8,19,149,Electronic Arts,Hockey Sim,E10+,https://www.metacritic.com/game/nhl-24/
Knuckle Sandwich,PC,22/11/2023,70,,9,0,Andrew Brophy,RPG,Not Rated,https://www.metacritic.com/game/knuckle-sandwich/
Under The Waves,"PC, PlayStation 5, Xbox Series X, PlayStation 4, Xbox One",29/08/2023,70,7.1,27,105,Quantic Dream,Adventure,M,https://www.metacritic.com/game/under-the-waves/
TT Isle of Man: Ride on the Edge 3,"PlayStation 5, Xbox Series X, PC, PlayStation 4, Xbox One, Nintendo Switch",11/05/2023,70,5.1,12,15,"Nacon, 3goo",Auto Racing Sim,E,https://www.metacritic.com/game/tt-isle-of-man-ride-on-the-edge-3/
Disney Dreamlight Valley,"PlayStation 5, Xbox Series X, PC, PlayStation 4, Xbox One, Nintendo Switch, iOS (iPhone/iPad)",05/12/2023,70,6.2,13,55,Gameloft,Virtual Life,Not Rated,https://www.metacritic.com/game/disney-dreamlight-valley/
Haunted House,"PlayStation 5, Xbox Series X, PC, PlayStation 4, Xbox One, Nintendo Switch",12/10/2023,70,,7,4,"Atari, Atari SA",Action Adventure,E10+,https://www.metacritic.com/game/haunted-house/
Teslagrad 2,"PC, Xbox Series X, PlayStation 5, PlayStation 4, Xbox One, Nintendo Switch",19/04/2023,70,6.4,10,13,"Modus Games, H2 Interactive Co., Ltd.",Metroidvania,Not Rated,https://www.metacritic.com/game/teslagrad-2/
Pokemon Scarlet / Pokemon Violet: The Hidden Treasure of Area Zero - Part 2: The Indigo Disk,Nintendo Switch,14/12/2023,70,5,26,366,The Pokemon Company,Trainer RPG,E,https://www.metacritic.com/game/pokemon-scarlet-pokemon-violet-the-hidden-treasure-2024/
Elderand,"PC, Xbox Series X, PlayStation 5, Nintendo Switch, Xbox One, iOS (iPhone/iPad)",16/02/2023,70,7,17,24,Graffiti Games,Metroidvania,Not Rated,https://www.metacritic.com/game/elderand/
Road 96: Mile 0,"PC, PlayStation 5, Xbox Series X, Nintendo Switch, Xbox One, PlayStation 4",04/04/2023,70,6.5,25,46,Ravenscourt,First-Person Adventure,T,https://www.metacritic.com/game/road-96-mile-0/
Rhapsody: Marl Kingdom Chronicles,"PlayStation 5, Nintendo Switch, PC",29/08/2023,70,,10,0,NIS America,Compilation,T,https://www.metacritic.com/game/rhapsody-marl-kingdom-chronicles/
Process of Elimination,"PlayStation 4, Nintendo Switch",11/04/2023,70,8.5,8,8,"NIS America, Nippon Ichi Software",Visual Novel,M,https://www.metacritic.com/game/process-of-elimination/
Decarnation,"PC, Nintendo Switch",31/05/2023,70,8.2,14,10,"Shiro Games, Beep",Survival,T,https://www.metacritic.com/game/decarnation/
Howl,"Nintendo Switch, PC, PlayStation 5, Xbox Series X",14/11/2023,70,,10,0,astragon,Turn-Based Tactics,T,https://www.metacritic.com/game/howl/
Strayed Lights,"PlayStation 5, Xbox Series X, PC, PlayStation 4, Xbox One, Nintendo Switch",25/04/2023,70,6.8,15,25,Embers,Action Adventure,Not Rated,https://www.metacritic.com/game/strayed-lights/
Atomic Heart,"PC, Xbox Series X, PlayStation 5, Xbox One, PlayStation 4",21/02/2023,70,6.8,46,1565,"Focus Entertainment, Beep Japan",FPS,M,https://www.metacritic.com/game/atomic-heart/
The Last Worker,"PC, Nintendo Switch, Xbox Series X, PlayStation 5, Meta Quest",30/03/2023,70,5.4,15,8,Wired Productions,First-Person Adventure,M,https://www.metacritic.com/game/the-last-worker/
Storyteller,"PC, iOS (iPhone/iPad), Nintendo Switch",23/03/2023,70,7.1,19,72,Annapurna Interactive,Puzzle,Not Rated,https://www.metacritic.com/game/storyteller/
C-Smash VRS,"PlayStation 5, Meta Quest",23/06/2023,70,6.8,18,5,"RapidEyeMovers, Limited Run Games",Tennis,E,https://www.metacritic.com/game/c-smash-vrs/
SpongeBob SquarePants: The Cosmic Shake,"Nintendo Switch, Xbox One, PlayStation 4, PC, PlayStation 5, Xbox Series X, iOS (iPhone/iPad)",31/01/2023,70,7.8,39,130,THQ Nordic,3D Platformer,E10+,https://www.metacritic.com/game/spongebob-squarepants-the-cosmic-shake/
Super Dungeon Maker,"PC, Nintendo Switch",03/05/2023,70,,8,0,"rokaplay, Premium Edition Games",Action Adventure,E,https://www.metacritic.com/game/super-dungeon-maker/
Immortals of Aveum,"PC, PlayStation 5, Xbox Series X",22/08/2023,69,6.1,77,389,Electronic Arts,FPS,M,https://www.metacritic.com/game/immortals-of-aveum/
Affogato,PC,17/08/2023,69,,10,0,Spiral Up Games,JRPG,Not Rated,https://www.metacritic.com/game/affogato/
Deliver Us Mars,"PlayStation 5, Xbox Series X, PC, PlayStation 4, Xbox One",02/02/2023,69,6.2,28,125,"Frontier Foundry, Frontier Developments",Adventure,T,https://www.metacritic.com/game/deliver-us-mars/
Crime O'Clock,"Nintendo Switch, PC",21/07/2023,69,7,14,4,Just For Games,Hidden Object,Not Rated,https://www.metacritic.com/game/crime-oclock/
Irem Collection Volume 1,"Nintendo Switch, PlayStation 5, PlayStation 4, Xbox Series X, Xbox One",21/11/2023,69,,7,0,"ININ Games, Tozai Games, Strictly Limited Games",Compilation,E10+,https://www.metacritic.com/game/irem-collection-volume-1/
Dust & Neon,"PC, Nintendo Switch, PlayStation 5, Xbox Series X, iOS (iPhone/iPad)",17/08/2023,69,,8,0,Rogue Games,Top-Down Shoot-'Em-Up,Not Rated,https://www.metacritic.com/game/dust-and-neon/
Destiny 2: Lightfall,"Xbox One, PC, PlayStation 4, PlayStation 5, Xbox Series X",28/02/2023,69,3.6,26,157,Bungie,FPS,Not Rated,https://www.metacritic.com/game/destiny-2-lightfall/
Born of Bread,"Nintendo Switch, PC, PlayStation 5, Xbox Series X",05/12/2023,69,7.3,12,8,"Plug In Digital, Red Art Games, Oizumi Amuzio, Pix'n Love",RPG,E10+,https://www.metacritic.com/game/born-of-bread/
Lone Ruin,"PC, Nintendo Switch",12/01/2023,69,7.2,15,5,"Super Rare Originals, H2 Interactive Co., Ltd., Super Rare Games",Top-Down Shoot-'Em-Up,E,https://www.metacritic.com/game/lone-ruin/
Clash: Artifacts of Chaos,"PC, PlayStation 5, Xbox Series X, Xbox One, PlayStation 4",09/03/2023,69,6.9,9,31,Nacon,Action Adventure,T,https://www.metacritic.com/game/clash-artifacts-of-chaos/
WrestleQuest,"Xbox Series X, Xbox One, Nintendo Switch, PlayStation 5, PC, PlayStation 4, iOS (iPhone/iPad)",22/08/2023,69,5.8,25,6,Skybound Games,JRPG,Not Rated,https://www.metacritic.com/game/wrestlequest/
Miasma Chronicles,"PC, Xbox Series X, PlayStation 5",23/05/2023,69,7.2,40,85,505 Games,Turn-Based Tactics,Not Rated,https://www.metacritic.com/game/miasma-chronicles/
NBA 2K24,"PlayStation 5, Xbox Series X, PC, PlayStation 4, Xbox One, Nintendo Switch",08/09/2023,68,2.6,40,373,"2K Games, Take-Two Interactive",Basketball Sim,E,https://www.metacritic.com/game/nba-2k24/
Fatal Frame: Mask of the Lunar Eclipse,"PC, Nintendo Switch, Xbox Series X, PlayStation 5, PlayStation 4, Xbox One, Wii",09/03/2023,68,8,26,68,Koei Tecmo Games,Survival,T,https://www.metacritic.com/game/fatal-frame-mask-of-the-lunar-eclipse/
Ravenlok,"Xbox Series X, PC, Xbox One",04/05/2023,68,7.4,21,116,Cococucumber,Action Adventure,E10+,https://www.metacritic.com/game/ravenlok/
Firmament,"PC, PlayStation 5, PlayStation 4",18/05/2023,68,7.4,15,16,Cyan Worlds,First-Person Adventure,E10+,https://www.metacritic.com/game/firmament/
Naruto x Boruto: Ultimate Ninja Storm Connections,"PlayStation 5, PlayStation 4, Nintendo Switch, Xbox Series X, Xbox One, PC",17/11/2023,68,5.3,32,175,Bandai Namco Games,3D Fighting,T,https://www.metacritic.com/game/naruto-x-boruto-ultimate-ninja-storm-connections/
Pixel Ripped 1978,"PlayStation 5, PC, Meta Quest",15/06/2023,68,,17,0,"Atari, Atari SA",First-Person Adventure,T,https://www.metacritic.com/game/pixel-ripped-1978/
Eternights,"iOS (iPhone/iPad), PlayStation 5, PlayStation 4, PC, Nintendo Switch",12/09/2023,68,7.7,16,100,"Studio Sai, H2 Interactive Co., Ltd., Maximum Games",Action Adventure,M,https://www.metacritic.com/game/eternights/
Ad Infinitum,"PC, PlayStation 5, PlayStation 4, Xbox Series X, Xbox One",14/09/2023,68,5.9,15,41,Nacon,Survival,M,https://www.metacritic.com/game/ad-infinitum/
The Sims 4: Horse Ranch,"Xbox Series X, PC, PlayStation 4, Xbox One",20/07/2023,68,4.4,12,5,Electronic Arts,Virtual Life,T,https://www.metacritic.com/game/the-sims-4-horse-ranch/
Monster Energy Supercross - The Official Videogame 6,"Xbox Series X, PC, PlayStation 5, PlayStation 4, Xbox One",09/03/2023,68,4.2,13,6,Milestone S.r.l,Auto Racing Sim,E,https://www.metacritic.com/game/monster-energy-supercross-the-official-videogame-6/
Journey to Foundation,"PlayStation 5, Meta Quest, PC",26/10/2023,68,,9,0,Archiact Interactive Ltd.,Action Adventure,T,https://www.metacritic.com/game/journey-to-foundation/
Super Bomberman R 2,"Nintendo Switch, Xbox Series X, Xbox One, PlayStation 5, PlayStation 4, PC",13/09/2023,68,5.7,15,24,Konami,Action Puzzle,E10+,https://www.metacritic.com/game/super-bomberman-r-2/
MythForce,"PC, Nintendo Switch, Xbox Series X, PlayStation 5, PlayStation 4, Xbox One",12/09/2023,68,7.1,10,27,Beamdog,Action RPG,Not Rated,https://www.metacritic.com/game/mythforce/
Dark Envoy,"PlayStation 4, PC, Xbox One",24/10/2023,68,7.5,8,11,Event Horizon Software,Action RPG,Not Rated,https://www.metacritic.com/game/dark-envoy/
Exoprimal,"PlayStation 5, PlayStation 4, Xbox Series X, Xbox One, PC",14/07/2023,67,5.4,53,129,Capcom,Tactical Third Person Shooter,M,https://www.metacritic.com/game/exoprimal/
Double Dragon Gaiden: Rise of the Dragons,"PlayStation 5, Xbox Series X, PC, PlayStation 4, Xbox One, Nintendo Switch",27/07/2023,67,7,19,35,"Modus Games, H2 Interactive Co., Ltd.",2D Beat-'Em-Up,E10+,https://www.metacritic.com/game/double-dragon-gaiden-rise-of-the-dragons/
Achilles: Legends Untold,"PC, PlayStation 5, Xbox Series X, PlayStation 4, Nintendo Switch",02/11/2023,67,7.1,12,46,Dark Point Games,Action RPG,T,https://www.metacritic.com/game/achilles-legends-untold/
The Sims 4: For Rent,"PlayStation 4, Xbox One, PC, Xbox Series X",07/12/2023,67,3.6,9,8,Electronic Arts,Virtual Life,T,https://www.metacritic.com/game/the-sims-4-for-rent/
Crash Team Rumble,"PlayStation 5, Xbox Series X, PlayStation 4, Xbox One",20/06/2023,67,5.8,55,129,Activision,MOBA,E10+,https://www.metacritic.com/game/crash-team-rumble/
Warhammer Age of Sigmar: Realms of Ruin,"PlayStation 5, Xbox Series X, PC",17/11/2023,67,6.8,27,26,Frontier Developments,Real-Time Strategy,T,https://www.metacritic.com/game/warhammer-age-of-sigmar-realms-of-ruin/
Disney TRON: Identity,"PC, Nintendo Switch",11/04/2023,67,3.8,15,4,Bithell Games,Visual Novel,Not Rated,https://www.metacritic.com/game/disney-tron-identity/
Agatha Christie - Hercule Poirot: The London Case,"PC, PlayStation 5, PlayStation 4, Xbox Series X, Xbox One, Nintendo Switch",29/08/2023,67,7.1,9,9,Microids,Point-and-Click,Not Rated,https://www.metacritic.com/game/agatha-christie-hercule-poirot-the-london-case/
Helvetii,"PC, PlayStation 4, Nintendo Switch",03/02/2023,66,,7,0,"Red Art Games, Rainy Frog",Action RPG,E10+,https://www.metacritic.com/game/helvetii/
Monochrome Mobius: Rights and Wrongs Forgotten,"PlayStation 5, PC, PlayStation 4, Nintendo Switch 2",05/09/2023,66,7.1,13,18,"NIS America, Aqua Plus",JRPG,T,https://www.metacritic.com/game/monochrome-mobius-rights-and-wrongs-forgotten/
Park Beyond,"PlayStation 5, Xbox Series X, PC",16/06/2023,66,6.6,35,15,Bandai Namco Games,Tycoon,E,https://www.metacritic.com/game/park-beyond/
Payday 3,"PlayStation 4, Xbox One, PC, Xbox Series X, PlayStation 5",21/09/2023,66,3.3,47,415,"Deep Silver, PLAION",FPS,M,https://www.metacritic.com/game/payday-3/
Detective Pikachu Returns,Nintendo Switch,06/10/2023,66,4.7,92,76,"Nintendo, The Pokemon Company",Third-Person Adventure,E,https://www.metacritic.com/game/detective-pikachu-returns/
Tin Hearts,"PC, Nintendo Switch, Xbox One, PlayStation 4, PlayStation 5, Xbox Series X",16/05/2023,66,7.1,9,16,"Wired Productions, Game Source Entertainment",Action Puzzle,E,https://www.metacritic.com/game/tin-hearts/
Hammerwatch II,"PlayStation 5, Xbox Series X, PC, PlayStation 4, Nintendo Switch, Xbox One",15/08/2023,66,5.3,10,4,Modus Games,Action RPG,Not Rated,https://www.metacritic.com/game/hammerwatch-ii/
Mineko's Night Market,"PC, Nintendo Switch, PlayStation 5, PlayStation 4, Xbox One",26/09/2023,66,5.1,20,11,Humble Games,Adventure,Not Rated,https://www.metacritic.com/game/minekos-night-market/
Paleo Pines,"PC, PlayStation 5, PlayStation 4, Nintendo Switch, Xbox Series X, Xbox One",26/09/2023,65,4.3,11,9,Modus Games,Virtual Life,Not Rated,https://www.metacritic.com/game/paleo-pines/
Little Witch Nobeta,"PC, Nintendo Switch, PlayStation 4",07/03/2023,65,5,9,6,"Idea Factory, Justdan, Reef Entertainment",Action RPG,T,https://www.metacritic.com/game/little-witch-nobeta/
Operation Wolf Returns: First Mission VR,"PlayStation 5, PC, Meta Quest",13/07/2023,65,,7,0,Microids,Rail Shooter,T,https://www.metacritic.com/game/operation-wolf-returns-first-mission-vr/
Pokemon Scarlet / Pokemon Violet: The Hidden Treasure of Area Zero - Part 1: The Teal Mask,Nintendo Switch,13/09/2023,65,4.7,39,269,The Pokemon Company,Trainer RPG,E,https://www.metacritic.com/game/pokemon-scarlet-pokemon-violet-the-hidden-treasure/
Neptunia: Sisters vs. Sisters,"PlayStation 5, PlayStation 4, PC, Nintendo Switch, Xbox Series X, Xbox One",24/01/2023,65,5.6,10,25,"Idea Factory, Compile Heart, Reef Entertainment",Action RPG,T,https://www.metacritic.com/game/neptunia-sisters-vs-sisters/
Minabo - A walk through life,"Xbox One, Xbox Series X, PC, Nintendo Switch, PlayStation 5, PlayStation 4",28/04/2023,65,8.7,10,6,"DevilishGames, Shinyuden, SelectaVision",Virtual Life,E,https://www.metacritic.com/game/minabo-a-walk-through-life/
CRYMACHINA,"PlayStation 5, PlayStation 4, Nintendo Switch, PC",24/10/2023,65,7,18,22,"NIS America, FuRyu, Arc System Works",Action RPG,T,https://www.metacritic.com/game/crymachina/
Madden NFL 24,"PlayStation 5, Xbox Series X, PC, Xbox One, PlayStation 4",18/08/2023,65,1.8,22,306,Electronic Arts,Football Sim,E,https://www.metacritic.com/game/madden-nfl-24/
Sword Art Online: Last Recollection,"PlayStation 5, Xbox Series X, PC, PlayStation 4, Xbox One",06/10/2023,65,6.5,8,17,Bandai Namco Games,Action RPG,T,https://www.metacritic.com/game/sword-art-online-last-recollection/
Daymare: 1994 Sandcastle,"PlayStation 5, PlayStation 4, PC, Xbox Series X, Xbox One, Nintendo Switch",30/08/2023,65,6.5,11,39,"Invader Studios, GS2 Games, Beep Japan, Funbox Media",Survival,M,https://www.metacritic.com/game/daymare-1994-sandcastle/
Star Trek: Infinite,PC,12/10/2023,65,4.7,20,18,Paradox Interactive,Real-Time Strategy,Not Rated,https://www.metacritic.com/game/star-trek-infinite/
After Us,"PlayStation 5, Xbox Series X, PC",23/05/2023,65,6.8,39,65,"Private Division, Take-Two Interactive",Action Adventure,T,https://www.metacritic.com/game/after-us/
The Dark Pictures: Switchback VR,PlayStation 5,16/03/2023,64,6.7,33,44,Supermassive Games,Light Gun,M,https://www.metacritic.com/game/the-dark-pictures-switchback-vr/
Agatha Christie - Murder on the Orient Express,"PlayStation 5, Xbox Series X, PC, PlayStation 4, Xbox One, Nintendo Switch",19/10/2023,64,8.1,9,48,"Microids, 3goo",Third-Person Adventure,T,https://www.metacritic.com/game/agatha-christie-murder-on-the-orient-express/
Blanc,"Nintendo Switch, PC",14/02/2023,64,6.8,25,27,Gearbox Publishing,Third-Person Adventure,E,https://www.metacritic.com/game/blanc/
Atlas Fallen,"PC, Xbox Series X, PlayStation 5",10/08/2023,64,6.2,58,201,"Focus Entertainment, H2 Interactive Co., Ltd.",Action RPG,T,https://www.metacritic.com/game/atlas-fallen/
The Tartarus Key,"PC, Nintendo Switch, PlayStation 4, Xbox One",31/05/2023,64,,9,0,Armor Games,First-Person Adventure,Not Rated,https://www.metacritic.com/game/the-tartarus-key/
Front Mission 2 Remake,"Nintendo Switch, PlayStation 5, PlayStation 4, PC, Xbox Series X, Xbox One",05/10/2023,64,5.7,12,26,"Forever Entertainment, Limited Run Games, Rainy Frog",Turn-Based Tactics,M,https://www.metacritic.com/game/front-mission-2-remake/
Romancelvania,"PlayStation 4, PlayStation 5, PC, Nintendo Switch, Xbox Series X",07/03/2023,64,3.5,7,4,2124 Publishing,Metroidvania,T,https://www.metacritic.com/game/romancelvania/
AEW: Fight Forever,"PlayStation 5, Xbox Series X, PlayStation 4, Xbox One, PC, Nintendo Switch",29/06/2023,64,5.2,45,96,THQ Nordic,Wrestling,T,https://www.metacritic.com/game/aew-fight-forever/
Adore,"PC, PlayStation 5, Xbox Series X, Nintendo Switch, PlayStation 4, Xbox One",03/08/2023,64,2.8,8,4,QUByte Interactive,Trainer RPG,E10+,https://www.metacritic.com/game/adore/
Ghostbusters: Rise of the Ghost Lord,"PC, PlayStation 5, Meta Quest",26/10/2023,64,4.5,8,10,Sony Pictures Virtual Reality,Light Gun,T,https://www.metacritic.com/game/ghostbusters-rise-of-the-ghost-lord/
Scars Above,"PC, Xbox Series X, PlayStation 5, Xbox One, PlayStation 4",28/02/2023,64,6.6,43,79,Prime Matter,Action Adventure,T,https://www.metacritic.com/game/scars-above/
Lifeless Moon,"PC, Xbox One, PlayStation 5, Xbox Series X, PlayStation 4",10/08/2023,64,,8,0,Serenity Forge,Third-Person Adventure,Not Rated,https://www.metacritic.com/game/lifeless-moon/
Forspoken,"PlayStation 5, PC",24/01/2023,64,4.3,131,1879,Square Enix,Action RPG,M,https://www.metacritic.com/game/forspoken/
Warlander,"PC, PlayStation 5, Xbox Series X",24/01/2023,64,7.4,7,10,PLAION,MOBA,Not Rated,https://www.metacritic.com/game/warlander/
Tales of Symphonia Remastered,"Nintendo Switch, PlayStation 4, Xbox One",17/02/2023,63,6.2,26,41,Bandai Namco Games,Action RPG,T,https://www.metacritic.com/game/tales-of-symphonia-remastered/
Arcadian Atlas,"PC, Nintendo Switch, Xbox Series X, PlayStation 5, PlayStation 4, Xbox One",27/07/2023,63,,14,0,Serenity Forge,Turn-Based Tactics,Not Rated,https://www.metacritic.com/game/arcadian-atlas/
Dokapon Kingdom: Connect,"Nintendo Switch, PC",09/05/2023,63,5.8,11,10,"Idea Factory, Compile Heart, Reef Entertainment",Party,E10+,https://www.metacritic.com/game/dokapon-kingdom-connect/
Ty the Tasmanian Tiger 4: Bush Rescue Returns,Nintendo Switch,26/09/2023,63,,8,0,Krome Studios,2D Platformer,E10+,https://www.metacritic.com/game/ty-the-tasmanian-tiger-4-bush-rescue-returns/
DreamWorks All-Star Kart Racing,"PlayStation 5, Xbox Series X, PC, PlayStation 4, Xbox One, Nintendo Switch",03/11/2023,63,7,8,12,GameMill Entertainment,Auto Racing,E,https://www.metacritic.com/game/dreamworks-all-star-kart-racing/
Mato Anomalies,"PlayStation 5, Xbox Series X, PC, PlayStation 4, Xbox One, Nintendo Switch",10/03/2023,63,5.9,13,12,Prime Matter,JRPG,T,https://www.metacritic.com/game/mato-anomalies/
Fashion Dreamer,Nintendo Switch,03/11/2023,62,5.8,23,33,"XSEED Games, Marvelous Inc., Marvelous Entertainment, Marvelous Europe",Virtual Life,E,https://www.metacritic.com/game/fashion-dreamer/
God of Rock,"PC, Nintendo Switch, PlayStation 5, Xbox Series X, Xbox One, PlayStation 4",18/04/2023,62,,14,0,Modus Games,Rhythm,Not Rated,https://www.metacritic.com/game/god-of-rock/
Firewall Ultra,PlayStation 5,24/08/2023,62,7.9,24,199,Sony Interactive Entertainment,Tactical FPS,T,https://www.metacritic.com/game/firewall-ultra/
Monster Menu: The Scavenger's Cookbook,"Nintendo Switch, PlayStation 4, PlayStation 5",23/05/2023,62,,9,0,"NIS America, Nippon Ichi Software",JRPG,T,https://www.metacritic.com/game/monster-menu-the-scavengers-cookbook/
You Will Die Here Tonight,PC,31/10/2023,61,4.3,8,4,Spiral Bound Interactive LLC,Survival,Not Rated,https://www.metacritic.com/game/you-will-die-here-tonight/
Daydream: Forgotten Sorrow,"PC, PlayStation 5, PlayStation 4, Nintendo Switch, Xbox Series X, Xbox One",14/06/2023,61,7.9,9,12,Ravenage Games,Linear Action Adventure,Not Rated,https://www.metacritic.com/game/daydream-forgotten-sorrow/
Curse of the Sea Rats,"Nintendo Switch, Xbox One, PlayStation 4, PC, PlayStation 5, Xbox Series X",06/04/2023,61,4.2,12,17,"PQube, Phoenixx Inc.",Metroidvania,E10+,https://www.metacritic.com/game/curse-of-the-sea-rats/
Hello Kitty and Friends: Happiness Parade,"iOS (iPhone/iPad), Nintendo Switch",26/10/2023,61,,7,0,Rogue Games,Rhythm,E,https://www.metacritic.com/game/hello-kitty-and-friends-happiness-parade/
Infinity Strash: Dragon Quest The Adventure of Dai,"PlayStation 5, PlayStation 4, PC, Nintendo Switch, Xbox Series X",28/09/2023,61,6.4,26,40,Square Enix,JRPG,T,https://www.metacritic.com/game/infinity-strash-dragon-quest-the-adventure-of-dai/
Redemption Reapers,"PC, PlayStation 4, Nintendo Switch, PlayStation 5",22/02/2023,61,7.3,10,12,Binary Haze Interactive,Turn-Based Tactics,T,https://www.metacritic.com/game/redemption-reapers/
Hellboy: Web of Wyrd,"PlayStation 5, Xbox Series X, PC, PlayStation 4, Xbox One, Nintendo Switch",18/10/2023,61,6.7,35,26,Good Shepherd Entertainment,Action Adventure,Not Rated,https://www.metacritic.com/game/hellboy-web-of-wyrd/
Fort Solis,"PC, PlayStation 5, Xbox Series X",22/08/2023,60,6.5,42,166,"Plug In Digital, Merge Games, 3goo, Meridiem Games",Action Adventure,M,https://www.metacritic.com/game/fort-solis/
Super Crazy Rhythm Castle,"PlayStation 5, Xbox Series X, PC, PlayStation 4, Xbox One, Nintendo Switch",14/11/2023,60,7.1,8,9,Konami,Rhythm,E10+,https://www.metacritic.com/game/super-crazy-rhythm-castle/
Blood Bowl III,"PC, Nintendo Switch, Xbox One, PlayStation 4, PlayStation 5, Xbox Series X",23/02/2023,60,2,25,50,Nacon,Football,T,https://www.metacritic.com/game/blood-bowl-iii/
Stray Blade,"PlayStation 5, Xbox Series X, PC",20/04/2023,60,6.4,16,41,505 Games,Action RPG,Not Rated,https://www.metacritic.com/game/stray-blade/
UFO Robot Grendizer: The Feast of the Wolves,"Nintendo Switch, PlayStation 5, PlayStation 4, PC, Xbox Series X, Xbox One",14/11/2023,59,7.7,10,35,"Microids, 3goo",Action Adventure,T,https://www.metacritic.com/game/ufo-robot-grendizer-the-feast-of-the-wolves/
The Lord of the Rings: Return to Moria,"PC, PlayStation 5, Xbox Series X",24/10/2023,59,6.9,37,183,North Beach Games,Sandbox,T,https://www.metacritic.com/game/the-lord-of-the-rings-return-to-moria/
Gord,"PC, Xbox Series X, PlayStation 5",17/08/2023,59,6.1,16,23,Team17,Real-Time Strategy,Not Rated,https://www.metacritic.com/game/gord/
The Last Case of Benedict Fox,"Xbox Series X, PC, Xbox One, PlayStation 5",27/04/2023,58,6.9,17,69,Rogue Games,Metroidvania,T,https://www.metacritic.com/game/the-last-case-of-benedict-fox/
Gargoyles Remastered,"PC, Nintendo Switch, PlayStation 4, Xbox One",19/10/2023,58,0.5,9,6,"Disney Interactive Studios, Limited Run Games, Disney Interactive",2D Platformer,E10+,https://www.metacritic.com/game/gargoyles-remastered/
Wanted: Dead,"PlayStation 5, Xbox Series X, PC, PlayStation 4, Xbox One",14/02/2023,58,6.2,36,100,110 Industries,Action Adventure,M,https://www.metacritic.com/game/wanted-dead/
Death or Treat,"PC, Nintendo Switch, PlayStation 4, PlayStation 5, Xbox Series X",11/05/2023,57,3.3,7,4,"Perp Games, Perpetual-Europe",2D Platformer,E10+,https://www.metacritic.com/game/death-or-treat/
Cricket 24,"PlayStation 5, Xbox Series X, PC, PlayStation 4, Xbox One, Nintendo Switch",05/10/2023,57,5.9,7,29,Nacon,Cricket,E,https://www.metacritic.com/game/cricket-24/
Farming Simulator 23,Nintendo Switch,23/05/2023,56,7,14,12,"Giants Software, Bandai Namco Games, Soft Source Pte Ltd",Virtual Career,E,https://www.metacritic.com/game/farming-simulator-23/
Call of Duty: Modern Warfare III,Unknown,10/11/2023,56,2.4,71,0,Unknown,Unknown,M,https://www.metacritic.com/game/call-of-duty-modern-warfare-iii/
Redfall,"Xbox Series X, PC",02/05/2023,56,3.6,75,1324,Bethesda Softworks,FPS,M,https://www.metacritic.com/game/redfall/
Nadir: A Grimdark Deck Builder,"Nintendo Switch, PC",07/02/2023,55,,7,0,"Black Eye Games, Crunching Koalas",Card Battle,E10+,https://www.metacritic.com/game/nadir-a-grimdark-deck-builder/
Ravenbound,PC,30/03/2023,54,4.3,21,6,Systemic Reaction,Action RPG,T,https://www.metacritic.com/game/ravenbound/
The Settlers: New Allies,"PC, PlayStation 4, Xbox One, Nintendo Switch, Xbox Series X, PlayStation 5",17/02/2023,54,3.5,24,125,Ubisoft,Management,E10+,https://www.metacritic.com/game/the-settlers-new-allies/
Xuan-Yuan Sword: Mists Beyond the Mountains,"PC, Nintendo Switch",25/07/2023,54,,8,0,"Gamera Games, SOFTSTAR Entertainment",JRPG,Not Rated,https://www.metacritic.com/game/xuan-yuan-sword-mists-beyond-the-mountains/
Everybody 1-2-Switch!,Nintendo Switch,30/06/2023,54,5.2,29,64,Nintendo,Party,E,https://www.metacritic.com/game/everybody-1-2-switch/
Tennis On-Court,"PlayStation 5, Meta Quest",17/10/2023,53,,7,0,Perp Games,Tennis,E,https://www.metacritic.com/game/tennis-on-court/
Colossal Cave,"Nintendo Switch, PC, PlayStation 5, Xbox Series X, Xbox One, PlayStation 4, Meta Quest",19/01/2023,53,8.2,16,23,Cygnus Entertainment,Adventure,Not Rated,https://www.metacritic.com/game/colossal-cave/
Custom Mech Wars,"PC, PlayStation 5",14/12/2023,53,,8,0,D3Publisher,Vehicle Combat Sim,T,https://www.metacritic.com/game/custom-mech-wars/
Unholy,Unknown,20/07/2023,52,6.3,8,0,Unknown,Unknown,Not Rated,https://www.metacritic.com/game/unholy/
Crime Boss: Rockay City,"PC, Xbox Series X, PlayStation 5",28/03/2023,52,4.6,38,157,505 Games,Open-World Action,Not Rated,https://www.metacritic.com/game/crime-boss-rockay-city/
Clive 'N' Wrench,"PC, Wii U, Nintendo Switch, PlayStation 5, PlayStation 4",24/02/2023,52,4.8,11,9,"Numskull Games, Soft Source Pte Ltd",3D Platformer,E10+,https://www.metacritic.com/game/clive-n-wrench/
Jurassic Park: Classic Games Collection,"PlayStation 5, Xbox Series X, PC, PlayStation 4, Nintendo Switch",21/11/2023,50,7,7,7,Limited Run Games,Compilation,E10+,https://www.metacritic.com/game/jurassic-park-classic-games-collection/
Astro Bot,PlayStation 5,06/09/2024,94,9.1,141,5520,Sony Interactive Entertainment,3D Platformer,E10+,https://www.metacritic.com/game/astro-bot/
Elden Ring: Shadow of the Erdtree,"PC, Xbox Series X, PlayStation 5, PlayStation 4, Xbox One",21/06/2024,94,8.3,70,4357,"Bandai Namco Games, From Software",Action RPG,M,https://www.metacritic.com/game/elden-ring-shadow-of-the-erdtree/
Metaphor: ReFantazio,"Xbox Series X, PC, PlayStation 5, PlayStation 4",11/10/2024,94,8.5,59,2616,"Sega, Atlus",JRPG,T,https://www.metacritic.com/game/metaphor-refantazio/
Final Fantasy VII Rebirth,"PlayStation 5, PC",29/02/2024,92,8.9,151,6386,Square Enix,Action RPG,T,https://www.metacritic.com/game/final-fantasy-vii-rebirth/
UFO 50,"PC, Nintendo Switch",18/09/2024,91,7.5,21,121,Mossmouth,Party,Not Rated,https://www.metacritic.com/game/ufo-50/
Slay The Princess - The Pristine Cut,"Nintendo Switch, PlayStation 5, Xbox Series X, PC, Xbox One, PlayStation 4",24/10/2024,91,8.2,8,138,Serenity Forge,Visual Novel,M,https://www.metacritic.com/game/slay-the-princess-the-pristine-cut/
Satisfactory,"PC, PlayStation 5, Xbox Series X",10/09/2024,91,8.8,22,490,"Coffee Stain Studios, Coffee Stain Publishing",Sandbox,Not Rated,https://www.metacritic.com/game/satisfactory/
Caves of Qud,"PC, Nintendo Switch",05/12/2024,91,8.2,9,39,Kitfox Games,Roguelike,Not Rated,https://www.metacritic.com/game/caves-of-qud/
Animal Well,"Xbox Series X, PlayStation 5, PC, Nintendo Switch",09/05/2024,90,8,34,684,Bigmode,Metroidvania,Not Rated,https://www.metacritic.com/game/animal-well/
Balatro,"PC, PlayStation 5, PlayStation 4, Nintendo Switch, Xbox Series X, Xbox One, iOS (iPhone/iPad)",20/02/2024,90,8.4,35,1630,Playstack,Card Battle,Not Rated,https://www.metacritic.com/game/balatro/
Tsukihime: A Piece of Blue Glass Moon,"Nintendo Switch, PlayStation 4",27/06/2024,90,8.3,9,124,"Aniplex Inc., Justdan",Visual Novel,M,https://www.metacritic.com/game/tsukihime-a-piece-of-blue-glass-moon/
The Last of Us Part II Remastered,"PlayStation 5, PC",19/01/2024,90,7.6,91,3891,Sony Interactive Entertainment,Survival,M,https://www.metacritic.com/game/the-last-of-us-part-ii-remastered/
Tekken 8,"PlayStation 5, PC, Xbox Series X",26/01/2024,90,7.5,98,1143,Bandai Namco Games,3D Fighting,T,https://www.metacritic.com/game/tekken-8/
Thank Goodness You're Here!,"Nintendo Switch, PlayStation 5, PC, PlayStation 4, Xbox Series X",01/08/2024,89,7.6,27,202,Panic Inc.,Adventure,Not Rated,https://www.metacritic.com/game/thank-goodness-youre-here/
Destiny 2: The Final Shape,"PC, Xbox Series X, PlayStation 5, PlayStation 4, Xbox One",04/06/2024,89,7.5,29,448,Bungie,FPS,Not Rated,https://www.metacritic.com/game/destiny-2-the-final-shape/
Horizon Forbidden West: Complete Edition,"PlayStation 5, PC",21/03/2024,89,7.4,38,841,"PlayStation PC, Sony Interactive Entertainment",Open-World Action,Not Rated,https://www.metacritic.com/game/horizon-forbidden-west-complete-edition/
Like a Dragon: Infinite Wealth,"Xbox Series X, PC, PlayStation 5, PlayStation 4, Xbox One",26/01/2024,89,8.5,98,892,Sega,JRPG,M,https://www.metacritic.com/game/like-a-dragon-infinite-wealth/
Castlevania Dominus Collection,"Nintendo Switch, PlayStation 5, Xbox Series X, PC",27/08/2024,89,7.5,14,86,"Konami, Limited Run Games, SUPERDELUXE GAMES",Compilation,T,https://www.metacritic.com/game/castlevania-dominus-collection/
Lorelei and the Laser Eyes,"Nintendo Switch, PC, PlayStation 4, PlayStation 5",16/05/2024,88,7.8,40,105,Annapurna Interactive,Adventure,T,https://www.metacritic.com/game/lorelei-and-the-laser-eyes/
Mullet MadJack,"PC, Xbox Series X, Xbox One",15/05/2024,88,8.2,29,155,HAMMER95,FPS,Not Rated,https://www.metacritic.com/game/mullet-madjack/
The Crimson Diamond,PC,15/08/2024,88,7.2,11,13,Julia Minamata,Text Adventure,Not Rated,https://www.metacritic.com/game/the-crimson-diamond/
KILL KNIGHT,"PlayStation 5, Xbox Series X, PC, Nintendo Switch, PlayStation 4, Xbox One",02/10/2024,88,7.6,8,78,PlaySide Studios,Top-Down Shoot-'Em-Up,Not Rated,https://www.metacritic.com/game/kill-knight/
Shogun Showdown,"PC, Nintendo Switch, PlayStation 5, Xbox One, PlayStation 4, Xbox Series X, iOS (iPhone/iPad)",05/09/2024,88,8.2,10,43,Goblinz Studio,Card Battle,Not Rated,https://www.metacritic.com/game/shogun-showdown/
Paper Mario: The Thousand-Year Door,Nintendo Switch,23/05/2024,88,8.7,107,909,Nintendo,JRPG,E,https://www.metacritic.com/game/paper-mario-the-thousand-year-door/
Mouthwashing,"PC, Nintendo Switch, PlayStation 5, Xbox Series X",26/09/2024,88,7.9,21,236,Critical Reflex,First-Person Adventure,Not Rated,https://www.metacritic.com/game/mouthwashing/
Halls of Torment,"PC, PlayStation 5, Xbox Series X, iOS (iPhone/iPad)",24/09/2024,88,7.6,8,73,Chasing Carrots,Top-Down Shoot-'Em-Up,Not Rated,https://www.metacritic.com/game/halls-of-torment/
Persona 3 Reload,"Xbox Series X, PC, Xbox One, PlayStation 4, PlayStation 5, Nintendo Switch 2",02/02/2024,87,8.7,70,1833,"Sega, Atlus",JRPG,M,https://www.metacritic.com/game/persona-3-reload/
Tactical Breach Wizards,PC,22/08/2024,87,8.1,15,66,Suspicious Developments,Turn-Based Tactics,Not Rated,https://www.metacritic.com/game/tactical-breach-wizards/
Shin Megami Tensei V: Vengeance,"Nintendo Switch, PlayStation 5, Xbox Series X, Xbox One, PlayStation 4, PC",14/06/2024,87,8.1,44,376,"Sega, Atlus",JRPG,M,https://www.metacritic.com/game/shin-megami-tensei-v-vengeance/
Five Nights at Freddy's: Into the Pit,"PC, Nintendo Switch, PlayStation 5, Xbox Series X, Xbox One, PlayStation 4",08/08/2024,87,7.8,9,216,Mega Cat Studios,Action Adventure,Not Rated,https://www.metacritic.com/game/five-nights-at-freddys-into-the-pit/
Crusader Kings III: Roads to Power,PC,24/09/2024,87,7.9,7,38,Paradox Interactive,Real-Time Strategy,Not Rated,https://www.metacritic.com/game/crusader-kings-iii-roads-to-power/
Spin Rhythm XD,Unknown,09/07/2024,87,8,8,0,Unknown,Unknown,E,https://www.metacritic.com/game/spin-rhythm-xd/
Minishoot' Adventures,PC,02/04/2024,87,8.5,19,62,SoulGame Studio,Top-Down Shoot-'Em-Up,Not Rated,https://www.metacritic.com/game/minishoot-adventures/
Neva,"PlayStation 5, Xbox Series X, PC, Nintendo Switch, PlayStation 4",15/10/2024,87,8.3,47,242,Devolver Digital,Action Adventure,Not Rated,https://www.metacritic.com/game/neva/
Marvel vs. Capcom Fighting Collection: Arcade Classics,"Nintendo Switch, PC, PlayStation 4, Xbox One",12/09/2024,87,8.6,37,57,Capcom,Compilation,Not Rated,https://www.metacritic.com/game/marvel-vs-capcom-fighting-collection-arcade/
ANTONBLAST,"PC, Nintendo Switch, PlayStation 5, PlayStation 4",03/12/2024,87,8.1,20,34,Summitsphere,2D Platformer,Not Rated,https://www.metacritic.com/game/antonblast/
Arco,"PlayStation 5, Xbox Series X, PC, Nintendo Switch",15/08/2024,86,8.2,14,37,Panic Inc.,RPG,Not Rated,https://www.metacritic.com/game/arco/
Minds Beneath Us,"PC, Nintendo Switch",31/07/2024,86,7.5,14,28,BearBoneStudio,Adventure,Not Rated,https://www.metacritic.com/game/minds-beneath-us/
Warhammer 40K: Rogue Trader - Void Shadows,"PC, PlayStation 5, Xbox Series X",24/09/2024,86,7.6,7,49,Owlcat Games,Western RPG,Not Rated,https://www.metacritic.com/game/warhammer-40k-rogue-trader-void-shadows/
Unicorn Overlord,"Nintendo Switch, Xbox Series X, PlayStation 5, PlayStation 4",08/03/2024,86,8.3,43,535,"Sega, Atlus",Real-Time Tactics,T,https://www.metacritic.com/game/unicorn-overlord/
Silent Hill 2,"PlayStation 5, PC, Xbox Series X",08/10/2024,86,9.1,108,4206,Konami,Survival,M,https://www.metacritic.com/game/silent-hill-2/
1000xRESIST,"PC, Nintendo Switch, Xbox Series X, PlayStation 5",09/05/2024,86,8.1,17,101,Fellow Traveller,Adventure,Not Rated,https://www.metacritic.com/game/1000xresist/
Prince of Persia: The Lost Crown,"PlayStation 5, Xbox Series X, PC, PlayStation 4, Xbox One, Nintendo Switch, iOS (iPhone/iPad)",18/01/2024,86,8.4,84,1511,Ubisoft,Metroidvania,T,https://www.metacritic.com/game/prince-of-persia-the-lost-crown/
Riven,"PC, Meta Quest, PlayStation 4",25/06/2024,86,8,32,66,Cyan Worlds,First-Person Adventure,E10+,https://www.metacritic.com/game/riven/
Grapple Dogs: Cosmic Canines,"PC, Nintendo Switch, Xbox Series X",12/09/2024,86,7.9,8,8,Super Rare Games,2D Platformer,E,https://www.metacritic.com/game/grapple-dogs-cosmic-canines/
Sons of the Forest,PC,22/02/2024,86,7.3,17,376,Newnight,Survival,Not Rated,https://www.metacritic.com/game/sons-of-the-forest/
Indiana Jones and the Great Circle,"PC, Xbox Series X, PlayStation 5, Nintendo Switch 2",09/12/2024,86,8.2,81,2235,Bethesda Softworks,Action Adventure,T,https://www.metacritic.com/game/indiana-jones-and-the-great-circle/
Dragon's Dogma 2,"PlayStation 5, PC, Xbox Series X",22/03/2024,86,6.5,91,2474,Capcom,Action RPG,M,https://www.metacritic.com/game/dragons-dogma-2/
Braid Anniversary Edition,"PlayStation 4, PC, Xbox One, Nintendo Switch, PlayStation 5, Xbox Series X, iOS (iPhone/iPad)",14/05/2024,86,7.7,15,53,"Thekla, Inc",2D Platformer,Not Rated,https://www.metacritic.com/game/braid-anniversary-edition/
World of Warcraft: The War Within,PC,26/08/2024,85,5.5,35,361,Blizzard Entertainment,MMORPG,T,https://www.metacritic.com/game/world-of-warcraft-the-war-within/
Closer the Distance,"PC, PlayStation 5, Xbox Series X",02/08/2024,85,7.6,10,14,Skybound Games,Adventure,Not Rated,https://www.metacritic.com/game/closer-the-distance/
The Legend of Zelda: Echoes of Wisdom,Nintendo Switch,26/09/2024,85,8.4,129,1182,Nintendo,Open-World Action,E10+,https://www.metacritic.com/game/the-legend-of-zelda-echoes-of-wisdom/
Horizon Zero Dawn Remastered,"PC, PlayStation 5",31/10/2024,85,7.1,54,645,Sony Interactive Entertainment,Open-World Action,T,https://www.metacritic.com/game/horizon-zero-dawn-remastered/
Core Keeper,"PC, Nintendo Switch, PlayStation 5, Xbox Series X, Xbox One, PlayStation 4, Nintendo Switch 2",27/08/2024,85,7.6,11,98,Fireshine Games,Sandbox,Not Rated,https://www.metacritic.com/game/core-keeper/
One Btn Bosses,"Nintendo Switch, PC",06/08/2024,85,7.6,7,10,Midnight Munchies,Action,Not Rated,https://www.metacritic.com/game/one-btn-bosses/
Frostpunk 2,"PC, Xbox Series X, PlayStation 5",17/09/2024,85,7.5,87,363,11 bit studios,Management,Not Rated,https://www.metacritic.com/game/frostpunk-2/
Batman: Arkham Shadow,Meta Quest,22/10/2024,85,8.5,50,162,Oculus Studios,Action Adventure,T,https://www.metacritic.com/game/batman-arkham-shadow/
Solium Infernum,PC,22/02/2024,85,7.6,26,17,League of Geeks,Turn-Based Strategy,T,https://www.metacritic.com/game/solium-infernum/
qomp2,"PlayStation 5, Xbox Series X, PC, PlayStation 4, Xbox One, Nintendo Switch",20/02/2024,85,5,8,8,Atari,Arcade,E,https://www.metacritic.com/game/qomp2/
Alan Wake II: Night Springs Expansion,"Xbox Series X, PlayStation 5, PC",08/06/2024,85,7.5,10,215,Epic Games,Survival,Not Rated,https://www.metacritic.com/game/alan-wake-ii-night-springs-expansion/
Dungeons of Dreadrock 2 - The Dead King's Secret,"Nintendo Switch, PC",28/11/2024,85,7.4,10,14,Prof. Dr. Christoph Minnameier,Action Adventure,E10+,https://www.metacritic.com/game/dungeons-of-dreadrock-2-the-dead-kings-secret/
The Rise of the Golden Idol,"PlayStation 5, Xbox Series X, PC, PlayStation 4, Xbox One, Nintendo Switch",12/11/2024,85,8.5,28,33,Playstack,Point-and-Click,Not Rated,https://www.metacritic.com/game/the-rise-of-the-golden-idol/
Apollo Justice: Ace Attorney Trilogy,"PC, Nintendo Switch, Xbox One, PlayStation 4",25/01/2024,85,7.9,32,62,Capcom,Compilation,T,https://www.metacritic.com/game/apollo-justice-ace-attorney-trilogy/
Ace Attorney Investigations Collection,"Nintendo Switch, PC, PlayStation 4, Xbox One",06/09/2024,85,8.1,25,39,Capcom,Compilation,T,https://www.metacritic.com/game/ace-attorney-investigations-collection/
Tetris Forever,"Nintendo Switch, PC, PlayStation 5, Xbox Series X, PlayStation 4, Xbox One",12/11/2024,85,7,12,20,"Digital Eclipse, Clear River Games",Compilation,E10+,https://www.metacritic.com/game/tetris-forever/
Nine Sols,"PC, PlayStation 5, Xbox Series X, Nintendo Switch, PlayStation 4, Xbox One",28/05/2024,84,8.4,20,502,Red Candle Games,2D Platformer,Not Rated,https://www.metacritic.com/game/nine-sols/
Dragon Quest III HD-2D Remake,"Nintendo Switch, PlayStation 5, Xbox Series X, PC",14/11/2024,84,7.1,49,285,Square Enix,JRPG,E10+,https://www.metacritic.com/game/dragon-quest-iii-hd-2d-remake/
The Legend of Heroes: Trails through Daybreak,"PlayStation 4, PlayStation 5, PC, Nintendo Switch",05/07/2024,84,7.7,30,123,"NIS America, Falcom",JRPG,T,https://www.metacritic.com/game/the-legend-of-heroes-trails-through-daybreak/
Diablo IV: Vessel of Hatred,"PlayStation 5, Xbox Series X, PC, PlayStation 4, Xbox One",08/10/2024,84,4.3,48,462,Blizzard Entertainment,Action RPG,Not Rated,https://www.metacritic.com/game/diablo-iv-vessel-of-hatred/
Broken Sword - Shadow of the Templars: Reforged,"PC, Nintendo Switch, PlayStation 5, Xbox Series X, Xbox One, PlayStation 4, Nintendo Switch 2",19/09/2024,84,8.9,24,47,Revolution Software,Point-and-Click,Not Rated,https://www.metacritic.com/game/broken-sword-shadow-of-the-templars-reforged/
Anomaly Agent,"PC, Nintendo Switch, Xbox One, PlayStation 5, PlayStation 4",24/01/2024,84,8.7,11,1319,Phew Phew Games,2D Platformer,Not Rated,https://www.metacritic.com/game/anomaly-agent/
Momodora: Moonlit Farewell,"PC, PlayStation 5, Nintendo Switch, Xbox Series X",11/01/2024,84,7.4,13,28,Playism,Metroidvania,Not Rated,https://www.metacritic.com/game/momodora-moonlit-farewell/
Crow Country,"PlayStation 5, PC, Xbox Series X, PlayStation 4, Xbox One, Nintendo Switch",09/05/2024,84,8,31,111,SFB Games,Survival,Not Rated,https://www.metacritic.com/game/crow-country/
Ravenswatch,"PlayStation 5, Xbox Series X, PC, Nintendo Switch, PlayStation 4, Xbox One",26/09/2024,84,6.9,11,92,Nacon,Roguelike,T,https://www.metacritic.com/game/ravenswatch/
Berserk Boy,"Nintendo Switch, PC, Xbox Series X, PlayStation 5, PlayStation 4, Xbox One",06/03/2024,83,6.7,16,23,BerserkBoy Games,Metroidvania,Not Rated,https://www.metacritic.com/game/berserk-boy/
Shiren the Wanderer: The Mystery Dungeon of Serpentcoil Island,"Nintendo Switch, PC",27/02/2024,83,7.5,26,30,"Spike Chunsoft, Reef Entertainment",Roguelike,E10+,https://www.metacritic.com/game/shiren-the-wanderer-the-mystery-dungeon-of/
Fear the Spotlight,"PC, Nintendo Switch, Xbox One, Xbox Series X, PlayStation 5, PlayStation 4",22/10/2024,83,7.9,18,29,Blumhouse Games,Survival,T,https://www.metacritic.com/game/fear-the-spotlight/
EA Sports College Football 25,"PlayStation 5, Xbox Series X, Xbox One",19/07/2024,83,5.5,24,340,Electronic Arts,Football Sim,E,https://www.metacritic.com/game/ea-sports-college-football-25/
Red Dead Redemption Featuring Undead Nightmare,PC,29/10/2024,83,8,25,345,Rockstar Games,Open-World Action,M,https://www.metacritic.com/game/red-dead-redemption-featuring-undead-nightmare/
Sorry We're Closed,"PC, Nintendo Switch, PlayStation 5, Xbox Series X, Xbox One, PlayStation 4",14/11/2024,83,5.9,21,40,Akupara Games,Survival,Not Rated,https://www.metacritic.com/game/sorry-were-closed/
Forgive Me Father 2,"PC, Nintendo Switch, Xbox Series X, PlayStation 5",24/10/2024,83,7.6,14,25,Fulqrum Publishing,FPS,Not Rated,https://www.metacritic.com/game/forgive-me-father-2/
World of Goo 2,"PC, Nintendo Switch, PlayStation 5, iOS (iPhone/iPad)",02/08/2024,83,7.2,15,85,2D Boy,Action Puzzle,T,https://www.metacritic.com/game/world-of-goo-2/
Age of Mythology: Retold,"PC, Xbox Series X, PlayStation 5",04/09/2024,83,7.9,58,157,Xbox Game Studios,Real-Time Strategy,T,https://www.metacritic.com/game/age-of-mythology-retold/
Dead Rising Deluxe Remaster,"PlayStation 5, Xbox Series X, PC",19/09/2024,83,5.4,58,171,Capcom,Survival,M,https://www.metacritic.com/game/dead-rising-deluxe-remaster/
ROBOBEAT,"PC, Nintendo Switch, PlayStation 5, Xbox Series X",14/05/2024,83,7.6,11,7,Kwalee Ltd,FPS,Not Rated,https://www.metacritic.com/game/robobeat/
30 Birds,"PC, Nintendo Switch, Xbox One, Xbox Series X",27/11/2024,83,,8,0,ARTE France,Adventure,Not Rated,https://www.metacritic.com/game/30-birds/
Between Horizons,"PC, Nintendo Switch, PlayStation 5, Xbox Series X",25/03/2024,83,5.9,7,10,Assemble Entertainment,Adventure,Not Rated,https://www.metacritic.com/game/between-horizons/
V Rising,"PC, PlayStation 5",08/05/2024,83,6.9,40,241,Stunlock Studios,Action Adventure,Not Rated,https://www.metacritic.com/game/v-rising/
MiSide,PC,10/12/2024,83,7.9,7,311,IndieArk,Adventure,Not Rated,https://www.metacritic.com/game/miside/
The Plucky Squire,"PC, PlayStation 5, Xbox Series X, Nintendo Switch",17/09/2024,83,7.3,87,338,Devolver Digital,Action Adventure,Not Rated,https://www.metacritic.com/game/the-plucky-squire/
Pine Hearts,"PC, Nintendo Switch, iOS (iPhone/iPad)",23/05/2024,83,7.5,9,11,"Little Nook, Secret Mode",Open-World Action,Not Rated,https://www.metacritic.com/game/pine-hearts/
Llamasoft: The Jeff Minter Story,"PlayStation 5, Xbox Series X, PC, Nintendo Switch, Xbox One, PlayStation 4",13/03/2024,83,6.9,10,8,"Digital Eclipse, Clear River Games",Compilation,T,https://www.metacritic.com/game/llamasoft-the-jeff-minter-story/
THRESHOLD (Julien Eveille),PC,19/11/2024,83,8,9,10,Critical Reflex,First-Person Adventure,Not Rated,https://www.metacritic.com/game/threshold-julien-eveille/
Helldivers 2,"PC, PlayStation 5, Xbox Series X",08/02/2024,82,7.5,69,2787,"Sony Interactive Entertainment, PlayStation Studios",Third Person Shooter,M,https://www.metacritic.com/game/helldivers-2/
Call of Duty: Black Ops 6,"Xbox Series X, PlayStation 5, PC, PlayStation 4, Xbox One",25/10/2024,82,6.2,65,2079,"Activision, Microsoft Game Studios",Tactical FPS,M,https://www.metacritic.com/game/call-of-duty-black-ops-6/
VENDETTA FOREVER,"PlayStation 5, Meta Quest, PC",23/10/2024,82,8.7,7,9,nDreams,Light Gun,T,https://www.metacritic.com/game/vendetta-forever/
"Warhammer 40,000: Space Marine II","PC, Xbox Series X, PlayStation 5",05/09/2024,82,8,65,1360,"Focus Entertainment, Focus Home Interactive",Third Person Shooter,M,https://www.metacritic.com/game/warhammer-40000-space-marine-ii/
Magical Delicacy,"PC, Xbox One, Xbox Series X, Nintendo Switch, PlayStation 5, PlayStation 4",16/07/2024,82,5.5,12,18,Whitethorn Digital,Metroidvania,Not Rated,https://www.metacritic.com/game/magical-delicacy/
Super Mario Party Jamboree,Nintendo Switch,17/10/2024,82,8.2,95,359,Nintendo,Party,E,https://www.metacritic.com/game/super-mario-party-jamboree/
Tiny Terry's Turbo Trip,"PC, Nintendo Switch, PlayStation 5",30/05/2024,82,7.9,13,16,Super Rare Originals,Open-World Action,Not Rated,https://www.metacritic.com/game/tiny-terrys-turbo-trip/
Botany Manor,"Nintendo Switch, PC, Xbox Series X, Xbox One, PlayStation 4, PlayStation 5",09/04/2024,82,7.4,20,51,Whitethorn Digital,First-Person Adventure,Not Rated,https://www.metacritic.com/game/botany-manor/
Samurai Warriors 4 DX,"PC, PlayStation 4, Nintendo Switch",14/05/2024,82,,7,0,Koei Tecmo Games,3D Beat-'Em-Up,T,https://www.metacritic.com/game/samurai-warriors-4-dx/
Hidden Through Time 2: Myths & Magic,"PlayStation 5, Xbox Series X, PC, Nintendo Switch, iOS (iPhone/iPad)",25/01/2024,82,7,7,6,Rogueside,Hidden Object,E,https://www.metacritic.com/game/hidden-through-time-2-myths-and-magic/
Turnip Boy Robs a Bank,"Xbox One, PC, Nintendo Switch, iOS (iPhone/iPad)",18/01/2024,82,7.8,19,46,Graffiti Games,Action Adventure,Not Rated,https://www.metacritic.com/game/turnip-boy-robs-a-bank/
Zet Zillions,PC,23/05/2024,82,6.1,8,10,Raw Fury,Card Battle,Not Rated,https://www.metacritic.com/game/zet-zillions/
Dragon Age: The Veilguard,"PC, PlayStation 5, Xbox Series X",31/10/2024,82,4,77,8618,Electronic Arts,Western RPG,M,https://www.metacritic.com/game/dragon-age-the-veilguard/
Lil' Guardsman,"PlayStation 5, Xbox Series X, PC, PlayStation 4, Xbox One, Nintendo Switch",23/01/2024,82,6.8,10,15,"tinyBuild, Versus Evil",Adventure,Not Rated,https://www.metacritic.com/game/lil-guardsman/
Crypt Custodian,"PC, Nintendo Switch, PlayStation 5, Xbox Series X, Xbox One, PlayStation 4",27/08/2024,82,8,9,56,Top Hat Studios Inc,Open-World Action,Not Rated,https://www.metacritic.com/game/crypt-custodian/
Rusty's Retirement,PC,26/04/2024,81,7.6,7,8,Mister Morris Games,Tycoon,Not Rated,https://www.metacritic.com/game/rustys-retirement/
Vampire Therapist,PC,18/07/2024,81,7.4,8,5,Little Bat Games,Visual Novel,Not Rated,https://www.metacritic.com/game/vampire-therapist/
Snufkin: Melody of Moominvalley,"PC, Nintendo Switch, PlayStation 5, Xbox Series X, iOS (iPhone/iPad)",07/03/2024,81,8,18,40,"Raw Fury, Kakehashi Games, Clear River Games",Adventure,E,https://www.metacritic.com/game/snufkin-melody-of-moominvalley/
WWE 2K24,"PlayStation 5, Xbox Series X, PC, PlayStation 4, Xbox One",08/03/2024,81,6.7,64,240,"2K Games, Take-Two Interactive",Wrestling,T,https://www.metacritic.com/game/wwe-2k24/
Songs Of Silence,"PC, PlayStation 5, Xbox Series X",13/11/2024,81,7.9,8,40,Chimera Entertainment,4X Strategy,Not Rated,https://www.metacritic.com/game/songs-of-silence/
Children of the Sun,PC,09/04/2024,81,6.7,55,37,Devolver Digital,Action Adventure,Not Rated,https://www.metacritic.com/game/children-of-the-sun/
Sumerian Six,PC,02/09/2024,81,8.2,19,9,Devolver Digital,Real-Time Tactics,Not Rated,https://www.metacritic.com/game/sumerian-six/
Deadlink,"PC, Xbox Series X, PlayStation 5",30/07/2024,81,7.5,17,14,Crunching Koalas,FPS,M,https://www.metacritic.com/game/deadlink/
Alisa: Developer's Cut,"PlayStation 5, Xbox Series X, PC, PlayStation 4, Xbox One, Nintendo Switch",06/02/2024,81,7.3,7,36,Top Hat Studios Inc,Survival,T,https://www.metacritic.com/game/alisa-developers-cut/
Dragon Ball: Sparking! Zero,"PlayStation 5, Xbox Series X, PC, Nintendo Switch 2, Nintendo Switch",11/10/2024,81,8.3,76,1219,Bandai Namco Games,3D Fighting,T,https://www.metacritic.com/game/dragon-ball-sparking-zero/
Earth Defense Force: World Brothers 2,"PlayStation 5, Nintendo Switch, PlayStation 4, PC",26/09/2024,81,7.5,12,6,D3Publisher,Third Person Shooter,T,https://www.metacritic.com/game/earth-defense-force-world-brothers-2/
BAKERU,"Nintendo Switch, PC",03/09/2024,81,7.3,20,26,"Spike Chunsoft, Good-Feel",3D Platformer,E10+,https://www.metacritic.com/game/bakeru/
Freedom Planet 2,"PC, Nintendo Switch, PlayStation 5, Xbox Series X, Xbox One, PlayStation 4",04/04/2024,81,7.7,13,22,"XSEED Games, Limited Run Games, Marvelous Europe",2D Platformer,E10+,https://www.metacritic.com/game/freedom-planet-2/
Arranger: A Role-Puzzling Adventure,"Nintendo Switch, PC, PlayStation 5, iOS (iPhone/iPad)",25/07/2024,81,7.6,15,19,"Furniture & Mattress, SUPERDELUXE GAMES",Action Puzzle,E,https://www.metacritic.com/game/arranger-a-role-puzzling-adventure/
F1 Manager 2024,"PlayStation 5, Xbox Series X, PC, PlayStation 4, Xbox One, Nintendo Switch",23/07/2024,81,7.3,14,59,Frontier Developments,Auto Racing Sim,E,https://www.metacritic.com/game/f1-manager-2024/
Ultros,"PC, PlayStation 5, PlayStation 4, Nintendo Switch, Xbox Series X",13/02/2024,81,7.9,32,50,Kepler Interactive,Metroidvania,Not Rated,https://www.metacritic.com/game/ultros/
Natsu-Mon: 20th Century Summer Kid,"Nintendo Switch, PC",06/08/2024,81,7.6,14,7,Spike Chunsoft,Open-World Action,E,https://www.metacritic.com/game/natsu-mon-20th-century-summer-kid/
Stars In The Trash,"PC, Nintendo Switch",09/12/2024,81,9.2,7,19,IndieArk,2D Platformer,Not Rated,https://www.metacritic.com/game/stars-in-the-trash/
SteamWorld Heist II,"Nintendo Switch, PC, PlayStation 5, PlayStation 4, Xbox Series X, Xbox One",08/08/2024,81,7.8,39,41,Thunderful,Strategy,E10+,https://www.metacritic.com/game/steamworld-heist-ii/
Death of the Reprobate,PC,07/11/2024,81,7,10,10,"Joe Richardson, Akupara Games",Point-and-Click,Not Rated,https://www.metacritic.com/game/death-of-the-reprobate/
RollerCoaster Tycoon Classic,"iOS (iPhone/iPad), PC, Nintendo Switch",05/12/2024,81,8.5,8,15,Atari,Tycoon,E,https://www.metacritic.com/game/rollercoaster-tycoon-classic/
3 Minutes To Midnight,"Nintendo Switch, Xbox One, PlayStation 4, PlayStation 5, PC",22/08/2024,81,7.9,7,27,Scarecrow Studio,Point-and-Click,Not Rated,https://www.metacritic.com/game/3-minutes-to-midnight/
ZERO Sievert,PC,23/10/2024,81,6.8,7,17,Modern Wolf,Top-Down Shoot-'Em-Up,Not Rated,https://www.metacritic.com/game/zero-sievert/
Great God Grove,"PC, Nintendo Switch, Xbox Series X",15/11/2024,81,7,7,12,Fellow Traveller,Adventure,Not Rated,https://www.metacritic.com/game/great-god-grove/
New Star GP,"PC, Nintendo Switch, PlayStation 4, Xbox One",07/03/2024,81,7.7,7,20,Five Aces Publishing Ltd.,Auto Racing,E,https://www.metacritic.com/game/new-star-gp/
Stellar Blade,"PlayStation 5, PC",26/04/2024,81,9.2,138,7920,"Sony Interactive Entertainment, SHIFT UP Corporation",Action Adventure,M,https://www.metacritic.com/game/stellar-blade/
Black Myth: Wukong,"PC, PlayStation 5, Xbox Series X",19/08/2024,81,8.2,94,7990,Game Science,Action RPG,T,https://www.metacritic.com/game/black-myth-wukong/
Senua's Saga: Hellblade II,"Xbox Series X, PC",21/05/2024,81,7.4,100,2799,"Xbox Game Studios, Limited Run Games",Action Adventure,M,https://www.metacritic.com/game/senuas-saga-hellblade-ii/
Spirit City: Lofi Sessions,PC,08/04/2024,80,6.9,11,9,Mooncube Games,Virtual Life,Not Rated,https://www.metacritic.com/game/spirit-city-lofi-sessions/
FANTASIAN Neo Dimension,"Nintendo Switch, PlayStation 5, Xbox Series X, PlayStation 4, PC",05/12/2024,80,8.1,24,86,Square Enix,JRPG,E10+,https://www.metacritic.com/game/fantasian-neo-dimension/
Promenade,"PC, Nintendo Switch, Xbox Series X, Xbox One, PlayStation 5, PlayStation 4",23/02/2024,80,7,12,14,"Red Art Games, Teyon",2D Platformer,E,https://www.metacritic.com/game/promenade/
Sonic x Shadow Generations,"PlayStation 5, PlayStation 4, Nintendo Switch, Xbox Series X, PC, Xbox One, Nintendo Switch 2",25/10/2024,80,8.9,80,1063,"Sega, Limited Run Games",3D Platformer,E10+,https://www.metacritic.com/game/sonic-x-shadow-generations/
MLB The Show 24,"PlayStation 5, Xbox Series X, PlayStation 4, Xbox One, Nintendo Switch",19/03/2024,80,4.5,34,125,Sony Interactive Entertainment,Baseball Sim,E,https://www.metacritic.com/game/mlb-the-show-24/
Vertigo 2,"PC, PlayStation 5",15/01/2024,80,8,11,20,Perp Games,Light Gun,M,https://www.metacritic.com/game/vertigo-2/
HYPERCHARGE: Unboxed,"PC, Nintendo Switch, Xbox One, PlayStation 4, Xbox Series X, PlayStation 5",31/05/2024,80,7.7,15,32,Digital Cybercherries,FPS,E10+,https://www.metacritic.com/game/hypercharge-unboxed/
Diplomacy is Not an Option,PC,04/10/2024,80,7.8,9,19,Door 407,Real-Time Strategy,Not Rated,https://www.metacritic.com/game/diplomacy-is-not-an-option/
Sucker for Love: Date to Die For,PC,23/04/2024,80,6.8,11,8,DreadXP,Visual Novel,Not Rated,https://www.metacritic.com/game/sucker-for-love-date-to-die-for/
Under Night In-Birth II Sys:Celes,"PlayStation 5, Nintendo Switch, PC, PlayStation 4",25/01/2024,80,5.6,10,18,"Arc System Works, Clear River Games",2D Fighting,T,https://www.metacritic.com/game/under-night-in-birth-ii-sysceles/
Inkbound,PC,10/04/2024,80,6.3,14,12,Shiny Shoe,Turn-Based Tactics,Not Rated,https://www.metacritic.com/game/inkbound/
Gimmick! 2,"PlayStation 5, Xbox Series X, PC, PlayStation 4, Xbox One, Nintendo Switch",05/09/2024,80,7.6,7,8,"Clear River Games, SunSoft",2D Platformer,E,https://www.metacritic.com/game/gimmick-2/
Nikoderiko: The Magical World,"PlayStation 5, Xbox Series X, PC, Nintendo Switch, PlayStation 4",15/10/2024,80,7.5,15,54,"Knights Peak, MY.GAMES",2D Platformer,E,https://www.metacritic.com/game/nikoderiko-the-magical-world/
Cat Quest III,"PlayStation 5, Xbox Series X, PC, PlayStation 4, Xbox One, Nintendo Switch, iOS (iPhone/iPad)",08/08/2024,80,8,21,86,"Kepler Interactive, Maximum Games",Action RPG,E10+,https://www.metacritic.com/game/cat-quest-iii/
Infinity Nikki,"PlayStation 5, PlayStation 4, PC, iOS (iPhone/iPad)",05/12/2024,80,6.8,32,159,Infold Games,Open-World Action,T,https://www.metacritic.com/game/infinity-nikki/
Kunitsu-Gami: Path of the Goddess,"Xbox Series X, PlayStation 5, PC, Xbox One, PlayStation 4, Nintendo Switch 2",19/07/2024,80,7.7,48,172,Capcom,Action Adventure,T,https://www.metacritic.com/game/kunitsu-gami-path-of-the-goddess/
CONSCRIPT,"PC, PlayStation 5, Xbox Series X, Nintendo Switch, PlayStation 4, Xbox One",23/07/2024,80,8,20,54,Team17,Survival,Not Rated,https://www.metacritic.com/game/conscript/
Dungeons of Hinterberg,"Xbox Series X, PC, PlayStation 5, Xbox One, PlayStation 4",18/07/2024,80,7.7,44,108,"Curve Games, Curve Digital",Open-World Action,E10+,https://www.metacritic.com/game/dungeons-of-hinterberg/
INDIKA,"PC, Xbox Series X, PlayStation 5, Nintendo Switch",02/05/2024,80,7.1,50,333,11 bit studios,Third-Person Adventure,Not Rated,https://www.metacritic.com/game/indika/
Granblue Fantasy: Relink,"PlayStation 4, PlayStation 5, PC",01/02/2024,80,8.3,75,407,"Cygames, XSEED Games",RPG,T,https://www.metacritic.com/game/granblue-fantasy-relink/
Farewell North,"PC, Xbox Series X, Nintendo Switch, PlayStation 5",16/08/2024,80,8.5,11,20,Mooneye Studios,Third-Person Adventure,Not Rated,https://www.metacritic.com/game/farewell-north/
Last Epoch,"PC, PlayStation 5",21/02/2024,80,6.1,35,315,Eleventh Hour Games,Action RPG,Not Rated,https://www.metacritic.com/game/last-epoch/
Ys X: Nordics,"PlayStation 5, PlayStation 4, Nintendo Switch, PC",25/10/2024,80,8.1,29,110,"NIS America, Falcom, Clouded Leopard Entertainment",Action RPG,T,https://www.metacritic.com/game/ys-x-nordics/
The Land Beneath Us,"PC, Nintendo Switch, PlayStation 5, Xbox Series X",13/05/2024,80,7.9,7,15,Dear Villagers,Turn-Based Strategy,Not Rated,https://www.metacritic.com/game/the-land-beneath-us/
Spirit Hunter: Death Mark II,"Nintendo Switch, PlayStation 4, PC, PlayStation 5",15/02/2024,80,6.6,10,32,"Aksys Games, Experience Inc.",Adventure,M,https://www.metacritic.com/game/spirit-hunter-death-mark-ii/
Tavern Talk,"PC, Nintendo Switch",20/06/2024,80,7.9,9,18,Gentle Troll Entertainment,Visual Novel,Not Rated,https://www.metacritic.com/game/tavern-talk/
Fairy Tail: Dungeons,"PC, Nintendo Switch",26/08/2024,79,7.2,7,6,Kodansha,Card Battle,Not Rated,https://www.metacritic.com/game/fairy-tail-dungeons/
Among Ashes,"PC, PlayStation 5, Xbox Series X",09/12/2024,79,6.7,7,14,"Dojo System, Selecta Play",Survival,M,https://www.metacritic.com/game/among-ashes/
Rogue Flight,"PC, PlayStation 5, Nintendo Switch, Xbox Series X",25/10/2024,79,7.4,7,11,Perp Games,Space Combat Sim,E,https://www.metacritic.com/game/rogue-flight/
Brothers: A Tale of Two Sons Remake,"PC, Xbox Series X, PlayStation 5",28/02/2024,79,7.4,30,117,"505 Games, Limited Run Games",Linear Action Adventure,T,https://www.metacritic.com/game/brothers-a-tale-of-two-sons-remake/
I Am Your Beast,"PC, iOS (iPhone/iPad), Xbox Series X, PlayStation 5",10/09/2024,79,7,13,32,Strange Scaffold,FPS,Not Rated,https://www.metacritic.com/game/i-am-your-beast/
Dicefolk,"PC, Nintendo Switch",27/02/2024,79,7.3,16,4,Good Shepherd Entertainment,Turn-Based Strategy,Not Rated,https://www.metacritic.com/game/dicefolk/
Final Fantasy XIV: Dawntrail,"PlayStation 5, PC, PlayStation 4, Xbox Series X",02/07/2024,79,5.2,35,1130,Square Enix,MMORPG,T,https://www.metacritic.com/game/final-fantasy-xiv-dawntrail/
Alaloth - Champions of The Four Kingdoms,"Xbox One, PC, Nintendo Switch, PlayStation 4",21/11/2024,79,7.8,14,55,Gamera Games,Action RPG,Not Rated,https://www.metacritic.com/game/alaloth-champions-of-the-four-kingdoms/
Dystopika,PC,21/06/2024,79,5.8,8,13,Voids Within,Management,Not Rated,https://www.metacritic.com/game/dystopika/
Hitman: Blood Money - Reprisal,"Nintendo Switch, iOS (iPhone/iPad)",25/01/2024,79,6.9,12,25,"Feral Interactive, Limited Run Games",Action Adventure,M,https://www.metacritic.com/game/hitman-blood-money-reprisal/
"Little Kitty, Big City","PC, Nintendo Switch, Xbox Series X, Xbox One, PlayStation 5, PlayStation 4",09/05/2024,79,7.5,16,151,Double Dagger Studio,Open-World Action,Not Rated,https://www.metacritic.com/game/little-kitty-big-city/
Duck Detective: The Secret Salami,"PC, Nintendo Switch, Xbox Series X, Xbox One, PlayStation 5, iOS (iPhone/iPad)",23/05/2024,79,7.7,14,43,Happy Broccoli Games,Adventure,Not Rated,https://www.metacritic.com/game/duck-detective-the-secret-salami/
Pacific Drive,"PlayStation 5, PC, Xbox Series X",21/02/2024,79,6.3,45,285,"Kepler Interactive, Ironwood Studios",Survival,T,https://www.metacritic.com/game/pacific-drive/
Romancing SaGa 2: Revenge of the Seven,"Nintendo Switch, PlayStation 5, PC, PlayStation 4, Xbox Series X, Nintendo Switch 2",24/10/2024,79,8.2,31,164,Square Enix,JRPG,T,https://www.metacritic.com/game/romancing-saga-2-revenge-of-the-seven/
Sam & Max: The Devil's Playhouse Remastered,"Nintendo Switch, PC, PlayStation 4, Xbox Series X, Xbox One",14/08/2024,79,,7,0,Skunkape Games,Third-Person Adventure,T,https://www.metacritic.com/game/sam-and-max-the-devils-playhouse-remastered/
NBA 2K25,"PlayStation 5, Xbox Series X, PC, PlayStation 4, Xbox One, Nintendo Switch",06/09/2024,79,4.8,42,227,"2K Games, Take-Two Interactive",Basketball Sim,E,https://www.metacritic.com/game/nba-2k25/
Anger Foot,"PC, PlayStation 5",11/07/2024,79,7.3,50,38,Devolver Digital,FPS,Not Rated,https://www.metacritic.com/game/anger-foot/
Beyond Good & Evil 20th Anniversary Edition,"PlayStation 5, Xbox Series X, Nintendo Switch, PlayStation 4, PC, Xbox One",25/06/2024,79,7.7,26,78,"Ubisoft, Limited Run Games",Action Adventure,E10+,https://www.metacritic.com/game/beyond-good-and-evil-20th-anniversary-edition/
Max Mustard,"PC, Meta Quest, PlayStation 5",03/10/2024,79,8.7,8,13,Toast Interactive,3D Platformer,E10+,https://www.metacritic.com/game/max-mustard/
Eiyuden Chronicle: Hundred Heroes,"PC, Xbox Series X, PlayStation 5, Xbox One, PlayStation 4, Nintendo Switch",23/04/2024,79,7.1,38,292,505 Games,JRPG,Not Rated,https://www.metacritic.com/game/eiyuden-chronicle-hundred-heroes/
Islands of Insight,PC,13/02/2024,79,8.3,9,11,Behaviour Interactive,Open-World Action,Not Rated,https://www.metacritic.com/game/islands-of-insight/
Bears In Space,PC,22/03/2024,79,6.8,10,13,Ravenscourt,FPS,Not Rated,https://www.metacritic.com/game/bears-in-space/
MechWarrior 5: Clans,"PlayStation 5, Xbox Series X, PC",16/10/2024,78,6.6,22,55,Piranha Games,Vehicle Combat Sim,Not Rated,https://www.metacritic.com/game/mechwarrior-5-clans/
Persona 3 Reload - Episode Aigis: The Answer,"PlayStation 5, PC, Xbox Series X, Xbox One, PlayStation 4",10/09/2024,78,7.2,11,118,Atlus,JRPG,Not Rated,https://www.metacritic.com/game/persona-3-reload-episode-aigis-the-answer/
Final Fantasy XVI: The Rising Tide,Unknown,18/04/2024,78,7.2,27,0,Unknown,Unknown,M,https://www.metacritic.com/game/final-fantasy-xvi-the-rising-tide/
Antstream Arcade,"PC, Xbox Series X, Xbox One, PlayStation 5, PlayStation 4, iOS (iPhone/iPad)",06/09/2024,78,8.7,9,18,Antstream,Compilation,Not Rated,https://www.metacritic.com/game/antstream-arcade/
Shin-chan: Shiro and the Coal Town,"Nintendo Switch, PC, iOS (iPhone/iPad)",24/10/2024,78,8.2,16,16,Neos,Adventure,E,https://www.metacritic.com/game/shin-chan-shiro-and-the-coal-town/
Metal Slug Tactics,"PC, Nintendo Switch, PlayStation 5, PlayStation 4, Xbox Series X, Xbox One, iOS (iPhone/iPad)",05/11/2024,78,6.7,36,52,DotEmu,Turn-Based Tactics,Not Rated,https://www.metacritic.com/game/metal-slug-tactics/
Drova - Forsaken Kin,"PC, Nintendo Switch, PlayStation 5, PlayStation 4, Xbox Series X, Xbox One",15/10/2024,78,8.5,7,90,DECK13 Spotlight,Action RPG,T,https://www.metacritic.com/game/drova-forsaken-kin/
Songs of Conquest,"PC, iOS (iPhone/iPad), PlayStation 5, Xbox Series X, Nintendo Switch",20/05/2024,78,7.2,20,68,Coffee Stain Publishing,Turn-Based Tactics,Not Rated,https://www.metacritic.com/game/songs-of-conquest/
Gori: Cuddly Carnage,"PC, Nintendo Switch, Xbox Series X, Xbox One, PlayStation 5, PlayStation 4",29/08/2024,78,7.8,12,24,Wired Productions,3D Platformer,Not Rated,https://www.metacritic.com/game/gori-cuddly-carnage/
Splatoon 3: Expansion Pass Wave 2 - Side Order,Nintendo Switch,22/02/2024,78,7.8,22,107,Nintendo,Third Person Shooter,E10+,https://www.metacritic.com/game/splatoon-3-expansion-pass-wave-2-side-order/
Star Wars: Dark Forces Remaster,"PlayStation 5, Xbox Series X, PC, PlayStation 4, Xbox One, Nintendo Switch",28/02/2024,78,6.7,16,41,Nightdive Studios,FPS,T,https://www.metacritic.com/game/star-wars-dark-forces-remaster/
Another Crab's Treasure,"Nintendo Switch, PC, Xbox Series X, PlayStation 5, Xbox One",25/04/2024,78,7.5,33,297,Aggro Crab,Action Adventure,Not Rated,https://www.metacritic.com/game/another-crabs-treasure/
Beyond Galaxyland,"PC, Nintendo Switch, PlayStation 5, PlayStation 4, Xbox Series X, Xbox One",24/09/2024,78,7,15,28,United Label,Action Adventure,Not Rated,https://www.metacritic.com/game/beyond-galaxyland/
Arizona Sunshine Remake,"PC, PlayStation 5, Meta Quest, PlayStation 4",17/10/2024,78,7.7,12,15,Vertigo Games,Light Gun,M,https://www.metacritic.com/game/arizona-sunshine-remake/
Inkulinati,"PC, Xbox Series X, Xbox One, Nintendo Switch, PlayStation 4, PlayStation 5",22/02/2024,78,6.7,17,29,Daedalic Entertainment,Turn-Based Strategy,Not Rated,https://www.metacritic.com/game/inkulinati/
Microsoft Flight Simulator 2024,"Xbox Series X, PC, PlayStation 5",19/11/2024,78,4.8,34,180,Xbox Game Studios,Aircraft Sim,E,https://www.metacritic.com/game/microsoft-flight-simulator-2024/
Fitness Boxing feat. Hatsune Miku,Nintendo Switch,05/09/2024,78,8.2,7,12,"Aksys Games, Imagineer Co.,Ltd.",Exercise,E,https://www.metacritic.com/game/fitness-boxing-feat-hatsune-miku/
Sympathy Kiss,Nintendo Switch,27/02/2024,78,4.8,12,8,"Idea Factory, Reef Entertainment",Visual Novel,T,https://www.metacritic.com/game/sympathy-kiss/
The Operator,"PC, Nintendo Switch",22/07/2024,78,8,16,94,Bureau 81,Adventure,Not Rated,https://www.metacritic.com/game/the-operator/
Banishers: Ghosts of New Eden,"PC, PlayStation 5, Xbox Series X",13/02/2024,78,7.7,69,685,Focus Entertainment,Linear Action Adventure,T,https://www.metacritic.com/game/banishers-ghosts-of-new-eden/
Pepper Grinder,"Nintendo Switch, PC, PlayStation 5, Xbox Series X, PlayStation 4, Xbox One",28/03/2024,78,6.3,38,41,Devolver Digital,2D Platformer,Not Rated,https://www.metacritic.com/game/pepper-grinder/
Headquarters: World War II,PC,11/04/2024,78,7.2,9,9,Slitherine,Turn-Based Strategy,Not Rated,https://www.metacritic.com/game/headquarters-world-war-ii/
Golden Lap,PC,26/09/2024,78,7.7,7,10,Funselektor Labs Inc.,Tycoon,Not Rated,https://www.metacritic.com/game/golden-lap/
Loco Motive,"Nintendo Switch, PC",21/11/2024,77,6.7,15,28,Chucklefish,Point-and-Click,Not Rated,https://www.metacritic.com/game/loco-motive/
Super Monkey Ball Banana Rumble,Nintendo Switch,25/06/2024,77,7.5,60,39,Sega,Party,E,https://www.metacritic.com/game/super-monkey-ball-banana-rumble/
Mario & Luigi: Brothership,Nintendo Switch,07/11/2024,77,7.8,106,628,Nintendo,JRPG,E,https://www.metacritic.com/game/mario-and-luigi-brothership/
Ufouria: The Saga 2,"Nintendo Switch, PC, PlayStation 5, Xbox Series X",01/03/2024,77,8.8,8,8,"Red Art Games, SunSoft",Metroidvania,E,https://www.metacritic.com/game/ufouria-the-saga-2/
Thalassa: Edge of the Abyss,PC,01/08/2024,77,5,12,5,Team17,First-Person Adventure,Not Rated,https://www.metacritic.com/game/thalassa-edge-of-the-abyss/
Luigi's Mansion 2 HD,Nintendo Switch,27/06/2024,77,7.5,92,174,Nintendo,Action Adventure,E,https://www.metacritic.com/game/luigis-mansion-2-hd/
Arzette: The Jewel of Faramore,"PC, PlayStation 5, Xbox Series X, PlayStation 4, Nintendo Switch",14/02/2024,77,7.6,8,32,"Limited Run Games, Clear River Games",Metroidvania,E10+,https://www.metacritic.com/game/arzette-the-jewel-of-faramore/
Bo: Path of the Teal Lotus,"PC, Nintendo Switch, Xbox Series X, PlayStation 5",18/07/2024,77,7.7,17,62,Humble Games,Metroidvania,Not Rated,https://www.metacritic.com/game/bo-path-of-the-teal-lotus/
Fading Afternoon,"PC, Nintendo Switch",06/06/2024,77,7.5,9,13,CIRCLE Entertainment,Action Adventure,M,https://www.metacritic.com/game/fading-afternoon/
Cryptmaster,"PC, PlayStation 5, Xbox Series X, PlayStation 4, Xbox One",09/05/2024,77,8.2,12,19,Akupara Games,RPG,Not Rated,https://www.metacritic.com/game/cryptmaster/
Expeditions: A MudRunner Game,"PlayStation 5, Xbox Series X, PC, PlayStation 4, Xbox One, Nintendo Switch",05/03/2024,77,5.4,23,78,"Focus Entertainment, Focus Home Interactive, Saber Interactive",Vehicle Sim,E,https://www.metacritic.com/game/expeditions-a-mudrunner-game/
Cavern of Dreams,"PC, Nintendo Switch",29/02/2024,77,8,7,10,Super Rare Games,3D Platformer,E,https://www.metacritic.com/game/cavern-of-dreams/
Read Only Memories: NEURODIVER,"PC, PlayStation 4, Xbox One, Nintendo Switch, Xbox Series X, PlayStation 5",16/05/2024,77,,15,0,"Chorus Worldwide, MidBoss",Visual Novel,Not Rated,https://www.metacritic.com/game/read-only-memories-neurodiver/
The Smurfs: Dreams,"PlayStation 5, Xbox Series X, PC, PlayStation 4, Xbox One, Nintendo Switch",24/10/2024,77,8,17,34,Microids,3D Platformer,E,https://www.metacritic.com/game/the-smurfs-dreams/
Empire of the Ants,"PC, PlayStation 5, Xbox Series X",04/11/2024,77,8.4,17,81,"Microids, Rainy Frog",Command RTS,E10+,https://www.metacritic.com/game/empire-of-the-ants/
BORE BLASTERS,PC,08/03/2024,77,7.8,10,5,8BitSkull,Action,Not Rated,https://www.metacritic.com/game/bore-blasters/
Bloodless,"PC, Nintendo Switch",29/08/2024,77,9.6,8,8,3D Realms,Action Adventure,Not Rated,https://www.metacritic.com/game/bloodless/
[REDACTED],"PC, PlayStation 5, Xbox Series X",27/10/2024,77,8.2,11,70,KRAFTON Inc.,Top-Down Shoot-'Em-Up,Not Rated,https://www.metacritic.com/game/redacted/
Megaton Musashi W: Wired,"PC, Nintendo Switch, PlayStation 5, PlayStation 4",25/04/2024,77,8,12,33,Level 5,Action RPG,T,https://www.metacritic.com/game/megaton-musashi-w-wired/
Wilmot Works It Out,"PC, Nintendo Switch",23/10/2024,77,,8,0,Finji,Puzzle,Not Rated,https://www.metacritic.com/game/wilmot-works-it-out/
Fabledom,"PC, Nintendo Switch, PlayStation 5, Xbox Series X",13/05/2024,77,6.7,22,22,"Dear Villagers, Plug In Digital",Management,Not Rated,https://www.metacritic.com/game/fabledom/
Legacy of Kain: Soul Reaver 1 & 2 Remastered,"PlayStation 5, PlayStation 4, Xbox Series X, Xbox One, Nintendo Switch, PC",10/12/2024,77,7.4,27,71,"Aspyr, U&I Entertainment",Compilation,M,https://www.metacritic.com/game/legacy-of-kain-soul-reaver-1-and-2-remastered/
Parking Garage Rally Circuit,PC,20/09/2024,77,8.2,7,6,Walaber,Auto Racing,Not Rated,https://www.metacritic.com/game/parking-garage-rally-circuit/
Zenless Zone Zero,"PC, iOS (iPhone/iPad), PlayStation 5, Xbox Series X",02/07/2024,77,6.9,37,690,"Cognosphere, miHoYo",Action RPG,T,https://www.metacritic.com/game/zenless-zone-zero/
The Elder Scrolls Online: Gold Road,"PlayStation 5, Xbox Series X, PC, PlayStation 4, Xbox One",03/06/2024,77,5.6,12,13,Bethesda Softworks,MMORPG,Not Rated,https://www.metacritic.com/game/the-elder-scrolls-online-gold-road/
Sovereign Syndicate,PC,15/01/2024,77,7,11,11,Crimson Herring Studios,Western RPG,Not Rated,https://www.metacritic.com/game/sovereign-syndicate/
Taito Milestones 3,Nintendo Switch,10/12/2024,77,,11,0,"ININ Games, Taito Corporation",Compilation,T,https://www.metacritic.com/game/taito-milestones-3/
Gundam Breaker 4,"Nintendo Switch, PlayStation 5, PC, PlayStation 4",29/08/2024,76,7.2,18,36,Bandai Namco Games,3D Fighting,T,https://www.metacritic.com/game/gundam-breaker-4/
MADiSON VR,"PC, PlayStation 5, Meta Quest",02/05/2024,76,8.1,8,18,"Perp Games, Perpetual-Europe",First-Person Adventure,M,https://www.metacritic.com/game/madison-vr/
Ballionaire,PC,10/12/2024,76,6.8,9,8,Raw Fury,Strategy,Not Rated,https://www.metacritic.com/game/ballionaire/
EA Sports FC 25,"PlayStation 5, Xbox Series X, PC, Nintendo Switch, PlayStation 4, Xbox One",27/09/2024,76,2.8,72,1135,Electronic Arts,Soccer Sim,E,https://www.metacritic.com/game/ea-sports-fc-25/
Disney Epic Mickey: Rebrushed,"Nintendo Switch, Xbox Series X, Xbox One, PC, PlayStation 5, PlayStation 4",24/09/2024,76,7.7,41,123,THQ Nordic,3D Platformer,E10+,https://www.metacritic.com/game/disney-epic-mickey-rebrushed/
Sins of a Solar Empire II,PC,15/08/2024,76,8.3,10,34,Stardock,4X Strategy,Not Rated,https://www.metacritic.com/game/sins-of-a-solar-empire-ii/
Tales of Kenzera: ZAU,"PlayStation 5, Xbox Series X, PC, Nintendo Switch",23/04/2024,76,4.8,65,330,Electronic Arts,Metroidvania,E10+,https://www.metacritic.com/game/tales-of-kenzera-zau/
Master Detective Archives: RAIN CODE+,Unknown,01/10/2024,76,7.7,8,0,Unknown,Unknown,M,https://www.metacritic.com/game/master-detective-archives-rain-code-plus/
Mario vs. Donkey Kong,Nintendo Switch,16/02/2024,76,7.1,107,178,Nintendo,2D Platformer,E,https://www.metacritic.com/game/mario-vs-donkey-kong-2024/
Piczle Cross: Story of Seasons,"Nintendo Switch, PC",27/02/2024,76,,9,0,Rainy Frog,Logic Puzzle,E,https://www.metacritic.com/game/piczle-cross-story-of-seasons/
Planet Coaster 2,"PC, Xbox Series X, PlayStation 5",06/11/2024,76,5.8,40,71,Frontier Developments,Tycoon,E,https://www.metacritic.com/game/planet-coaster-2/
Monster Hunter Stories,"Nintendo Switch, PlayStation 4, PC, Xbox One, Xbox Series X",14/06/2024,76,7.2,20,26,Capcom,JRPG,E10+,https://www.metacritic.com/game/monster-hunter-stories/
Demon's Mirror,PC,05/09/2024,76,,12,0,Good Shepherd Entertainment,Card Battle,Not Rated,https://www.metacritic.com/game/demons-mirror/
RKGK / Rakugaki,"PC, Nintendo Switch, PlayStation 5",22/05/2024,76,5.6,17,5,Wabisabi Games,3D Platformer,T,https://www.metacritic.com/game/rkgk-rakugaki/
SaGa Emerald Beyond,"Nintendo Switch, PlayStation 4, PlayStation 5, PC, iOS (iPhone/iPad)",25/04/2024,76,5.8,17,25,Square Enix,JRPG,T,https://www.metacritic.com/game/saga-emerald-beyond/
SUMMERHOUSE,PC,08/03/2024,76,7.4,8,7,Future Friends Games,Simulation,Not Rated,https://www.metacritic.com/game/summerhouse/
MotoGP 24,"PlayStation 5, Xbox Series X, PC, PlayStation 4, Xbox One, Nintendo Switch",02/05/2024,76,5.7,14,27,Milestone S.r.l,Auto Racing Sim,E,https://www.metacritic.com/game/motogp-24/
Wild Bastards,"PC, PlayStation 5, Nintendo Switch, Xbox Series X",12/09/2024,76,6.6,21,18,Maximum Entertainment,FPS,Not Rated,https://www.metacritic.com/game/wild-bastards/
TopSpin 2K25,"PlayStation 5, Xbox Series X, Xbox One, PlayStation 4, PC",26/04/2024,76,5,53,166,"2K Games, Take-Two Interactive",Tennis,E,https://www.metacritic.com/game/topspin-2k25/
Heading Out,Unknown,07/05/2024,76,7,20,0,Unknown,Unknown,Not Rated,https://www.metacritic.com/game/heading-out/
Rise of the Ronin,"PlayStation 5, PC",22/03/2024,76,7.9,129,1606,"Sony Interactive Entertainment, Koei Tecmo Games",Action RPG,M,https://www.metacritic.com/game/rise-of-the-ronin/
Until Then,"PC, PlayStation 5, Nintendo Switch",25/06/2024,76,8.7,14,130,Maximum Entertainment,Adventure,Not Rated,https://www.metacritic.com/game/until-then/
KAKU: Ancient Seal,"PC, Xbox Series X, PlayStation 5",12/07/2024,76,4.7,9,14,BINGOBELL,Open-World Action,Not Rated,https://www.metacritic.com/game/kaku-ancient-seal/
Withering Rooms,"PC, PlayStation 5, Xbox Series X",02/04/2024,76,7.7,12,33,Perp Games,Survival,M,https://www.metacritic.com/game/withering-rooms/
Bandle Tale: A League of Legends Story,"Nintendo Switch, PC",21/02/2024,76,6.5,23,17,Riot Forge,RPG,Not Rated,https://www.metacritic.com/game/bandle-tale-a-league-of-legends-story/
Voidwrought,Unknown,24/10/2024,76,6.8,7,0,Unknown,Unknown,Not Rated,https://www.metacritic.com/game/voidwrought/
Chicken Police: Into the HIVE!,"PC, Nintendo Switch, PlayStation 5, Xbox Series X, PlayStation 4, Xbox One",07/11/2024,76,8,8,14,Joystick Ventures,Visual Novel,Not Rated,https://www.metacritic.com/game/chicken-police-into-the-hive/
Bloomtown: A Different Story,"PC, Nintendo Switch, Xbox Series X, PlayStation 5, PlayStation 4, Xbox One",24/09/2024,76,7.3,8,23,"Twin Sails Interactive, Asmodee",JRPG,Not Rated,https://www.metacritic.com/game/bloomtown-a-different-story/
Peglin,"PC, iOS (iPhone/iPad), Nintendo Switch, PlayStation 5, PlayStation 4, Xbox Series X, Xbox One",27/08/2024,76,6.6,8,20,BlitWorks,Action Puzzle,E,https://www.metacritic.com/game/peglin/
Tomb Raider I-III Remastered Starring Lara Croft,"Nintendo Switch, PC, Xbox Series X, Xbox One, PlayStation 5, PlayStation 4",14/02/2024,75,7.6,34,229,"Aspyr, U&I Entertainment",Compilation,T,https://www.metacritic.com/game/tomb-raider-i-iii-remastered-starring-lara-croft/
The Star Named EOS,"PC, Nintendo Switch, PlayStation 5, Xbox Series X, iOS (iPhone/iPad)",23/07/2024,75,,8,0,Playism,Adventure,E,https://www.metacritic.com/game/the-star-named-eos/
Horizon Chase 2,"PlayStation 5, Xbox Series X, PC, PlayStation 4, Xbox One, Nintendo Switch, iOS (iPhone/iPad)",30/05/2024,75,8,14,29,"Aquiris Game Studio, Epic Games",Auto Racing,Not Rated,https://www.metacritic.com/game/horizon-chase-2/
Farming Simulator 25,"PC, PlayStation 5, Xbox Series X",12/11/2024,75,5,13,75,Giants Software,Virtual Career,Not Rated,https://www.metacritic.com/game/farming-simulator-25/
MultiVersus,"PlayStation 5, PC, Xbox Series X, PlayStation 4, Xbox One",28/05/2024,75,5.5,23,245,"Warner Bros. Games, Warner Bros. Interactive Entertainment",2D Fighting,T,https://www.metacritic.com/game/multiversus/
Paper Trail,"PC, Nintendo Switch, iOS (iPhone/iPad), PlayStation 5, Xbox Series X, Xbox One, PlayStation 4",21/05/2024,75,8.8,12,114,"Newfangled Games, Lost in Cult",Adventure,E,https://www.metacritic.com/game/paper-trail/
Shadow of the Ninja - Reborn,"PlayStation 5, Xbox Series X, PC, PlayStation 4, Nintendo Switch",29/08/2024,75,7.3,10,27,"ININ Games, NATSUME ATARI Inc., Jujube, Natsume, Strictly Limited Games",2D Platformer,T,https://www.metacritic.com/game/shadow-of-the-ninja-reborn/
New World: Aeternum,"PlayStation 5, Xbox Series X, PC",15/10/2024,75,7,19,124,Amazon Game Studios,MMORPG,T,https://www.metacritic.com/game/new-world-aeternum/
Visions of Mana,"PlayStation 5, Xbox Series X, PC, PlayStation 4",29/08/2024,75,8.2,66,304,Square Enix,JRPG,T,https://www.metacritic.com/game/visions-of-mana/
Kong: Survivor Instinct,"PlayStation 5, Xbox Series X, PC",22/10/2024,75,7.2,8,18,7Levels,Action Adventure,Not Rated,https://www.metacritic.com/game/kong-survivor-instinct/
Homeworld 3,PC,13/05/2024,75,3.1,45,85,"Gearbox Publishing, Gearbox Software",Real-Time Strategy,E10+,https://www.metacritic.com/game/homeworld-3/
Star Wars Outlaws,"Xbox Series X, PlayStation 5, PC",27/08/2024,75,5.5,91,3230,Ubisoft,Open-World Action,T,https://www.metacritic.com/game/star-wars-outlaws/
The Mortuary Assistant,"PC, Nintendo Switch, PlayStation 5, PlayStation 4, Xbox Series X, Xbox One",02/08/2024,75,7.4,10,27,"DreadXP, Super Rare Games",First-Person Adventure,M,https://www.metacritic.com/game/the-mortuary-assistant/
Classified: France '44,"PlayStation 5, Xbox Series X, PC",05/03/2024,75,7.8,11,21,Team17,Turn-Based Tactics,Not Rated,https://www.metacritic.com/game/classified-france-44/
Nobody Wants to Die,"PlayStation 5, Xbox Series X, PC",17/07/2024,75,7.3,22,114,PLAION,First-Person Adventure,Not Rated,https://www.metacritic.com/game/nobody-wants-to-die/
Beat Slayer,PC,04/04/2024,75,5.4,11,9,ByteRockers' Games,3D Beat-'Em-Up,Not Rated,https://www.metacritic.com/game/beat-slayer/
The Legend of Steel Empire,"Nintendo Switch, PlayStation 4",23/01/2024,75,,8,0,"ININ Games, Mebius",Horizontal Shoot-'Em-Up,E10+,https://www.metacritic.com/game/the-legend-of-steel-empire/
Cupid Parasite: Sweet and Spicy Darling,Nintendo Switch,28/05/2024,75,,8,0,"Idea Factory, Reef Entertainment",Visual Novel,T,https://www.metacritic.com/game/cupid-parasite-sweet-and-spicy-darling/
Saviorless,"PC, PlayStation 5, Nintendo Switch",02/04/2024,75,7.8,8,8,Plug In Digital,2D Platformer,T,https://www.metacritic.com/game/saviorless/
The Outlast Trials,"PC, PlayStation 5, Xbox Series X, Xbox One, PlayStation 4",05/03/2024,75,7.7,27,184,Red Barrels,Survival,M,https://www.metacritic.com/game/the-outlast-trials/
Flock,"PC, PlayStation 5, PlayStation 4, Xbox Series X, Xbox One",16/07/2024,75,4.3,18,17,Annapurna Interactive,Adventure,Not Rated,https://www.metacritic.com/game/flock-2/
Ara: History Untold,PC,24/09/2024,74,6.4,55,57,Xbox Game Studios,4X Strategy,E10+,https://www.metacritic.com/game/ara-history-untold/
Tomba! Special Edition,"PlayStation 5, PlayStation 4, Nintendo Switch, PC",01/08/2024,74,7,8,11,"Limited Run Games, SUPERDELUXE GAMES",Metroidvania,E10+,https://www.metacritic.com/game/tomba-special-edition/
El Shaddai: Ascension of the Metatron HD Remaster,"Nintendo Switch, PlayStation 5",28/04/2024,74,,13,0,"crim Co., Ltd., Limited Run Games, Rainy Frog",Action Adventure,T,https://www.metacritic.com/game/el-shaddai-ascension-of-the-metatron-hd-remaster/
Emio - The Smiling Man: Famicom Detective Club,Nintendo Switch,29/08/2024,74,8.2,70,91,Nintendo,Visual Novel,M,https://www.metacritic.com/game/emio-the-smiling-man-famicom-detective-club/
Alien: Rogue Incursion,"PC, Meta Quest, PlayStation 5",19/12/2024,74,7.7,32,83,Survios,Survival,M,https://www.metacritic.com/game/alien-rogue-incursion/
The Thaumaturge,"PC, PlayStation 5, Xbox Series X",04/03/2024,74,7,61,137,"11 bit studios, Merge Games",RPG,Not Rated,https://www.metacritic.com/game/the-thaumaturge/
Gestalt: Steam & Cinder,"PC, PlayStation 4, Nintendo Switch, Xbox One",16/07/2024,74,6.9,24,29,Fireshine Games,Metroidvania,Not Rated,https://www.metacritic.com/game/gestalt-steam-and-cinder/
"Rolling Hills: Make Sushi, Make Friends","PC, Xbox One",04/06/2024,74,7.2,9,10,Humble Games,Tycoon,Not Rated,https://www.metacritic.com/game/rolling-hills-make-sushi-make-friends/
Penny's Big Breakaway,"Nintendo Switch, PlayStation 5, Xbox Series X, PC",21/02/2024,74,7.3,16,79,Private Division,3D Platformer,E,https://www.metacritic.com/game/pennys-big-breakaway/
Europa,"PC, Nintendo Switch",11/10/2024,74,6.8,20,48,Future Friends Games,Open-World Action,Not Rated,https://www.metacritic.com/game/europa/
Dungeons & Degenerate Gamblers,PC,08/08/2024,74,6.1,7,7,Yogscast Games,Card Battle,Not Rated,https://www.metacritic.com/game/dungeons-and-degenerate-gamblers/
On Your Tail,"Nintendo Switch, PC",16/12/2024,74,5.4,13,21,Humble Games,Third-Person Adventure,Not Rated,https://www.metacritic.com/game/on-your-tail/
Eden Genesis,"PlayStation 5, Xbox Series X, PC, PlayStation 4, Xbox One, Nintendo Switch",06/08/2024,74,6.8,10,5,Aeternum Game Studios,2D Platformer,Not Rated,https://www.metacritic.com/game/eden-genesis/
Princess Peach: Showtime!,Nintendo Switch,22/03/2024,74,6.8,119,268,Nintendo,Linear Action Adventure,E10+,https://www.metacritic.com/game/princess-peach-showtime/
Hollowbody,PC,12/09/2024,74,6.4,26,20,Headware Games,Survival,Not Rated,https://www.metacritic.com/game/hollowbody/
Lysfanga: The Time Shift Warrior,"PC, Nintendo Switch",13/02/2024,74,5.9,29,13,Quantic Dream,Action Adventure,Not Rated,https://www.metacritic.com/game/lysfanga-the-time-shift-warrior/
The Cub,"PlayStation 5, Xbox Series X, PC, PlayStation 4, Xbox One, Nintendo Switch",19/01/2024,74,6.5,20,19,Untold Tales,2D Platformer,T,https://www.metacritic.com/game/the-cub/
Tiny Glade,PC,23/09/2024,74,7.5,9,35,Pounce Light,Management,Not Rated,https://www.metacritic.com/game/tiny-glade/
Still Wakes the Deep,"Xbox Series X, PlayStation 5, PC",18/06/2024,74,7.5,46,447,Secret Mode,Survival,M,https://www.metacritic.com/game/still-wakes-the-deep/
Metro Awakening VR,"PlayStation 5, PC, Meta Quest",05/11/2024,74,6.8,33,80,Vertigo Games,Survival,M,https://www.metacritic.com/game/metro-awakening-vr/
CYGNI: All Guns Blazing,"PC, Xbox Series X, PlayStation 5",06/08/2024,74,6.5,32,43,Konami,Vertical Shoot-'Em-Up,E10+,https://www.metacritic.com/game/cygni-all-guns-blazing/
DeathSprint 66,PC,12/09/2024,74,6.5,11,12,Secret Mode,Future Racing,Not Rated,https://www.metacritic.com/game/deathsprint-66/
Marvel Rivals,"PC, PlayStation 5, Xbox Series X, PlayStation 4",06/12/2024,74,6.9,24,823,NetEase Games,Tactical Third Person Shooter,Not Rated,https://www.metacritic.com/game/marvel-rivals/
Volgarr the Viking II,"PlayStation 5, Xbox Series X, PC, PlayStation 4, Xbox One, Nintendo Switch",06/08/2024,73,7.1,12,12,Digital Eclipse,2D Platformer,Not Rated,https://www.metacritic.com/game/volgarr-the-viking-ii/
Sons of Valhalla,PC,05/04/2024,73,6.1,10,8,Hooded Horse,Strategy,Not Rated,https://www.metacritic.com/game/sons-of-valhalla/
Caravan SandWitch,"PC, Nintendo Switch, PlayStation 5",12/09/2024,73,6.2,18,69,Dear Villagers,Open-World Action,E10+,https://www.metacritic.com/game/caravan-sandwitch/
S.T.A.L.K.E.R. 2: Heart of Chornobyl,"PC, Xbox Series X, PlayStation 5",20/11/2024,73,7.6,79,2559,GSC Game World,FPS,Not Rated,https://www.metacritic.com/game/stalker-2-heart-of-chornobyl/
Evotinction,"PlayStation 5, PC, PlayStation 4",13/09/2024,73,5.5,13,6,Perp Games,Action Adventure,T,https://www.metacritic.com/game/evotinction/
Life is Strange: Double Exposure,"PC, Xbox Series X, PlayStation 5, Nintendo Switch",29/10/2024,73,4.5,64,763,Square Enix,Third-Person Adventure,M,https://www.metacritic.com/game/life-is-strange-double-exposure/
Teenage Mutant Ninja Turtles: Splintered Fate,"iOS (iPhone/iPad), Nintendo Switch, PC, PlayStation 5, Xbox One, Xbox Series X, PlayStation 4, Nintendo Switch 2",17/07/2024,73,7.6,38,59,Super Evil Megacorp,3D Beat-'Em-Up,E10+,https://www.metacritic.com/game/teenage-mutant-ninja-turtles-splintered-fate/
Dread Delusion,PC,14/05/2024,73,7.3,17,23,DreadXP,Western RPG,Not Rated,https://www.metacritic.com/game/dread-delusion/
Earth Defense Force 6,"PlayStation 4, PlayStation 5, PC",25/07/2024,73,5.7,21,30,"D3Publisher, Clouded Leopard Entertainment",Third Person Shooter,M,https://www.metacritic.com/game/earth-defense-force-6/
#BLUD,"PC, Nintendo Switch, PlayStation 4, Xbox One",18/06/2024,73,5.6,15,16,Humble Games,Action Adventure,Not Rated,https://www.metacritic.com/game/blud/
Wizardry: Proving Grounds of the Mad Overlord Remaster,"Nintendo Switch, PC, Xbox Series X, PlayStation 5, Xbox One, PlayStation 4",23/05/2024,73,7.4,7,7,Digital Eclipse,Western RPG,Not Rated,https://www.metacritic.com/game/wizardry-proving-grounds-of-the-mad-overlord-2024/
Nintendo World Championships: NES Edition,Nintendo Switch,18/07/2024,73,6.2,71,62,Nintendo,Party,E,https://www.metacritic.com/game/nintendo-world-championships-nes-edition/
Akka Arrh,"Xbox Series X, PC, PlayStation 4, Xbox One, Nintendo Switch, PlayStation 5",08/03/2024,73,,11,0,"Atari, Atari SA",Arcade,E10+,https://www.metacritic.com/game/akka-arrh/
Biomorph,"PlayStation 4, PC, Nintendo Switch, PlayStation 5, Xbox Series X",05/04/2024,73,7.2,8,12,Lucid Dreams Studio,Metroidvania,Not Rated,https://www.metacritic.com/game/biomorph/
One Piece Odyssey: Deluxe Edition,Nintendo Switch,26/07/2024,73,5.4,7,5,Bandai Namco Games,JRPG,T,https://www.metacritic.com/game/one-piece-odyssey-deluxe-edition/
The Crush House,PC,09/08/2024,73,2.1,29,22,Devolver Digital,First-Person Adventure,Not Rated,https://www.metacritic.com/game/the-crush-house/
Another Code: Recollection,Nintendo Switch,19/01/2024,73,8.5,69,0,Nintendo,Compilation,T,https://www.metacritic.com/game/another-code-recollection/
Star Trucker,"PC, Xbox Series X, PlayStation 5",03/09/2024,73,6.5,15,32,Raw Fury,Space Sim,Not Rated,https://www.metacritic.com/game/star-trucker/
WE ARE FOOTBALL 2024,PC,04/03/2024,73,7.5,7,6,HandyGames,Soccer Management,Not Rated,https://www.metacritic.com/game/we-are-football-2024/
Frontier Hunter: Erza's Wheel of Fortune,"PC, PlayStation 5",26/07/2024,73,8.3,8,13,"Chongqing Binghaixin Technology Co., Ltd.",Metroidvania,E10+,https://www.metacritic.com/game/frontier-hunter-erzas-wheel-of-fortune/
Goblin Stone,"PC, Nintendo Switch",12/03/2024,72,6.8,12,4,Orc Chop Games,Turn-Based Strategy,Not Rated,https://www.metacritic.com/game/goblin-stone/
Men of War II,PC,15/05/2024,72,2.6,23,13,Fulqrum Publishing,Real-Time Strategy,Not Rated,https://www.metacritic.com/game/men-of-war-ii/
Phoenix Springs,PC,07/10/2024,72,6.3,17,9,Calligram Studio,Point-and-Click,Not Rated,https://www.metacritic.com/game/phoenix-springs/
Terminator: Dark Fate - Defiance,PC,21/02/2024,72,6.1,15,23,Slitherine,Real-Time Strategy,Not Rated,https://www.metacritic.com/game/terminator-dark-fate-defiance/
Capes,"PC, PlayStation 5, PlayStation 4, Nintendo Switch, Xbox Series X, Xbox One",29/05/2024,72,3,21,27,"Daedalic Entertainment, Defiant Development",Turn-Based Tactics,Not Rated,https://www.metacritic.com/game/capes/
Throne and Liberty,"PlayStation 5, Xbox Series X, PC",01/10/2024,72,5.2,20,186,Amazon Game Studios,MMORPG,T,https://www.metacritic.com/game/throne-and-liberty/
Alan Wake II: The Lake House Expansion,"Xbox Series X, PlayStation 5, PC",22/10/2024,72,7,8,180,Epic Games,Survival,Not Rated,https://www.metacritic.com/game/alan-wake-ii-the-lake-house-expansion/
King Arthur: Legion IX,Unknown,09/05/2024,72,,14,0,Unknown,Unknown,Not Rated,https://www.metacritic.com/game/king-arthur-legion-ix/
Completely Stretchy,PC,12/12/2024,72,,9,0,Super Rare Originals,3D Platformer,Not Rated,https://www.metacritic.com/game/completely-stretchy/
MySims: Cozy Bundle,"Nintendo Switch, PC, PlayStation 5, Xbox Series X",19/11/2024,72,7.5,11,20,Electronic Arts,Compilation,E,https://www.metacritic.com/game/mysims-cozy-bundle/
Top Racer Collection,"PC, Nintendo Switch, PlayStation 5, PlayStation 4, Xbox Series X, Xbox One",07/03/2024,72,7.4,8,9,QUByte Interactive,Compilation,E,https://www.metacritic.com/game/top-racer-collection/
Wrath: Aeon of Ruin,"PlayStation 4, PC, Xbox One, Nintendo Switch, PlayStation 5, Xbox Series X",27/02/2024,72,6.6,16,18,"Fulqrum Publishing, 3D Realms",FPS,Not Rated,https://www.metacritic.com/game/wrath-aeon-of-ruin/
F1 24,"PlayStation 5, Xbox Series X, PC, PlayStation 4, Xbox One",31/05/2024,72,4.9,33,147,Electronic Arts,Auto Racing Sim,E,https://www.metacritic.com/game/f1-24/
Creatures of Ava,"PC, Xbox Series X",07/08/2024,72,6.6,19,39,11 bit studios,Open-World Action,Not Rated,https://www.metacritic.com/game/creatures-of-ava/
Stargate: Timekeepers,PC,23/01/2024,72,3.8,12,10,Slitherine,Real-Time Tactics,Not Rated,https://www.metacritic.com/game/stargate-timekeepers/
Phantom Abyss,"PC, Xbox Series X",25/01/2024,72,6,11,4,Devolver Digital,Action Adventure,Not Rated,https://www.metacritic.com/game/phantom-abyss/
Demon Slayer: Kimetsu no Yaiba - Sweep the Board!,"Nintendo Switch, PlayStation 5, PlayStation 4, PC, Xbox Series X, Xbox One",26/04/2024,71,6.6,10,19,"Sega, Aniplex Inc.",Party,T,https://www.metacritic.com/game/demon-slayer-kimetsu-no-yaiba-sweep-the-board/
Just Dance 2025 Edition,"Nintendo Switch, PlayStation 5, Xbox Series X",15/10/2024,71,6.4,15,29,Ubisoft,Dancing,E10+,https://www.metacritic.com/game/just-dance-2025-edition/
SAND LAND,"PlayStation 5, Xbox Series X, PC, PlayStation 4",26/04/2024,71,7.5,76,155,Bandai Namco Games,Action RPG,T,https://www.metacritic.com/game/sand-land/
The Sims 4: Lovestruck,"PC, Xbox One, PlayStation 4, Xbox Series X",25/07/2024,71,3.9,8,11,Electronic Arts,Virtual Life,T,https://www.metacritic.com/game/the-sims-4-lovestruck/
Wuthering Waves,"PC, PlayStation 5, iOS (iPhone/iPad)",23/05/2024,71,7.1,9,481,Kuro Games,Action RPG,Not Rated,https://www.metacritic.com/game/wuthering-waves/
Dark and Deep,PC,13/08/2024,71,,7,0,Walter Woods,Survival,Not Rated,https://www.metacritic.com/game/dark-and-deep/
Welcome to ParadiZe,"PlayStation 5, Xbox Series X, PC",29/02/2024,71,6.8,9,17,Nacon,Survival,M,https://www.metacritic.com/game/welcome-to-paradize/
Once Human,"PC, iOS (iPhone/iPad), Xbox Series X, PlayStation 5",09/07/2024,71,5.9,17,107,"Starry Studio, NetEase Games",Survival,Not Rated,https://www.metacritic.com/game/once-human/
Monster Jam Showdown,"PlayStation 5, Xbox Series X, PC, PlayStation 4, Xbox One, Nintendo Switch",29/08/2024,70,6.7,21,7,Milestone S.r.l,Auto Racing,E,https://www.metacritic.com/game/monster-jam-showdown/
LEGO Horizon Adventures,"PlayStation 5, Nintendo Switch, PC",14/11/2024,70,5.8,99,243,Sony Interactive Entertainment,Action Adventure,E10+,https://www.metacritic.com/game/lego-horizon-adventures/
Madden NFL 25,"PC, PlayStation 5, Xbox Series X, Xbox One, PlayStation 4",16/08/2024,70,3.3,24,212,Electronic Arts,Football Sim,E,https://www.metacritic.com/game/madden-nfl-25/
Flintlock: The Siege of Dawn,"PC, PlayStation 5, Xbox Series X",17/07/2024,70,4.8,28,207,Kepler Interactive,Action RPG,M,https://www.metacritic.com/game/flintlock-the-siege-of-dawn/
Go Mecha Ball,"Xbox Series X, PC, Nintendo Switch, PlayStation 5, PlayStation 4",25/01/2024,70,6.6,10,24,Super Rare Originals,Top-Down Shoot-'Em-Up,Not Rated,https://www.metacritic.com/game/go-mecha-ball/
Contra: Operation Galuga,"Nintendo Switch, Xbox Series X, Xbox One, PC, PlayStation 5, PlayStation 4",12/03/2024,70,6.6,26,44,"Konami, Limited Run Games, SUPERDELUXE GAMES",2D Platformer,T,https://www.metacritic.com/game/contra-operation-galuga/
Reveil,"PC, PlayStation 5, PlayStation 4, Xbox Series X, Xbox One",06/03/2024,70,6.7,10,12,Daedalic Entertainment,First-Person Adventure,Not Rated,https://www.metacritic.com/game/reveil/
Kamaeru: A Frog Refuge,"PC, Nintendo Switch, Xbox Series X",08/06/2024,70,,7,0,Armor Games,Virtual Life,E,https://www.metacritic.com/game/kamaeru-a-frog-refuge/
Fitness Boxing 3: Your Personal Trainer,Nintendo Switch,05/12/2024,70,7.8,32,8,"Nintendo, Imagineer Co.,Ltd.",Exercise,E,https://www.metacritic.com/game/fitness-boxing-3-your-personal-trainer/
Mighty Morphin Power Rangers: Rita's Rewind,"PC, Xbox Series X, PlayStation 5, Nintendo Switch, Xbox One, PlayStation 4",10/12/2024,70,6.3,20,27,"Digital Eclipse, Atari",2D Beat-'Em-Up,E10+,https://www.metacritic.com/game/mighty-morphin-power-rangers-ritas-rewind/
Solo Leveling: ARISE,"PC, iOS (iPhone/iPad)",08/05/2024,70,6.2,7,40,Netmarble,Action RPG,Not Rated,https://www.metacritic.com/game/solo-leveling-arise/
Highwater,"PC, iOS (iPhone/iPad), Xbox Series X, PlayStation 5, Nintendo Switch, PlayStation 4, Xbox One",14/03/2024,70,6.6,13,8,Rogue Games,Turn-Based Tactics,T,https://www.metacritic.com/game/highwater/
Until Dawn,"PlayStation 5, PC",04/10/2024,70,6.7,58,490,Sony Interactive Entertainment,Third-Person Adventure,M,https://www.metacritic.com/game/until-dawn/
Undisputed,"PC, Xbox Series X, PlayStation 5",11/10/2024,70,5,24,105,Deep Silver,Combat Sport,T,https://www.metacritic.com/game/undisputed/
ete,PC,23/07/2024,70,,8,0,Impossible,First-Person Adventure,Not Rated,https://www.metacritic.com/game/ete/
Shadows of the Damned: Hella Remastered,"Nintendo Switch, PC, PlayStation 5, PlayStation 4, Xbox One, Xbox Series X",30/10/2024,70,7.8,22,42,NetEase Games,Action Adventure,Not Rated,https://www.metacritic.com/game/shadows-of-the-damned-hella-remastered/
Enotria: The Last Song,"PC, PlayStation 5, Xbox Series X",16/09/2024,69,6,28,278,Jyamma Games,Action RPG,T,https://www.metacritic.com/game/enotria-the-last-song/
Killer Klowns from Outer Space: The Game,"PlayStation 5, Xbox Series X, PC, PlayStation 4, Xbox One",04/06/2024,69,6.7,14,18,IllFonic,Survival,Not Rated,https://www.metacritic.com/game/killer-klowns-from-outer-space-the-game/
Outcast: A New Beginning,"PC, PlayStation 5, Xbox Series X",15/03/2024,69,7.3,37,97,THQ Nordic,Open-World Action,T,https://www.metacritic.com/game/outcast-a-new-beginning/
Kingdom Come: Deliverance - Royal Edition,"PlayStation 4, PC, Xbox One, Nintendo Switch",15/03/2024,69,7.7,11,227,"PLAION, Deep Silver",Action RPG,M,https://www.metacritic.com/game/kingdom-come-deliverance-royal-edition/
Bulwark: Falconeer Chronicles,"PC, PlayStation 5, Xbox Series X, Xbox One, PlayStation 4",26/03/2024,69,5.6,14,7,Wired Productions,Management,Not Rated,https://www.metacritic.com/game/bulwark-falconeer-chronicles/
Hauntii,"PC, Nintendo Switch, Xbox Series X, PlayStation 5, Xbox One, PlayStation 4",23/05/2024,69,7.4,10,22,Firestoke,Action Adventure,Not Rated,https://www.metacritic.com/game/hauntii/
Slave Zero X,"PlayStation 5, Xbox Series X, PC, PlayStation 4, Xbox One, Nintendo Switch",21/02/2024,69,7.8,16,12,Ziggurat Interactive,2D Beat-'Em-Up,Not Rated,https://www.metacritic.com/game/slave-zero-x/
Millennia,PC,26/03/2024,69,5.8,24,20,Paradox Interactive,4X Strategy,Not Rated,https://www.metacritic.com/game/millennia/
Harold Halibut,"PC, Xbox Series X, PlayStation 5",16/04/2024,69,6.7,28,112,Slow Bros.,Adventure,Not Rated,https://www.metacritic.com/game/harold-halibut/
Shadows of Doubt,Unknown,26/09/2024,69,7.2,16,0,Unknown,Unknown,T,https://www.metacritic.com/game/shadows-of-doubt/
Ereban: Shadow Legacy,"Xbox Series X, PC, PlayStation 5",10/04/2024,69,6.2,22,15,Baby Robot Games,Linear Action Adventure,Not Rated,https://www.metacritic.com/game/ereban-shadow-legacy/
Sword Art Online: Fractured Daydream,"Nintendo Switch, PlayStation 5, PC, Xbox Series X",04/10/2024,68,7.1,12,23,Bandai Namco Games,Action RPG,T,https://www.metacritic.com/game/sword-art-online-fractured-daydream/
Lollipop Chainsaw RePOP,"PC, Nintendo Switch, PlayStation 5, Xbox Series X, PlayStation 4, Xbox One, Nintendo Switch 2",12/09/2024,68,7.9,8,172,"Dragami Games, Limited Run Games, Clear River Games",3D Beat-'Em-Up,M,https://www.metacritic.com/game/lollipop-chainsaw-repop/
Reigns: Three Kingdoms,"iOS (iPhone/iPad), PC, Nintendo Switch",11/01/2024,68,,7,0,Devolver Digital,Board,Not Rated,https://www.metacritic.com/game/reigns-three-kingdoms/
Umamusume: Pretty Derby - Party Dash,"Nintendo Switch, PlayStation 4, PC",30/08/2024,68,6.8,8,9,Cygames,Party,Not Rated,https://www.metacritic.com/game/umamusume-pretty-derby-party-dash/
Clock Tower: Rewind,"Nintendo Switch, PC, Xbox Series X, PlayStation 5, PlayStation 4",28/10/2024,68,7.4,7,12,"WayForward, Limited Run Games",Point-and-Click,T,https://www.metacritic.com/game/clock-tower-rewind/
Citadelum,PC,17/10/2024,68,6.2,8,5,Abylight,Management,Not Rated,https://www.metacritic.com/game/citadelum/
The Casting of Frank Stone,"PC, Xbox Series X, PlayStation 5",03/09/2024,68,5.7,31,209,Behaviour Interactive,Third-Person Adventure,M,https://www.metacritic.com/game/the-casting-of-frank-stone/
Star Wars: Bounty Hunter Remaster,"PlayStation 5, Nintendo Switch, Xbox Series X, Xbox One, PC, PlayStation 4",01/08/2024,68,6.4,13,14,"Aspyr, Limited Run Games",Third Person Shooter,T,https://www.metacritic.com/game/star-wars-bounty-hunter-remaster/
Fairy Tail 2,"Nintendo Switch, PC, PlayStation 5, PlayStation 4",13/12/2024,68,6.8,26,29,Koei Tecmo Games,RPG,T,https://www.metacritic.com/game/fairy-tail-2/
Life Eater,PC,16/04/2024,68,,9,0,Strange Scaffold,Adventure,Not Rated,https://www.metacritic.com/game/life-eater/
Dustborn,Unknown,20/08/2024,68,1.2,24,0,Unknown,Unknown,M,https://www.metacritic.com/game/dustborn/
The Thing: Remastered,"PC, Xbox Series X, PlayStation 5, Nintendo Switch, Xbox One, PlayStation 4",05/12/2024,67,7.2,18,34,Nightdive Studios,Survival,M,https://www.metacritic.com/game/the-thing-remastered/
Open Roads,"PC, PlayStation 5, Xbox Series X, Nintendo Switch, PlayStation 4, Xbox One",28/03/2024,67,6.3,32,59,Annapurna Interactive,Adventure,Not Rated,https://www.metacritic.com/game/open-roads/
A Quiet Place: The Road Ahead,"PlayStation 5, Xbox Series X, PC",17/10/2024,67,6.9,33,176,Saber Interactive,Survival,M,https://www.metacritic.com/game/a-quiet-place-the-road-ahead/
SpongeBob SquarePants: The Patrick Star Game,"Nintendo Switch, Xbox Series X, Xbox One, PlayStation 5, PlayStation 4, PC",04/10/2024,67,6.3,8,44,Outright Games,3D Platformer,E,https://www.metacritic.com/game/spongebob-squarepants-the-patrick-star-game/
War Hospital,"PC, PlayStation 5, Xbox Series X",11/01/2024,67,4.7,16,12,Nacon,Real-Time Strategy,T,https://www.metacritic.com/game/war-hospital/
Apartment Story,PC,26/09/2024,67,,8,0,Blue Rider Interactive,Third-Person Adventure,Not Rated,https://www.metacritic.com/game/apartment-story/
SCHiM,"PC, Nintendo Switch, PlayStation 5, PlayStation 4, Xbox Series X, Xbox One",18/07/2024,67,6,19,12,"Extra Nice, Playism",3D Platformer,Not Rated,https://www.metacritic.com/game/schim/
XDefiant,Unknown,21/05/2024,67,4.7,17,0,Unknown,Unknown,T,https://www.metacritic.com/game/xdefiant/
Hot Lap Racing,"PC, Nintendo Switch",16/07/2024,67,7.1,8,14,"Maximum Games, Maximum Entertainment, 3goo",Auto Racing,RP,https://www.metacritic.com/game/hot-lap-racing/
NHL 25,"PlayStation 5, Xbox Series X",04/10/2024,66,2.8,18,73,Electronic Arts,Hockey Sim,Not Rated,https://www.metacritic.com/game/nhl-25/
Copycat,"PC, Xbox Series X, PlayStation 5",19/09/2024,66,6.5,13,25,"Neverland Entertainment, Nuuvem",Third-Person Adventure,E10+,https://www.metacritic.com/game/copycat/
Teenage Mutant Ninja Turtles: Mutants Unleashed,"PC, Nintendo Switch, Xbox Series X, Xbox One, PlayStation 5, PlayStation 4",18/10/2024,66,4.5,7,51,Outright Games,Action Adventure,E10+,https://www.metacritic.com/game/teenage-mutant-ninja-turtles-mutants-unleashed/
VED,"PC, Nintendo Switch, Xbox One, PlayStation 4, PlayStation 5, Xbox Series X",14/11/2024,66,,7,4,Fulqrum Publishing,RPG,Not Rated,https://www.metacritic.com/game/ved/
Harry Potter: Quidditch Champions,"PlayStation 5, Xbox Series X, PC, PlayStation 4, Xbox One, Nintendo Switch",03/09/2024,66,5.5,31,156,"Warner Bros. Interactive Entertainment, Warner Bros. Games",Team Sports,T,https://www.metacritic.com/game/harry-potter-quidditch-champions/
Mirthwood,PC,06/11/2024,66,5.5,8,6,V Publishing,RPG,Not Rated,https://www.metacritic.com/game/mirthwood/
Noreya: The Gold Project,PC,21/06/2024,65,,7,0,Pixelheart,Metroidvania,Not Rated,https://www.metacritic.com/game/noreya-the-gold-project/
The Legend of Legacy HD Remastered,"PlayStation 5, PlayStation 4, PC, Nintendo Switch",22/03/2024,65,,13,0,"NIS America, FuRyu",JRPG,E10+,https://www.metacritic.com/game/the-legend-of-legacy-hd-remastered/
Phantom Fury,"Nintendo Switch, PC, PlayStation 5, Xbox Series X",23/04/2024,65,5.9,24,22,3D Realms,FPS,Not Rated,https://www.metacritic.com/game/phantom-fury/
The Jackbox Naughty Pack,"PC, PlayStation 5, Xbox Series X, Nintendo Switch, Xbox One, PlayStation 4",12/09/2024,65,5,9,6,"Jackbox Games, Inc.",Party,Not Rated,https://www.metacritic.com/game/the-jackbox-naughty-pack/
G.I. Joe: Wrath of Cobra,"Nintendo Switch, PC, PlayStation 5, Xbox Series X, PlayStation 4",26/09/2024,65,,13,0,"indie.io, Freedom Games",2D Beat-'Em-Up,E10+,https://www.metacritic.com/game/gi-joe-wrath-of-cobra/
Graven,"PC, Nintendo Switch, PlayStation 5, Xbox Series X, PlayStation 4, Xbox One",23/01/2024,65,6.9,17,9,3D Realms,Action Adventure,Not Rated,https://www.metacritic.com/game/graven/
Deathbound,"PC, Xbox Series X, PlayStation 5",08/08/2024,65,6.4,13,33,Tate Multimedia,Action RPG,Not Rated,https://www.metacritic.com/game/deathbound/
Lunar Lander Beyond,"PlayStation 5, Xbox Series X, PC, PlayStation 4, Xbox One, Nintendo Switch",23/04/2024,65,6,8,5,Atari,Space Sim,E10+,https://www.metacritic.com/game/lunar-lander-beyond/
Akimbot,"PlayStation 5, Xbox Series X, PC",29/08/2024,65,7.2,16,15,PLAION,Action Adventure,Not Rated,https://www.metacritic.com/game/akimbot/
Farmagia,"Nintendo Switch, PC, PlayStation 5",01/11/2024,64,5.5,7,10,"Marvelous Entertainment, Marvelous Inc., Marvelous Europe",Trainer RPG,T,https://www.metacritic.com/game/farmagia/
Parcel Corps,Unknown,03/10/2024,64,,11,0,Unknown,Unknown,E10+,https://www.metacritic.com/game/parcel-corps/
Chronique des Silencieux,PC,29/01/2024,64,,7,0,Pierre Feuille Studio,Point-and-Click,Not Rated,https://www.metacritic.com/game/chronique-des-silencieux/
Bleak Faith: Forsaken,"PC, PlayStation 4, Xbox Series X, PlayStation 5",06/08/2024,63,6.3,13,49,Perp Games,Action RPG,M,https://www.metacritic.com/game/bleak-faith-forsaken/
SPYxANYA: Operation Memories,"Nintendo Switch, PC, PlayStation 5, PlayStation 4",28/06/2024,63,8,10,4,Bandai Namco Games,Third-Person Adventure,Not Rated,https://www.metacritic.com/game/spyxanya-operation-memories/
Yars Rising,"Nintendo Switch, PC, Xbox Series X, Xbox One, PlayStation 5, PlayStation 4",10/09/2024,63,6.6,12,11,Atari,Metroidvania,Not Rated,https://www.metacritic.com/game/yars-rising/
Felix the Cat,"Nintendo Switch, PlayStation 5, PlayStation 4",28/03/2024,63,6.3,8,13,"Konami, Limited Run Games",2D Platformer,E,https://www.metacritic.com/game/felix-the-cat/
Alone in the Dark,"PC, PlayStation 5, Xbox Series X",20/03/2024,63,7.1,77,459,THQ Nordic,Survival,M,https://www.metacritic.com/game/alone-in-the-dark/
Mythwrecked: Ambrosia Island,"PC, Nintendo Switch, Xbox Series X, Xbox One, PlayStation 4, PlayStation 5",05/12/2024,63,5.8,10,21,Whitethorn Digital,Third-Person Adventure,Not Rated,https://www.metacritic.com/game/mythwrecked-ambrosia-island/
Once Alive,PC,18/11/2024,63,6.9,7,15,GameDev.ist,First-Person Adventure,Not Rated,https://www.metacritic.com/game/once-alive/
Squirrel with a Gun,"PC, Xbox Series X, PlayStation 5, Nintendo Switch 2",29/08/2024,63,6.4,17,33,Maximum Entertainment,Third Person Shooter,Not Rated,https://www.metacritic.com/game/squirrel-with-a-gun/
Autopsy Simulator,"PC, PlayStation 5, Xbox Series X",06/06/2024,63,5,8,11,Team17,Virtual Career,Not Rated,https://www.metacritic.com/game/autopsy-simulator/
Tiebreak: The Official Game of the ATP and WTA,"Nintendo Switch, PlayStation 5, Xbox Series X, PC, PlayStation 4, Xbox One",22/08/2024,62,7.5,11,29,"Nacon, 3goo",Tennis,E,https://www.metacritic.com/game/tiebreak-the-official-game-of-the-atp-and-wta/
Concord,"PlayStation 5, PC",23/08/2024,62,1.7,46,1302,Sony Interactive Entertainment,Tactical FPS,T,https://www.metacritic.com/game/concord/
Starfield: Shattered Space,"Xbox Series X, PC",30/09/2024,62,4.9,24,173,Bethesda Softworks,Western RPG,Not Rated,https://www.metacritic.com/game/starfield-shattered-space/
Slitterhead,"PC, PlayStation 5, PlayStation 4, Xbox Series X",08/11/2024,62,7.6,38,95,"Bokeh Game Studio, XSEED Games",Survival,M,https://www.metacritic.com/game/slitterhead/
Mortal Kombat 1: Khaos Reigns,"Nintendo Switch, PC, PlayStation 5, Xbox Series X",24/09/2024,61,4.4,18,58,Warner Bros. Interactive Entertainment,2D Fighting,M,https://www.metacritic.com/game/mortal-kombat-1-khaos-reigns/
Astor: Blade of the Monolith,"Nintendo Switch, PC, PlayStation 5, PlayStation 4, Xbox Series X, Xbox One",30/05/2024,61,8.2,12,13,Versus Evil,Action RPG,Not Rated,https://www.metacritic.com/game/astor-blade-of-the-monolith/
Starship Troopers: Extermination,"PC, Xbox Series X, PlayStation 5",11/10/2024,61,5.4,14,14,"Offworld Industries, Knights Peak",FPS,Not Rated,https://www.metacritic.com/game/starship-troopers-extermination/
Broken Roads,"PC, Nintendo Switch, PlayStation 5, Xbox Series X, Xbox One, PlayStation 4",10/04/2024,61,5.4,38,16,Versus Evil,Western RPG,Not Rated,https://www.metacritic.com/game/broken-roads/
Rose & Camellia Collection,Nintendo Switch,16/04/2024,60,7.8,10,5,"WayForward, Limited Run Games, Playism, SUPERDELUXE GAMES",Compilation,T,https://www.metacritic.com/game/rose-and-camellia-collection/
Flint: Treasure of Oblivion,"PlayStation 5, Xbox Series X, PC",17/12/2024,60,5.6,17,17,Microids,Turn-Based Tactics,Not Rated,https://www.metacritic.com/game/flint-treasure-of-oblivion/
Endless Ocean Luminous,Nintendo Switch,02/05/2024,60,5.4,66,78,Nintendo,Third-Person Adventure,E,https://www.metacritic.com/game/endless-ocean-luminous/
Suicide Squad: Kill The Justice League,"PlayStation 5, Xbox Series X, PC",02/02/2024,60,3.5,91,2196,Warner Bros. Interactive Entertainment,Third Person Shooter,M,https://www.metacritic.com/game/suicide-squad-kill-the-justice-league/
Critter Cafe,"Nintendo Switch, PC",26/11/2024,60,,8,0,Secret Mode,Action Adventure,Not Rated,https://www.metacritic.com/game/critter-cafe/
Skull and Bones,"PC, Xbox Series X, PlayStation 5",16/02/2024,59,3.3,51,753,Ubisoft,Action Adventure,M,https://www.metacritic.com/game/skull-and-bones/
Unknown 9: Awakening,"Xbox Series X, PlayStation 5, PC, Xbox One, PlayStation 4",18/10/2024,59,1.9,45,286,Bandai Namco Games,Linear Action Adventure,T,https://www.metacritic.com/game/unknown-9-awakening/
South Park: Snow Day!,"PlayStation 5, Xbox Series X, PC, Nintendo Switch",26/03/2024,59,4.5,60,156,THQ Nordic,Third Person Shooter,M,https://www.metacritic.com/game/south-park-snow-day/
The Spirit of the Samurai,PC,12/12/2024,59,6.5,20,20,Kwalee Ltd,Metroidvania,Not Rated,https://www.metacritic.com/game/the-spirit-of-the-samurai/
Crown Wars: The Black Prince,"PlayStation 5, Xbox Series X, PC, Nintendo Switch",23/05/2024,59,5,13,5,Nacon,Turn-Based Tactics,M,https://www.metacritic.com/game/crown-wars-the-black-prince/
Undead Inc.,PC,02/05/2024,59,,7,0,Team17,Tycoon,Not Rated,https://www.metacritic.com/game/undead-inc/
Neptunia Game Maker R:Evolution,"Nintendo Switch, PlayStation 4, PlayStation 5, Xbox Series X, PC",14/05/2024,58,8.3,11,8,"Idea Factory, Compile Heart, Reef Entertainment",JRPG,T,https://www.metacritic.com/game/neptunia-game-maker-revolution/
Pac-Man Mega Tunnel Battle: Chomp Champs,"PlayStation 5, Xbox Series X, PC, PlayStation 4, Nintendo Switch, Xbox One",09/05/2024,58,5.4,10,5,Bandai Namco Games,Arcade,E,https://www.metacritic.com/game/pac-man-mega-tunnel-battle-chomp-champs/
The Inquisitor,"PlayStation 5, Xbox Series X, PC",08/02/2024,58,6.2,10,39,Kalypso,Action Adventure,Not Rated,https://www.metacritic.com/game/the-inquisitor/
Star Wars: Battlefront Classic Collection,"Nintendo Switch, PlayStation 5, PlayStation 4, Xbox Series X, Xbox One, PC",14/03/2024,58,3.1,18,83,Aspyr,Compilation,T,https://www.metacritic.com/game/star-wars-battlefront-classic-collection/
REYNATIS,"Nintendo Switch, PlayStation 5, PlayStation 4, PC",27/09/2024,58,6.2,21,32,"NIS America, FuRyu",Action RPG,T,https://www.metacritic.com/game/reynatis/
The First Descendant,"Xbox Series X, PlayStation 5, PC, Xbox One, PlayStation 4",30/06/2024,57,6.2,22,356,Nexon,Third Person Shooter,M,https://www.metacritic.com/game/the-first-descendant/
Goblin Slayer Another Adventurer: Nightmare Feast,"Nintendo Switch, PC",15/11/2024,57,,8,0,"Red Art Games, BushiRoad",Turn-Based Tactics,T,https://www.metacritic.com/game/goblin-slayer-another-adventurer-nightmare-feast/
Foamstars,Unknown,06/02/2024,57,6.8,34,0,Unknown,Unknown,T,https://www.metacritic.com/game/foamstars/
Elrentaros Wanderings,"Nintendo Switch, PC",16/08/2024,57,,12,0,"Red Art Games, BushiRoad",Action RPG,T,https://www.metacritic.com/game/elrentaros-wanderings/
Skydance's BEHEMOTH,"PC, PlayStation 5, Meta Quest",05/12/2024,56,7.7,13,43,"Skydance Interactive, Maximum Entertainment",Action Adventure,M,https://www.metacritic.com/game/skydances-behemoth/
Star Wars: Hunters,"Nintendo Switch, iOS (iPhone/iPad), PC",04/06/2024,56,6.4,11,59,Zynga,Tactical Third Person Shooter,T,https://www.metacritic.com/game/star-wars-hunters/
Sker Ritual,"PC, PlayStation 5, Xbox Series X, PlayStation 4",18/04/2024,55,6.5,9,18,Wales Interactive,Survival,M,https://www.metacritic.com/game/sker-ritual/
Funko Fusion,"PlayStation 5, Xbox Series X, PC, PlayStation 4, Nintendo Switch",13/09/2024,54,6,37,90,"10:10 Games, Funko Games, Soft Source Pte Ltd",Action Adventure,T,https://www.metacritic.com/game/funko-fusion/
Test Drive Unlimited Solar Crown,"PC, PlayStation 5, Xbox Series X",12/09/2024,53,4,29,118,"Nacon, 3goo",Auto Racing Sim,T,https://www.metacritic.com/game/test-drive-unlimited-solar-crown/
Teenage Mutant Ninja Turtles Arcade: Wrath of the Mutants,"PlayStation 5, Xbox Series X, PC, PlayStation 4, Xbox One, Nintendo Switch",23/04/2024,53,5.5,17,20,GameMill Entertainment,2D Beat-'Em-Up,E10+,https://www.metacritic.com/game/teenage-mutant-ninja-turtles-arcade-wrath-of-the/
Die by the Blade,"PC, PlayStation 5, PlayStation 4, Xbox Series X, Xbox One, Nintendo Switch",16/05/2024,53,3,13,4,Grindstone,3D Fighting,Not Rated,https://www.metacritic.com/game/die-by-the-blade/
Silent Hill: The Short Message,PlayStation 5,31/01/2024,52,6.1,22,681,Konami,Survival,M,https://www.metacritic.com/game/silent-hill-the-short-message/
Pneumata,"PC, PlayStation 5, Xbox Series X, Xbox One, PlayStation 4",19/09/2024,52,4.4,7,15,Perp Games,Survival,Not Rated,https://www.metacritic.com/game/pneumata/
Taxi Life: A City Driving Simulator,"PC, Xbox Series X, PlayStation 5",07/03/2024,51,4.7,7,23,Nacon,Vehicle Sim,E,https://www.metacritic.com/game/taxi-life-a-city-driving-simulator/
Looney Tunes: Wacky World of Sports,"Nintendo Switch, Xbox Series X, PlayStation 4, PlayStation 5, PC, Xbox One",27/09/2024,47,6.6,9,19,GameMill Entertainment,Sports,E,https://www.metacritic.com/game/looney-tunes-wacky-world-of-sports/
Jujutsu Kaisen: Cursed Clash,"PlayStation 5, Xbox Series X, PC, PlayStation 4, Xbox One, Nintendo Switch",02/02/2024,44,4.3,19,188,Bandai Namco Games,3D Fighting,T,https://www.metacritic.com/game/jujutsu-kaisen-cursed-clash/
The Legend of Zelda: Tears of the Kingdom - Nintendo Switch 2 Edition,Nintendo Switch 2,05/06/2025,95,8.3,16,852,Nintendo,Open-World Action,E10+,https://www.metacritic.com/game/the-legend-of-zelda-tears-of-the-kingdom-nintendo/
Hades II,"PC, Nintendo Switch, Nintendo Switch 2",25/09/2025,95,8.6,55,1153,Supergiant Games,Action RPG,T,https://www.metacritic.com/game/hades-ii/
The Legend of Zelda: Breath of the Wild - Nintendo Switch 2 Edition,Nintendo Switch 2,05/06/2025,94,8.5,16,727,Nintendo,Open-World Action,E10+,https://www.metacritic.com/game/the-legend-of-zelda-breath-of-the-wild-nintendo/
Clair Obscur: Expedition 33,"Xbox Series X, PC, PlayStation 5",24/04/2025,92,9.6,86,23136,"Kepler Interactive, Maximum Entertainment",JRPG,M,https://www.metacritic.com/game/clair-obscur-expedition-33/
Blue Prince,"PC, PlayStation 5, Xbox Series X",10/04/2025,92,7.8,64,817,Raw Fury,First-Person Adventure,Not Rated,https://www.metacritic.com/game/blue-prince/
Split Fiction,"PC, PlayStation 5, Xbox Series X, Nintendo Switch 2",06/03/2025,91,8.6,116,1961,"EA Originals, Electronic Arts",Linear Action Adventure,T,https://www.metacritic.com/game/split-fiction/
Donkey Kong Bananza,Nintendo Switch 2,17/07/2025,91,9,147,2585,Nintendo,3D Platformer,E10+,https://www.metacritic.com/game/donkey-kong-bananza/
Hollow Knight: Silksong,"Nintendo Switch, PC, PlayStation 5, Xbox Series X, Xbox One, PlayStation 4, Nintendo Switch 2",04/09/2025,90,8.9,48,6315,Team Cherry,Metroidvania,Not Rated,https://www.metacritic.com/game/hollow-knight-silksong/
despelote,"PC, PlayStation 5, Xbox Series X, PlayStation 4, Xbox One, Nintendo Switch",01/05/2025,89,6.2,20,89,Panic Inc.,Adventure,Not Rated,https://www.metacritic.com/game/despelote/
The Talos Principle: Reawakened,"PlayStation 5, Xbox Series X, PC",10/04/2025,89,6.6,14,76,Devolver Digital,First-Person Adventure,Not Rated,https://www.metacritic.com/game/the-talos-principle-reawakened/
The Seance of Blake Manor,PC,27/10/2025,89,7.9,16,13,Raw Fury,First-Person Adventure,Not Rated,https://www.metacritic.com/game/the-seance-of-blake-manor/
Death Stranding 2: On The Beach,PlayStation 5,26/06/2025,89,8.8,152,3354,"Sony Interactive Entertainment, PlayStation Studios",Open-World Action,M,https://www.metacritic.com/game/death-stranding-2-on-the-beach/
Kingdom Come: Deliverance II,"PC, PlayStation 5, Xbox Series X",04/02/2025,88,8.7,78,4164,Deep Silver,Action RPG,M,https://www.metacritic.com/game/kingdom-come-deliverance-ii/
Monster Hunter Wilds,"PC, Xbox Series X, PlayStation 5",28/02/2025,88,7.1,110,1391,Capcom,Action RPG,T,https://www.metacritic.com/game/monster-hunter-wilds/
Abiotic Factor,"PC, PlayStation 5, Xbox Series X",22/07/2025,88,8.3,7,73,Playstack,Survival,Not Rated,https://www.metacritic.com/game/abiotic-factor/
Trails in the Sky 1st Chapter,"Nintendo Switch, PC, PlayStation 5, Nintendo Switch 2",19/09/2025,88,9,33,380,"GungHo, Falcom, Clear River Games",JRPG,T,https://www.metacritic.com/game/trails-in-the-sky-1st-chapter/
Simogo Legacy Collection,"Nintendo Switch, PC, Nintendo Switch 2",02/12/2025,88,,7,0,Simogo,Compilation,Not Rated,https://www.metacritic.com/game/simogo-legacy-collection/
Sektori,"PC, PlayStation 5, Xbox Series X",18/11/2025,88,7.7,7,19,Kimmo Factor,Top-Down Shoot-'Em-Up,E,https://www.metacritic.com/game/sektori/
Sword of the Sea,"PlayStation 5, PC",19/08/2025,88,8.5,30,280,Giant Squid,Action Adventure,E10+,https://www.metacritic.com/game/sword-of-the-sea/
FINAL FANTASY TACTICS - The Ivalice Chronicles,"PlayStation 5, PlayStation 4, Xbox Series X, PC, Nintendo Switch, Nintendo Switch 2",30/09/2025,88,7.3,85,151,Square Enix,Turn-Based Tactics,T,https://www.metacritic.com/game/final-fantasy-tactics-the-ivalice-chronicles/
Monster Train 2,"PC, Xbox Series X, PlayStation 5, Nintendo Switch",21/05/2025,87,8,35,62,Big Fan Games,Card Battle,Not Rated,https://www.metacritic.com/game/monster-train-2/
Shinobi: Art of Vengeance,"PC, PlayStation 5, PlayStation 4, Nintendo Switch, Xbox Series X, Xbox One",29/08/2025,87,8.5,59,166,"Sega, Limited Run Games",2D Platformer,T,https://www.metacritic.com/game/shinobi-art-of-vengeance/
Super Mario Galaxy + Super Mario Galaxy 2,Nintendo Switch,02/10/2025,87,7.5,83,245,Nintendo,Compilation,E,https://www.metacritic.com/game/super-mario-galaxy-plus-super-mario-galaxy-2/
Skate Story,"PC, PlayStation 5, Nintendo Switch 2",08/12/2025,87,7.5,26,33,Devolver Digital,Skating,Not Rated,https://www.metacritic.com/game/skate-story/
Pipistrello and the Cursed Yoyo,"PC, PlayStation 5, Xbox Series X, Nintendo Switch, PlayStation 4",28/05/2025,87,8.3,18,44,PM Studios Inc.,Action Adventure,Not Rated,https://www.metacritic.com/game/pipistrello-and-the-cursed-yoyo/
Lumines Arise,"PlayStation 5, PC",11/11/2025,87,7.9,34,18,Enhance Games,Stacking Puzzle,Not Rated,https://www.metacritic.com/game/lumines-arise/
Cross Blitz,PC,24/11/2025,87,,7,0,The Arcade Crew,Card Battle,Not Rated,https://www.metacritic.com/game/cross-blitz/
Dispatch,"PC, PlayStation 5, Nintendo Switch, Nintendo Switch 2",22/10/2025,87,9,69,1708,AdHoc Studio,Adventure,Not Rated,https://www.metacritic.com/game/dispatch/
Xenoblade Chronicles X: Definitive Edition,Nintendo Switch,20/03/2025,87,8.4,96,364,Nintendo,Action RPG,T,https://www.metacritic.com/game/xenoblade-chronicles-x-definitive-edition/
Absolum,"PlayStation 5, Nintendo Switch, PC, PlayStation 4",09/10/2025,87,8.2,55,152,DotEmu,2D Beat-'Em-Up,Not Rated,https://www.metacritic.com/game/absolum/
Lonely Mountains: Snow Riders,"PC, Xbox Series X, PlayStation 5",21/01/2025,87,6.6,9,48,Megagon Industries,Skiing,Not Rated,https://www.metacritic.com/game/lonely-mountains-snow-riders/
The Roottrees are Dead,PC,15/01/2025,86,7.4,14,39,Evil Trout,Point-and-Click,Not Rated,https://www.metacritic.com/game/the-roottrees-are-dead/
Street Fighter 6: Years 1-2 Fighters Edition,"Nintendo Switch 2, PlayStation 5, Xbox Series X, PlayStation 4, PC",05/06/2025,86,7.8,21,44,Capcom,2D Fighting,T,https://www.metacritic.com/game/street-fighter-6-years-1-2-fighters-edition/
Deep Rock Galactic: Survivor,"PC, Xbox Series X, iOS (iPhone/iPad)",17/09/2025,86,7.5,11,31,Ghost Ship Publishing,Top-Down Shoot-'Em-Up,Not Rated,https://www.metacritic.com/game/deep-rock-galactic-survivor/
Mario Kart World,Nintendo Switch 2,05/06/2025,86,6.9,137,3081,Nintendo,Auto Racing,E,https://www.metacritic.com/game/mario-kart-world/
Heretic + Hexen,"PlayStation 5, Xbox Series X, PC, Nintendo Switch, PlayStation 4, Xbox One",07/08/2025,86,6.8,9,4,"Bethesda Softworks, Limited Run Games",Compilation,T,https://www.metacritic.com/game/heretic-plus-hexen/
Ghost of Yotei,PlayStation 5,02/10/2025,86,8.1,138,2658,Sony Interactive Entertainment,Open-World Action,M,https://www.metacritic.com/game/ghost-of-yotei/
ARC Raiders,"PC, PlayStation 5, Xbox Series X",30/10/2025,86,7.8,63,1228,Embark Studios,Third Person Shooter,Not Rated,https://www.metacritic.com/game/arc-raiders/
Silent Hill f,"PlayStation 5, Xbox Series X, PC",25/09/2025,86,6.8,102,1717,Konami,Survival,M,https://www.metacritic.com/game/silent-hill-f/
Sea of Stars: Throes of the Watchmaker,"Nintendo Switch, PC, PlayStation 5, Xbox Series X, PlayStation 4, Xbox One",20/05/2025,86,7.8,14,46,Sabotage Studio,JRPG,Not Rated,https://www.metacritic.com/game/sea-of-stars-throes-of-the-watchmaker/
DELTARUNE,"PC, Nintendo Switch 2, Nintendo Switch, PlayStation 5, PlayStation 4",05/06/2025,86,9,8,327,08-Apr,JRPG,T,https://www.metacritic.com/game/deltarune/
Age of Mythology: Retold - Immortal Pillars,"PlayStation 5, PC, Xbox Series X",04/03/2025,86,8.3,7,28,Xbox Game Studios,Real-Time Strategy,T,https://www.metacritic.com/game/age-of-mythology-retold-immortal-pillars/
StarVaders,"PC, Nintendo Switch",30/04/2025,85,8,16,23,"Joystick Ventures, StarVaders Games",Card Battle,Not Rated,https://www.metacritic.com/game/starvaders/
Yakuza 0: Director's Cut,"Nintendo Switch 2, PlayStation 5, PC, Xbox Series X",05/06/2025,85,7.6,43,79,Sega,Open-World Action,M,https://www.metacritic.com/game/yakuza-0-directors-cut/
Metal Gear Solid Delta: Snake Eater,"PlayStation 5, Xbox Series X, PC",28/08/2025,85,7.7,97,734,Konami,Action Adventure,M,https://www.metacritic.com/game/metal-gear-solid-delta-snake-eater/
Europa Universalis V,PC,04/11/2025,85,8.4,31,73,Paradox Interactive,Real-Time Strategy,Not Rated,https://www.metacritic.com/game/europa-universalis-v/
Pioneers of Pagonia,PC,11/12/2025,85,5.4,9,14,Envision Entertainment,Management,Not Rated,https://www.metacritic.com/game/pioneers-of-pagonia/
Earthion,"Xbox Series X, PlayStation 5, PC, Nintendo Switch, PlayStation 4, Xbox One",31/07/2025,85,8.6,12,15,Limited Run Games,Horizontal Shoot-'Em-Up,Not Rated,https://www.metacritic.com/game/earthion/
Citizen Sleeper 2: Starward Vector,"PC, Xbox Series X, Nintendo Switch, PlayStation 5",31/01/2025,85,7.4,45,71,Fellow Traveller,Western RPG,Not Rated,https://www.metacritic.com/game/citizen-sleeper-2-starward-vector/
Lies of P: Overture,"PlayStation 5, PlayStation 4, PC, Xbox Series X",06/06/2025,85,8.1,23,395,Neowiz,Action RPG,Not Rated,https://www.metacritic.com/game/lies-of-p-overture/
Cyberpunk 2077: Ultimate Edition,"PlayStation 5, Xbox Series X, PC, Xbox One, Nintendo Switch 2",05/06/2025,85,8.6,44,542,"CD Projekt Red Studio, Spike Chunsoft, Bandai Namco Games, H2 Interactive Co., Ltd.",Action RPG,M,https://www.metacritic.com/game/cyberpunk-2077-ultimate-edition/
The Alters,"PC, Xbox Series X, PlayStation 5",13/06/2025,85,8.3,66,545,"11 bit studios, Silver Lining Interactive",Survival,Not Rated,https://www.metacritic.com/game/the-alters/
The Hundred Line: Last Defense Academy,"Nintendo Switch, PC",24/04/2025,85,8.2,26,149,"Marvelous Inc., XSEED Games, Aniplex Inc., Justdan",Turn-Based Tactics,M,https://www.metacritic.com/game/the-hundred-line-last-defense-academy/
Kingdom Come: Deliverance II - Mysteria Ecclesiae,"PC, PlayStation 5, Xbox Series X",11/11/2025,85,7.5,9,42,Deep Silver,Action RPG,Not Rated,https://www.metacritic.com/game/kingdom-come-deliverance-ii-mysteria-ecclesiae/
Anno 117: Pax Romana,"PC, Xbox Series X, PlayStation 5",13/11/2025,84,7,65,116,Ubisoft,Management,T,https://www.metacritic.com/game/anno-117-pax-romana/
Farthest Frontier,PC,23/10/2025,84,7.5,11,15,Crate Entertainment,Management,Not Rated,https://www.metacritic.com/game/farthest-frontier/
Two Point Museum,"PlayStation 5, Xbox Series X, PC, Nintendo Switch 2",04/03/2025,84,8.1,64,59,Sega,Tycoon,E,https://www.metacritic.com/game/two-point-museum/
BALL x PIT,"Xbox Series X, Nintendo Switch, PC, PlayStation 5, Nintendo Switch 2",15/10/2025,84,8.3,42,160,Devolver Digital,Vertical Shoot-'Em-Up,Not Rated,https://www.metacritic.com/game/ball-x-pit/
System Shock 2: 25th Anniversary Remaster,"PC, PlayStation 5, Xbox Series X, PlayStation 4, Xbox One, Nintendo Switch",26/06/2025,84,8.4,18,33,Nightdive Studios,Survival,M,https://www.metacritic.com/game/system-shock-2-25th-anniversary-remaster/
s.p.l.i.t,PC,24/07/2025,84,7.6,7,13,Mike Klubnika,Adventure,Not Rated,https://www.metacritic.com/game/split-2/
Octopath Traveler 0,"Nintendo Switch 2, Nintendo Switch, PlayStation 5, PlayStation 4, Xbox Series X, PC",04/12/2025,84,7.1,36,22,Square Enix,JRPG,T,https://www.metacritic.com/game/octopath-traveler-0/
Dragon Quest I & II HD-2D Remake,"Nintendo Switch, PC, PlayStation 5, Nintendo Switch 2, Xbox Series X",30/10/2025,84,7.2,51,53,Square Enix,JRPG,E10+,https://www.metacritic.com/game/dragon-quest-i-and-ii-hd-2d-remake/
Keep Driving,PC,06/02/2025,84,7.4,24,34,YCJY Games,RPG,Not Rated,https://www.metacritic.com/game/keep-driving/
Ninja Gaiden: Ragebound,"PC, Nintendo Switch, PlayStation 5, Xbox Series X, Xbox One, PlayStation 4",31/07/2025,84,7.9,66,178,DotEmu,2D Platformer,Not Rated,https://www.metacritic.com/game/ninja-gaiden-ragebound/
News Tower,PC,18/11/2025,84,8.3,15,4,Twin Sails Interactive,Tycoon,Not Rated,https://www.metacritic.com/game/news-tower/
Gradius Origins,Unknown,07/08/2025,84,7.8,17,0,Unknown,Unknown,E10+,https://www.metacritic.com/game/gradius-origins/
Senua's Saga: Hellblade II - Enhanced,"PlayStation 5, PC, Xbox Series X",12/08/2025,84,7,23,79,"Microsoft Corporation, Limited Run Games",Action Adventure,M,https://www.metacritic.com/game/senuas-saga-hellblade-ii-enhanced/
Bravely Default: Flying Fairy HD Remaster,Nintendo Switch 2,05/06/2025,84,7.1,59,64,Square Enix,JRPG,T,https://www.metacritic.com/game/bravely-default-flying-fairy-hd-remaster/
Shape of Dreams,PC,10/09/2025,84,7.3,7,11,Neowiz,Action RPG,Not Rated,https://www.metacritic.com/game/shape-of-dreams/
The Drifter,"Nintendo Switch, PC",17/07/2025,84,8.4,43,34,Powerhoof,Point-and-Click,Not Rated,https://www.metacritic.com/game/the-drifter/
ENDER MAGNOLIA: Bloom in the Mist,"Nintendo Switch, PC, PlayStation 5, PlayStation 4, Xbox Series X, Xbox One",22/01/2025,84,8.2,25,138,Binary Haze Interactive,Metroidvania,T,https://www.metacritic.com/game/ender-magnolia-bloom-in-the-mist/
Quartet,PC,26/08/2025,84,8,10,7,Something Classic Games,JRPG,Not Rated,https://www.metacritic.com/game/quartet-2021/
Mortal Kombat: Legacy Kollection,"PlayStation 4, PlayStation 5, Nintendo Switch 2, PC, Nintendo Switch, Xbox Series X, Xbox One",30/10/2025,84,5.3,25,58,"Digital Eclipse, Atari",Compilation,M,https://www.metacritic.com/game/mortal-kombat-legacy-kollection/
DOOM: The Dark Ages,"Xbox Series X, PC, PlayStation 5",15/05/2025,83,7.9,70,528,"Bethesda Softworks, Microsoft Corporation",FPS,M,https://www.metacritic.com/game/doom-the-dark-ages/
The Outer Worlds 2,"Xbox Series X, PC, PlayStation 5",29/10/2025,83,6.9,59,531,Xbox Game Studios,Western RPG,M,https://www.metacritic.com/game/the-outer-worlds-2/
Battlefield 6,"PlayStation 5, Xbox Series X, PC",10/10/2025,83,7,74,1710,Electronic Arts,Tactical FPS,M,https://www.metacritic.com/game/battlefield-6/
Dawnfolk,Unknown,13/02/2025,83,7.5,7,0,Unknown,Unknown,Not Rated,https://www.metacritic.com/game/dawnfolk/
Kirby and the Forgotten Land: Nintendo Switch 2 Edition + Star-Crossed World,Nintendo Switch 2,28/08/2025,83,8.5,84,120,Nintendo,3D Platformer,E10+,https://www.metacritic.com/game/kirby-and-the-forgotten-land-nintendo-switch-2/
Drop Duchy,PC,05/05/2025,83,6.5,16,13,The Arcade Crew,Turn-Based Strategy,Not Rated,https://www.metacritic.com/game/drop-duchy/
Atelier Ryza Secret Trilogy Deluxe Pack,"PlayStation 5, PC, Nintendo Switch, PlayStation 4, Nintendo Switch 2",13/11/2025,83,6.9,10,14,Koei Tecmo Games,Compilation,T,https://www.metacritic.com/game/atelier-ryza-secret-trilogy-deluxe-pack/
POPUCOM,"PlayStation 5, PC, Nintendo Switch",01/06/2025,83,8.1,10,14,Gryph Frontier,3D Platformer,Not Rated,https://www.metacritic.com/game/popucom/
MLB The Show 25,"PlayStation 5, Xbox Series X, Nintendo Switch",18/03/2025,83,5.4,32,78,Sony Interactive Entertainment,Baseball Sim,E,https://www.metacritic.com/game/mlb-the-show-25/
Death Howl,"PC, Nintendo Switch, PlayStation 5, Xbox Series X",09/12/2025,83,8.7,14,16,11 bit studios,Card Battle,Not Rated,https://www.metacritic.com/game/death-howl/
Story of Seasons: Grand Bazaar,"Nintendo Switch, PC, Nintendo Switch 2",27/08/2025,83,8.6,33,131,"XSEED Games, Marvelous Inc., Marvelous Europe",Virtual Life,E,https://www.metacritic.com/game/story-of-seasons-grand-bazaar/
Look Outside,PC,21/03/2025,83,8.9,14,66,Devolver Digital,JRPG,Not Rated,https://www.metacritic.com/game/look-outside/
Goodnight Universe,"PC, Nintendo Switch 2, Nintendo Switch, PlayStation 5, Xbox Series X",11/11/2025,83,7.8,11,8,Skybound Games,First-Person Adventure,Not Rated,https://www.metacritic.com/game/goodnight-universe/
Lost in Random: The Eternal Die,"PlayStation 5, Xbox Series X, PC, Nintendo Switch",17/06/2025,83,5.8,17,23,Thunderful,Action Adventure,Not Rated,https://www.metacritic.com/game/lost-in-random-the-eternal-die/
OFF,"PC, Nintendo Switch",15/08/2025,83,7.1,23,16,Fangamer,JRPG,T,https://www.metacritic.com/game/off/
PowerWash Simulator 2,"PlayStation 5, Xbox Series X, PC, Nintendo Switch 2",23/10/2025,82,7.3,37,30,FuturLab,Virtual Career,Not Rated,https://www.metacritic.com/game/powerwash-simulator-2/
Expelled!,"PC, Nintendo Switch, iOS (iPhone/iPad)",12/03/2025,82,7.3,15,8,inkle,Visual Novel,Not Rated,https://www.metacritic.com/game/expelled-2025/
Rosewater,PC,27/03/2025,82,6.9,12,12,Application Systems Heidelberg,Adventure,Not Rated,https://www.metacritic.com/game/rosewater/
Hell Clock,"PC, Nintendo Switch 2",22/07/2025,82,8.7,13,17,Mad Mushroom,Top-Down Shoot-'Em-Up,Not Rated,https://www.metacritic.com/game/hell-clock/
Tony Hawk's Pro Skater 3 + 4,"PlayStation 5, Xbox Series X, PC, PlayStation 4, Xbox One, Nintendo Switch, Nintendo Switch 2",11/07/2025,82,6.6,67,128,Activision,Compilation,T,https://www.metacritic.com/game/tony-hawks-pro-skater-3-plus-4/
Achilles: Survivor,"PC, PlayStation 4, Xbox One, Xbox Series X, PlayStation 5, Nintendo Switch",29/07/2025,82,6.6,8,12,Dark Point Games,Top-Down Shoot-'Em-Up,Not Rated,https://www.metacritic.com/game/achilles-survivor/
NBA 2K26,"PlayStation 5, PC, PlayStation 4, Nintendo Switch 2, Nintendo Switch, Xbox Series X, Xbox One",05/09/2025,82,4.7,43,87,"2K Games, Take-Two Interactive",Basketball Sim,E,https://www.metacritic.com/game/nba-2k26/
PEAK,PC,16/06/2025,82,7.7,11,147,Aggro Crab,Action Adventure,Not Rated,https://www.metacritic.com/game/peak/
Ninja Gaiden 4,"Xbox Series X, PC, PlayStation 5",21/10/2025,82,8.1,67,440,"Xbox Game Studios, Koei Tecmo Games",Action Adventure,Not Rated,https://www.metacritic.com/game/ninja-gaiden-4/
Sonic Racing: CrossWorlds,"PlayStation 5, Xbox Series X, PC, PlayStation 4, Xbox One, Nintendo Switch, Nintendo Switch 2",25/09/2025,82,8.8,84,743,Sega,Arcade Racing,E,https://www.metacritic.com/game/sonic-racing-crossworlds/
Crown Gambit,PC,18/06/2025,82,6.1,7,7,Playdigious,Card Battle,Not Rated,https://www.metacritic.com/game/crown-gambit/
Cataclismo,PC,20/03/2025,82,6.3,12,15,Hooded Horse,Defense,Not Rated,https://www.metacritic.com/game/cataclismo/
EA Sports College Football 26,"PlayStation 5, Xbox Series X",10/07/2025,82,4.6,23,90,Electronic Arts,Football Sim,E,https://www.metacritic.com/game/ea-sports-college-football-26/
HITMAN World of Assassination Part One - VR Edition,PlayStation 5,27/03/2025,82,8.1,12,54,Io Interactive,Action Adventure,Not Rated,https://www.metacritic.com/game/hitman-world-of-assassination-part-one-vr-edition/
Many Nights a Whisper,PC,29/04/2025,82,,7,0,Deconstructeam,Third-Person Adventure,Not Rated,https://www.metacritic.com/game/many-nights-a-whisper/
Kathy Rain 2: Soothsayer,PC,20/05/2025,82,8.9,15,7,Raw Fury,Point-and-Click,Not Rated,https://www.metacritic.com/game/kathy-rain-2-soothsayer/
Tales of Graces f Remastered,"Nintendo Switch, PlayStation 5, Xbox Series X, PC, PlayStation 4, Xbox One",17/01/2025,82,8.4,39,68,Bandai Namco Games,Action RPG,T,https://www.metacritic.com/game/tales-of-graces-f-remastered/
Fresh Tracks,"PC, Xbox Series X, PlayStation 5",26/08/2025,81,,8,0,Buffalo Buffalo,Rhythm,T,https://www.metacritic.com/game/fresh-tracks/
Escape Simulator 2,PC,27/10/2025,81,7.6,7,10,Pine Studio,First-Person Adventure,Not Rated,https://www.metacritic.com/game/escape-simulator-2/
Jurassic World Evolution 3,"PC, Xbox Series X, PlayStation 5",21/10/2025,81,8.8,26,41,Frontier Developments,Tycoon,Not Rated,https://www.metacritic.com/game/jurassic-world-evolution-3/
Strange Antiquities,"PC, Nintendo Switch",17/09/2025,81,6.7,12,8,Iceberg Interactive,Point-and-Click,Not Rated,https://www.metacritic.com/game/strange-antiquities/
Assassin's Creed Shadows,"PC, Xbox Series X, PlayStation 5, Nintendo Switch 2",20/03/2025,81,6.2,102,4431,Ubisoft,Open-World Action,M,https://www.metacritic.com/game/assassins-creed-shadows/
HASTE: Broken Worlds,PC,01/04/2025,81,7.5,7,31,LandFall,3D Platformer,Not Rated,https://www.metacritic.com/game/haste-broken-worlds/
LEGO Party!,"PlayStation 5, PlayStation 4, Xbox Series X, PC, Xbox One, Nintendo Switch",30/09/2025,81,9.3,12,20,Fictions,Party,E,https://www.metacritic.com/game/lego-party/
Borderlands 4,"PlayStation 5, Xbox Series X, PC, Nintendo Switch 2",12/09/2025,81,4.6,93,746,2K Games,FPS,M,https://www.metacritic.com/game/borderlands-4/
Capcom Fighting Collection 2,"Nintendo Switch, PC, PlayStation 4, Xbox One",16/05/2025,81,5.8,37,24,Capcom,Compilation,T,https://www.metacritic.com/game/capcom-fighting-collection-2/
Elroy And The Aliens,PC,02/04/2025,81,8.5,7,18,Motiviti,Point-and-Click,Not Rated,https://www.metacritic.com/game/elroy-and-the-aliens/
Bionic Bay,"PC, PlayStation 5",17/04/2025,81,7.6,18,13,Kepler Interactive,2D Platformer,E10+,https://www.metacritic.com/game/bionic-bay/
MARVEL Cosmic Invasion,"Nintendo Switch, PlayStation 5, Xbox Series X, PC, PlayStation 4, Nintendo Switch 2",01/12/2025,81,7.7,47,55,DotEmu,2D Beat-'Em-Up,Not Rated,https://www.metacritic.com/game/marvel-cosmic-invasion/
Back to the Dawn,"PC, Xbox Series X, Xbox One, Nintendo Switch 2, PlayStation 5, Nintendo Switch",18/07/2025,81,8,13,16,Spiral Up Games,Action Adventure,Not Rated,https://www.metacritic.com/game/back-to-the-dawn/
Constance,"PC, Nintendo Switch, Xbox Series X, PlayStation 5",24/11/2025,81,8,18,67,ByteRockers' Games,Metroidvania,Not Rated,https://www.metacritic.com/game/constance/
Rune Factory: Guardians of Azuma,"PC, Nintendo Switch, PlayStation 5, Xbox Series X, Nintendo Switch 2",05/06/2025,81,8.2,25,66,"Marvelous Inc., Marvelous Europe",Action RPG,T,https://www.metacritic.com/game/rune-factory-guardians-of-azuma/
Duck Detective: The Ghost of Glamping,"PC, Xbox Series X, Nintendo Switch, PlayStation 5, Xbox One",22/05/2025,81,7.8,8,12,Happy Broccoli Games,Adventure,Not Rated,https://www.metacritic.com/game/duck-detective-the-ghost-of-glamping/
Star Wars Outlaws: Gold Edition,Nintendo Switch 2,04/09/2025,81,7.2,27,102,Ubisoft,Open-World Action,T,https://www.metacritic.com/game/star-wars-outlaws-gold-edition/
Mark of the Deep,"PC, Nintendo Switch, Xbox Series X, PlayStation 5, Xbox One, PlayStation 4",24/01/2025,81,,7,0,Light Up Games,Action Adventure,Not Rated,https://www.metacritic.com/game/mark-of-the-deep/
SaGa Frontier 2 Remastered,"Nintendo Switch, PlayStation 5, PlayStation 4, PC, iOS (iPhone/iPad)",27/03/2025,81,7.3,9,15,"Square Enix, Arc System Works",JRPG,E10+,https://www.metacritic.com/game/saga-frontier-2-remastered/
Dragon Ball: Gekishin Squadra,"PC, iOS (iPhone/iPad), PlayStation 4, Nintendo Switch, PlayStation 5",09/09/2025,81,6.2,9,24,Bandai Namco Games,MOBA,T,https://www.metacritic.com/game/dragon-ball-gekishin-squadra/
Suikoden I & II HD Remaster: Gate Rune and Dunan Unification Wars,"Nintendo Switch 2, Nintendo Switch, Xbox One, PlayStation 4, PC, Xbox Series X, PlayStation 5",06/03/2025,81,8.2,29,106,Konami,Compilation,T,https://www.metacritic.com/game/suikoden-i-and-ii-hd-remaster-gate-rune-and-dunan/
Tiny Bookshop,"PC, Nintendo Switch, PlayStation 5",07/08/2025,81,6.2,17,10,Skystone Games,Tycoon,Not Rated,https://www.metacritic.com/game/tiny-bookshop/
The Darkest Files,"PC, Nintendo Switch",25/03/2025,80,7.6,8,14,Paintbucket Games,First-Person Adventure,Not Rated,https://www.metacritic.com/game/the-darkest-files/
F1 25,"PlayStation 5, Xbox Series X, PC",30/05/2025,80,7.5,44,94,Electronic Arts,Auto Racing Sim,E,https://www.metacritic.com/game/f1-25/
Tempest Rising,PC,21/04/2025,80,7.4,40,57,3D Realms,Real-Time Strategy,Not Rated,https://www.metacritic.com/game/tempest-rising/
Slender Threads,"PC, Nintendo Switch",07/02/2025,80,6.8,10,12,Blyts,Point-and-Click,Not Rated,https://www.metacritic.com/game/slender-threads/
Disgaea 7 Complete,"PlayStation 5, PlayStation 4, Nintendo Switch, Nintendo Switch 2",10/10/2025,80,6,13,5,NIS America,Turn-Based Tactics,T,https://www.metacritic.com/game/disgaea-7-complete/
The King is Watching,"PC, Nintendo Switch",21/07/2025,80,7.3,10,12,tinyBuild,Card Battle,Not Rated,https://www.metacritic.com/game/the-king-is-watching/
PGA TOUR 2K25,"PlayStation 5, Xbox Series X, PC, Nintendo Switch 2",28/02/2025,80,5.5,29,44,"2K Games, Take-Two Interactive",Golf Sim,E,https://www.metacritic.com/game/pga-tour-2k25/
Ninja Gaiden 2 Black,"Xbox Series X, PC, PlayStation 5",23/01/2025,80,7.9,23,299,Koei Tecmo Games,Action Adventure,M,https://www.metacritic.com/game/ninja-gaiden-2-black/
Wanderstop,"PC, PlayStation 5, Xbox Series X",11/03/2025,80,6.4,43,30,Annapurna Interactive,Third-Person Adventure,Not Rated,https://www.metacritic.com/game/wanderstop/
Fantasy Life i: The Girl Who Steals Time,"Nintendo Switch, PlayStation 5, PlayStation 4, PC, Xbox Series X, Nintendo Switch 2",21/05/2025,80,8.4,24,134,Level 5,Virtual Life,E10+,https://www.metacritic.com/game/fantasy-life-i-the-girl-who-steals-time/
Old Skies,"PC, Nintendo Switch",23/04/2025,80,7.2,26,17,Wadjet Eye Games,Point-and-Click,Not Rated,https://www.metacritic.com/game/old-skies/
Ready or Not,"PC, Xbox Series X, PlayStation 5",15/07/2025,80,6.4,28,125,VOID Interactive,Tactical FPS,M,https://www.metacritic.com/game/ready-or-not/
Avowed,"Xbox Series X, PC",18/02/2025,80,6.8,86,2089,Xbox Game Studios,Action RPG,M,https://www.metacritic.com/game/avowed/
Hello Kitty Island Adventure,"iOS (iPhone/iPad), Nintendo Switch, PlayStation 5, PlayStation 4, PC, Xbox Series X, Nintendo Switch 2",30/01/2025,80,7,23,43,"Sunblink, U&I Entertainment",Virtual Life,E,https://www.metacritic.com/game/hello-kitty-island-adventure/
Atelier Yumia: The Alchemist of Memories & The Envisioned Land,"Nintendo Switch, PlayStation 5, Xbox Series X, PC, PlayStation 4, Xbox One",21/03/2025,80,8.1,35,113,Koei Tecmo Games,JRPG,T,https://www.metacritic.com/game/atelier-yumia-the-alchemist-of-memories-and-the/
Spilled!,PC,26/03/2025,80,7.3,8,13,Lente,Strategy,Not Rated,https://www.metacritic.com/game/spilled/
Birdigo - bird word game,PC,30/07/2025,80,,7,0,GameTeam6,Logic Puzzle,Not Rated,https://www.metacritic.com/game/birdigo-bird-word-game/
The Rogue Prince of Persia,"PC, Nintendo Switch 2, PlayStation 5, Nintendo Switch, Xbox Series X",20/08/2025,80,7.4,32,116,Ubisoft,2D Platformer,Not Rated,https://www.metacritic.com/game/the-rogue-prince-of-persia/
Time Flies,"PC, PlayStation 5, Nintendo Switch",31/07/2025,80,7.6,11,7,Panic Inc.,Adventure,M,https://www.metacritic.com/game/time-flies/
Broken Arrow,PC,19/06/2025,80,7.2,10,17,Slitherine,Real-Time Tactics,Not Rated,https://www.metacritic.com/game/broken-arrow/
Stories from Sol: The Gun-Dog,"PC, Nintendo Switch, PlayStation 5, PlayStation 4",20/02/2025,80,8.1,11,15,Astrolabe Games,Visual Novel,Not Rated,https://www.metacritic.com/game/stories-from-sol-the-gun-dog/
Fatal Fury: City of the Wolves,"PlayStation 5, Xbox Series X, PC, PlayStation 4",24/04/2025,80,6.2,50,69,SNK Corporation,2D Fighting,T,https://www.metacritic.com/game/fatal-fury-city-of-the-wolves/
Amerzone - The Explorer's Legacy,"PC, Xbox Series X, PlayStation 5",24/04/2025,80,8.4,20,26,Microids,Point-and-Click,T,https://www.metacritic.com/game/amerzone-the-explorers-legacy-2024/
WWE 2K25,"PlayStation 5, Xbox Series X, PC, PlayStation 4, Xbox One, Nintendo Switch 2",14/03/2025,80,6.2,52,143,"2K Games, Take-Two Interactive",Wrestling,T,https://www.metacritic.com/game/wwe-2k25/
Koira,"PC, PlayStation 5",01/04/2025,80,7.5,17,15,DONTNOD Entertainment,Adventure,Not Rated,https://www.metacritic.com/game/koira/
Tales of Xillia Remastered,"PC, Xbox Series X, Nintendo Switch, PlayStation 5",31/10/2025,80,7.5,28,29,Bandai Namco Games,Action RPG,T,https://www.metacritic.com/game/tales-of-xillia-remastered/
Shotgun Cop Man,"PC, Nintendo Switch",01/05/2025,80,7,14,10,Devolver Digital,2D Platformer,Not Rated,https://www.metacritic.com/game/shotgun-cop-man/
Consume Me,PC,25/09/2025,80,5.8,17,10,Hexecutable,Adventure,Not Rated,https://www.metacritic.com/game/consume-me/
Neon Inferno,"PC, PlayStation 5, Xbox Series X, Nintendo Switch, PlayStation 4, Xbox One",20/11/2025,80,6.4,12,7,Retroware,2D Beat-'Em-Up,Not Rated,https://www.metacritic.com/game/neon-inferno/
Stronghold Crusader: Definitive Edition,PC,15/07/2025,80,8.8,19,18,FireFly Studios,Real-Time Strategy,Not Rated,https://www.metacritic.com/game/stronghold-crusader-definitive-edition/
FAST Fusion,Nintendo Switch 2,05/06/2025,80,7.3,32,80,Shin'en,Future Racing,E,https://www.metacritic.com/game/fast-fusion/
Tainted Grail: The Fall of Avalon,"PC, PlayStation 5, Xbox Series X",23/05/2025,80,7.6,34,207,Awaken Realms,Western RPG,Not Rated,https://www.metacritic.com/game/tainted-grail-the-fall-of-avalon/
Total Chaos,"PC, Xbox Series X, PlayStation 5",20/11/2025,80,6.6,7,51,Apogee Entertainment,Survival,Not Rated,https://www.metacritic.com/game/total-chaos/
The Elder Scrolls IV: Oblivion Remastered,"PC, Xbox Series X, PlayStation 5",22/04/2025,80,7.5,42,822,Bethesda Softworks,Western RPG,M,https://www.metacritic.com/game/the-elder-scrolls-iv-oblivion-remastered/
Keeper,"PC, Xbox Series X",17/10/2025,80,7.6,60,196,Xbox Game Studios,Action Adventure,E10+,https://www.metacritic.com/game/keeper/
Sunderfolk,"PlayStation 5, Xbox Series X, PC, Nintendo Switch",23/04/2025,79,7.9,10,11,Dreamhaven,Turn-Based Tactics,Not Rated,https://www.metacritic.com/game/sunderfolk/
Kill The Brickman,"PC, Xbox One, Xbox Series X",21/08/2025,79,,8,0,poncle,Arcade,Not Rated,https://www.metacritic.com/game/kill-the-brickman/
Lushfoil Photography Sim,"PC, PlayStation 5, Xbox Series X",15/04/2025,79,6.8,10,8,Annapurna Interactive,Simulation,Not Rated,https://www.metacritic.com/game/lushfoil-photography-sim/
Tom Clancy's Rainbow Six Siege X,"PC, Xbox One, PlayStation 5, Xbox Series X, PlayStation 4",10/06/2025,79,6.3,10,147,Ubisoft,Tactical FPS,Not Rated,https://www.metacritic.com/game/tom-clancys-rainbow-six-siege-x/
The Horror at Highrook,PC,01/05/2025,79,,9,0,Nullpointer Games,RPG,Not Rated,https://www.metacritic.com/game/the-horror-at-highrook/
Gears of War: Reloaded,"Xbox Series X, PC, PlayStation 5",26/08/2025,79,6.7,59,196,"Microsoft Corporation, Microsoft Game Studios",Third Person Shooter,M,https://www.metacritic.com/game/gears-of-war-reloaded/
Dynasty Warriors: Origins,"PlayStation 5, PC, Xbox Series X, Nintendo Switch 2",17/01/2025,79,8.1,79,258,Koei Tecmo Games,3D Beat-'Em-Up,T,https://www.metacritic.com/game/dynasty-warriors-origins/
Discounty,"PC, Xbox Series X, Nintendo Switch, PlayStation 5, PlayStation 4, Xbox One",21/08/2025,79,6.9,16,20,PQube,Virtual Career,Not Rated,https://www.metacritic.com/game/discounty/
Rift of the NecroDancer,"PC, Nintendo Switch",05/02/2025,79,7.9,16,22,Brace Yourself Games,Rhythm,Not Rated,https://www.metacritic.com/game/rift-of-the-necrodancer/
Everhood 2,"Nintendo Switch, PC",04/03/2025,79,8,12,13,Foreign Gnomes,RPG,Not Rated,https://www.metacritic.com/game/everhood-2/
Dying Light: The Beast,"PC, Xbox Series X, PlayStation 5",18/09/2025,79,8.2,83,786,Techland,Survival,Not Rated,https://www.metacritic.com/game/dying-light-the-beast/
Like a Dragon: Pirate Yakuza in Hawaii,"PlayStation 5, Xbox Series X, PC, PlayStation 4, Xbox One",21/02/2025,79,7.9,97,253,Sega,Action Adventure,M,https://www.metacritic.com/game/like-a-dragon-pirate-yakuza-in-hawaii/
Lunar Remastered Collection,"PlayStation 4, Xbox One, PC, Nintendo Switch",18/04/2025,79,7.3,15,27,"GungHo, Clear River Games, Clouded Leopard Entertainment",Compilation,T,https://www.metacritic.com/game/lunar-remastered-collection/
Is This Seat Taken?,"PC, iOS (iPhone/iPad), Nintendo Switch",07/08/2025,79,8,16,21,Wholesome Games Presents,Puzzle,Not Rated,https://www.metacritic.com/game/is-this-seat-taken/
Skin Deep,PC,30/04/2025,79,5,16,8,Annapurna Interactive,FPS,Not Rated,https://www.metacritic.com/game/skin-deep/
Once Upon a KATAMARI,"Nintendo Switch, PlayStation 5, Xbox Series X, PC",24/10/2025,79,7.8,35,17,Bandai Namco Games,3D Platformer,E,https://www.metacritic.com/game/once-upon-a-katamari/
Kirby Air Riders,Nintendo Switch 2,20/11/2025,79,8.8,113,492,Nintendo,Arcade Racing,E10+,https://www.metacritic.com/game/kirby-air-riders/
SpongeBob SquarePants: Titans of the Tide,"PlayStation 5, Xbox Series X, PC, Nintendo Switch 2",18/11/2025,79,8.7,16,44,THQ Nordic,3D Platformer,E10+,https://www.metacritic.com/game/spongebob-squarepants-titans-of-the-tide/
ROUTINE,"PC, Xbox Series X, Xbox One",04/12/2025,79,7.5,30,84,Raw Fury,Survival,Not Rated,https://www.metacritic.com/game/routine/
Monsters Are Coming! Rock & Road,"PC, Xbox Series X",20/11/2025,79,6.6,8,7,Raw Fury,Defense,Not Rated,https://www.metacritic.com/game/monsters-are-coming-rock-and-road/
LEGO Voyagers,"PC, Nintendo Switch, Xbox Series X, PlayStation 4, PlayStation 5, Nintendo Switch 2",15/09/2025,79,7.4,31,27,Annapurna Interactive,Action Adventure,E,https://www.metacritic.com/game/lego-voyagers/
The Jackbox Party Pack 11,"PlayStation 5, Xbox Series X, PC, PlayStation 4, Xbox One, Nintendo Switch",23/10/2025,79,,9,0,"Jackbox Games, Inc.",Party,Not Rated,https://www.metacritic.com/game/the-jackbox-party-pack-11/
Hyrule Warriors: Age of Imprisonment,Nintendo Switch 2,06/11/2025,79,8.6,108,247,"Nintendo, Koei Tecmo Games",3D Beat-'Em-Up,T,https://www.metacritic.com/game/hyrule-warriors-age-of-imprisonment/
Jotunnslayer: Hordes of Hel,"PC, Xbox Series X, PlayStation 5",03/09/2025,79,6.3,7,16,Grindstone,Action RPG,Not Rated,https://www.metacritic.com/game/jotunnslayer-hordes-of-hel/
Sid Meier's Civilization VII,"PC, PlayStation 5, Xbox Series X, Xbox One, PlayStation 4, Nintendo Switch, Nintendo Switch 2",11/02/2025,79,3.8,105,404,2K Games,4X Strategy,E10+,https://www.metacritic.com/game/sid-meiers-civilization-vii/
No Sleep for Kaname Date - From AI: The Somnium Files,"Nintendo Switch, PC, Nintendo Switch 2, Xbox Series X, PlayStation 4, PlayStation 5",25/07/2025,79,5.8,26,21,Spike Chunsoft,Action Adventure,M,https://www.metacritic.com/game/no-sleep-for-kaname-date-from-ai-the-somnium-files/
Luto,Unknown,22/07/2025,79,7.4,13,0,Unknown,Unknown,M,https://www.metacritic.com/game/luto/
Metroid Prime 4: Beyond,Unknown,04/12/2025,78,8.2,122,0,Unknown,Unknown,T,https://www.metacritic.com/game/metroid-prime-4-beyond/
Digimon Story Time Stranger,Unknown,03/10/2025,78,9.1,63,0,Unknown,Unknown,T,https://www.metacritic.com/game/digimon-story-time-stranger/
The First Berserker: Khazan,Unknown,27/03/2025,78,7.9,48,0,Unknown,Unknown,M,https://www.metacritic.com/game/the-first-berserker-khazan/
